-- MySQL dump 10.13  Distrib 8.0.23, for Linux (x86_64)
--
-- Host: localhost    Database: airbnb
-- ------------------------------------------------------
-- Server version	8.0.23-0ubuntu0.20.10.1

/*!40101 SET @OLD_CHARACTER_SET_CLIENT=@@CHARACTER_SET_CLIENT */;
/*!40101 SET @OLD_CHARACTER_SET_RESULTS=@@CHARACTER_SET_RESULTS */;
/*!40101 SET @OLD_COLLATION_CONNECTION=@@COLLATION_CONNECTION */;
/*!50503 SET NAMES utf8mb4 */;
/*!40103 SET @OLD_TIME_ZONE=@@TIME_ZONE */;
/*!40103 SET TIME_ZONE='+00:00' */;
/*!40014 SET @OLD_UNIQUE_CHECKS=@@UNIQUE_CHECKS, UNIQUE_CHECKS=0 */;
/*!40014 SET @OLD_FOREIGN_KEY_CHECKS=@@FOREIGN_KEY_CHECKS, FOREIGN_KEY_CHECKS=0 */;
/*!40101 SET @OLD_SQL_MODE=@@SQL_MODE, SQL_MODE='NO_AUTO_VALUE_ON_ZERO' */;
/*!40111 SET @OLD_SQL_NOTES=@@SQL_NOTES, SQL_NOTES=0 */;

--
-- Temporary view structure for view `Active_Users_List`
--

DROP TABLE IF EXISTS `Active_Users_List`;
/*!50001 DROP VIEW IF EXISTS `Active_Users_List`*/;
SET @saved_cs_client     = @@character_set_client;
/*!50503 SET character_set_client = utf8mb4 */;
/*!50001 CREATE VIEW `Active_Users_List` AS SELECT 
 1 AS `id`*/;
SET character_set_client = @saved_cs_client;

--
-- Temporary view structure for view `Albanian_o_impression`
--

DROP TABLE IF EXISTS `Albanian_o_impression`;
/*!50001 DROP VIEW IF EXISTS `Albanian_o_impression`*/;
SET @saved_cs_client     = @@character_set_client;
/*!50503 SET character_set_client = utf8mb4 */;
/*!50001 CREATE VIEW `Albanian_o_impression` AS SELECT 
 1 AS `id`,
 1 AS `head`*/;
SET character_set_client = @saved_cs_client;

--
-- Temporary view structure for view `Avtive_Users_List`
--

DROP TABLE IF EXISTS `Avtive_Users_List`;
/*!50001 DROP VIEW IF EXISTS `Avtive_Users_List`*/;
SET @saved_cs_client     = @@character_set_client;
/*!50503 SET character_set_client = utf8mb4 */;
/*!50001 CREATE VIEW `Avtive_Users_List` AS SELECT 
 1 AS `id`*/;
SET character_set_client = @saved_cs_client;

--
-- Table structure for table `accounts`
--

DROP TABLE IF EXISTS `accounts`;
/*!40101 SET @saved_cs_client     = @@character_set_client */;
/*!50503 SET character_set_client = utf8mb4 */;
CREATE TABLE `accounts` (
  `user_id` int unsigned NOT NULL COMMENT 'Ссылка на пользователя',
  `gender` char(1) CHARACTER SET utf8mb4 COLLATE utf8mb4_unicode_ci NOT NULL COMMENT 'Пол',
  `idcards_id` int unsigned DEFAULT NULL,
  `contact_names_id` int unsigned DEFAULT NULL,
  `birthday` date NOT NULL COMMENT 'Дата рождения',
  `addr` varchar(150) CHARACTER SET utf8mb4 COLLATE utf8mb4_unicode_ci DEFAULT NULL COMMENT 'Адрес проживания пользователя',
  `created_at` datetime DEFAULT CURRENT_TIMESTAMP COMMENT 'Время создания строки',
  `updated_at` datetime DEFAULT CURRENT_TIMESTAMP ON UPDATE CURRENT_TIMESTAMP COMMENT 'Время обновления строки',
  PRIMARY KEY (`user_id`),
  KEY `idcards_id` (`idcards_id`),
  KEY `contact_names_id` (`contact_names_id`),
  CONSTRAINT `accounts_ibfk_2` FOREIGN KEY (`idcards_id`) REFERENCES `idcards` (`id`),
  CONSTRAINT `accounts_ibfk_3` FOREIGN KEY (`contact_names_id`) REFERENCES `contact_names` (`id`),
  CONSTRAINT `accounts_ibfk_4` FOREIGN KEY (`user_id`) REFERENCES `users` (`id`) ON DELETE CASCADE
) ENGINE=InnoDB DEFAULT CHARSET=utf8mb4 COLLATE=utf8mb4_unicode_ci COMMENT='Аккаунты';
/*!40101 SET character_set_client = @saved_cs_client */;

--
-- Dumping data for table `accounts`
--

LOCK TABLES `accounts` WRITE;
/*!40000 ALTER TABLE `accounts` DISABLE KEYS */;
INSERT INTO `accounts` VALUES (1,'f',27,24,'1993-09-25','88878 Abshire Union\nDickichester, GA 03583','2005-04-27 18:29:19','2021-02-05 15:06:29'),(2,'f',94,80,'1982-05-16','90272 Cullen Pass Suite 363\nNorth Ova, AR 79414','2000-11-11 07:29:32','2021-02-05 15:06:29'),(3,'m',88,27,'1973-01-19','758 Rossie Station Suite 077\nDavonstad, NE 01618','2005-09-28 16:25:10','2021-02-05 15:06:29'),(4,'m',58,93,'2018-10-28','7221 Deckow Underpass Suite 472\nNew Kailey, SD 53077-1281','1988-09-10 21:56:50','2021-02-05 15:06:29'),(5,'f',26,84,'1994-08-29','244 Reilly Island\nConnertown, OH 10455','2003-07-01 19:28:20','2021-02-05 15:06:29'),(6,'m',56,42,'1973-10-17','655 Baylee View Apt. 782\nUnaland, CT 49813','1988-04-07 22:27:41','2021-02-05 15:06:29'),(7,'f',1,57,'2003-02-22','75035 Lavern Run Apt. 927\nEast Akeemmouth, OR 57182-0022','2019-06-05 21:37:45','2021-02-05 15:06:29'),(8,'f',37,60,'1983-07-01','4057 Ophelia Manors\nHellerview, AZ 62378-5409','2010-09-25 10:44:17','2021-02-05 15:06:29'),(9,'m',82,28,'1986-08-20','5739 Ashlynn Field\nSwiftbury, NC 19369','2002-02-03 07:04:53','2021-02-05 15:06:29'),(10,'f',97,61,'1997-08-11','3185 Mosciski Shore Suite 342\nDonnellybury, IA 89390-3457','2020-07-05 22:57:43','2021-02-05 15:06:29'),(11,'m',37,18,'1991-11-05','959 Kayli Village\nJacebury, UT 30474','2019-10-07 07:28:37','2021-02-05 15:06:29'),(12,'f',96,8,'1970-01-15','15126 Daniel Street\nNorth Bartholome, OR 59413-6468','1971-08-10 10:32:15','2021-02-05 15:06:29'),(13,'f',69,86,'1994-06-27','557 Maverick Via Suite 854\nMaudietown, OR 44806','1985-02-28 06:50:39','2021-02-05 15:06:29'),(14,'m',58,3,'1987-12-26','26920 Beahan Squares Apt. 434\nHowehaven, FL 60893-3983','1994-08-03 01:28:32','2021-02-05 15:06:29'),(15,'f',79,59,'1980-03-16','0602 Marge Falls\nNew Mireille, IA 04968','1998-08-21 17:57:36','2021-02-05 15:06:29'),(16,'f',21,84,'1996-02-26','8285 Victoria Street Suite 691\nKyleeport, WY 88935-4872','1984-08-19 09:03:37','2021-02-05 15:06:29'),(17,'f',68,45,'2006-12-22','85758 Schultz Springs Suite 198\nSouth Brycechester, LA 17649-8845','1988-09-07 13:16:29','2021-02-05 15:06:29'),(18,'m',75,71,'2005-08-09','186 Rosalyn Prairie\nSouth Maxietown, CT 03262','1970-09-19 23:06:34','2021-02-05 15:06:29'),(19,'f',70,20,'2009-09-11','41941 Mante Causeway\nEast Fionaside, WA 97643','1985-12-05 07:11:45','2021-02-05 15:06:29'),(20,'f',25,86,'1977-12-13','262 Macy Trafficway\nDooleymouth, MA 85673-3594','2009-12-11 06:04:33','2021-02-05 15:06:29'),(21,'m',15,69,'1989-11-04','45625 Lois Vista Suite 654\nKlockoton, DE 07372-9746','1997-03-20 16:08:52','2021-02-05 15:06:29'),(22,'m',100,89,'1982-04-21','675 Christopher Falls\nWest Emmanuel, KY 75978','1989-03-05 18:28:02','2021-02-05 15:06:29'),(23,'f',55,36,'1980-03-14','53307 Pansy Points\nPfefferland, IN 49030-9612','1976-01-11 00:16:45','2021-02-05 15:06:29'),(24,'m',74,13,'2019-08-13','2516 Cronin Pines Apt. 443\nKeeblertown, TX 60156','1972-01-06 03:53:21','2021-02-05 15:06:29'),(25,'f',4,57,'2019-12-27','739 Arnulfo Unions Apt. 200\nSouth Daniela, SD 10650','1984-08-19 03:20:45','2021-02-05 15:06:29'),(26,'f',97,47,'1983-01-31','17911 West Glen Suite 329\nPort Luemouth, MN 24591','1974-02-03 07:57:37','2021-02-05 15:06:29'),(27,'f',73,62,'1975-11-07','40764 Bernadine View Suite 556\nSchulisthaven, WV 61724','2014-09-13 18:32:15','2021-02-05 15:06:29'),(28,'f',73,68,'1991-12-11','8872 Ofelia Drives Suite 735\nSofiaborough, AZ 02217','1984-02-11 08:18:12','2021-02-05 15:06:29'),(29,'f',46,54,'1974-07-25','115 Huels Lodge Apt. 576\nWest Kristin, HI 85489','2004-06-05 02:35:57','2021-02-05 15:06:29'),(30,'m',10,65,'1983-07-23','61090 Tamia Bypass Suite 363\nDevantechester, WY 04473','2006-03-21 02:50:55','2021-02-05 15:06:29'),(31,'m',11,63,'2002-02-20','2121 Stroman Highway Apt. 718\nConsidineside, MI 96593-5270','1982-07-06 01:19:42','2021-02-05 15:06:29'),(32,'m',23,21,'2020-03-17','80729 Abe Road Suite 177\nLake Hattieborough, NC 81262','2013-01-15 20:57:47','2021-02-05 15:06:29'),(33,'m',85,16,'2015-03-05','5461 Will Village\nNorth Kiaramouth, WA 96421-8628','1997-01-01 06:12:47','2021-02-05 15:06:29'),(34,'m',52,14,'1970-10-12','9238 Brian Route Apt. 058\nNorth Mateoville, NH 34941','2014-10-02 09:35:26','2021-02-05 15:06:29'),(35,'m',6,22,'1987-11-05','247 Terrill Lock\nGradychester, NH 98265-1824','1991-09-19 15:48:00','2021-02-05 15:06:29'),(36,'m',74,69,'1984-07-22','036 Raymundo Plaza Apt. 525\nLake Mitchell, KS 60418-6813','1999-04-14 20:10:42','2021-02-05 15:06:29'),(37,'m',49,76,'2012-09-07','481 Charlie Cove Suite 908\nSouth Janie, AR 80161-1081','1992-02-07 17:28:00','2021-02-05 15:06:29'),(38,'f',26,72,'1988-05-04','546 Marlene Parkway\nNorth Ian, NH 47977-9052','2014-07-02 09:46:31','2021-02-05 15:06:29'),(39,'m',82,32,'1992-09-24','106 Ondricka Branch\nEast Kimberlyshire, MS 72562-6479','2016-04-02 00:23:29','2021-02-05 15:06:29'),(40,'f',29,43,'2018-04-21','441 Tyler Unions\nNorth Tanyabury, VA 52743','2002-06-23 15:22:58','2021-02-05 15:06:29'),(41,'m',100,21,'1988-11-26','20888 Herman Circles\nNew Adolfoside, TN 43916-1811','1983-08-03 13:55:59','2021-02-05 15:06:29'),(42,'f',14,73,'1972-05-22','16200 Dedric Corner\nLake Esteban, IA 84244-2458','2014-02-23 21:19:28','2021-02-05 15:06:29'),(43,'m',70,4,'1977-10-25','354 Funk Center Suite 817\nFredericside, ND 91787-2164','2012-09-26 22:30:30','2021-02-05 15:06:29'),(44,'f',7,1,'1992-09-26','63437 Zachary Station Apt. 741\nKovacekfurt, PA 36603-6913','1985-02-28 15:03:59','2021-02-05 15:06:29'),(45,'m',23,90,'1987-02-14','02905 Quinn Meadow Suite 641\nPort Gaetano, WV 35735','1974-07-15 07:15:41','2021-02-05 15:06:29'),(46,'m',94,48,'2013-04-01','242 Farrell Extension Apt. 717\nLake Andresport, KS 66321','1985-04-21 12:25:42','2021-02-05 15:06:29'),(47,'m',99,69,'2000-11-24','96094 Torey Spur Apt. 332\nUnaport, VT 83725','2018-08-09 16:22:39','2021-02-05 15:06:29'),(48,'m',13,1,'1989-06-15','3556 Nora Center Suite 156\nElmoreton, MT 50774','1996-06-04 02:15:17','2021-02-05 15:06:29'),(49,'f',66,96,'1993-09-04','8292 Avis Crossroad Apt. 851\nShakirafort, WV 95280','1989-09-03 23:11:59','2021-02-05 15:06:29'),(50,'f',93,77,'2016-03-27','3188 Gay Haven Apt. 308\nLake Christina, TN 24397-7764','1978-10-13 12:28:30','2021-02-05 15:06:29'),(51,'m',66,97,'1980-08-07','0010 Gaylord Island\nHelenabury, KY 61220','1973-03-20 07:38:41','2021-02-05 15:06:29'),(52,'m',51,52,'1970-10-12','9479 Izaiah Hollow\nEast Deangelo, MD 65661','2001-02-28 13:34:13','2021-02-05 15:06:29'),(53,'m',55,69,'2008-10-29','51233 Dorthy Corner Suite 977\nWest Josue, UT 23128-6775','1995-04-04 22:13:11','2021-02-05 15:06:29'),(54,'f',20,89,'2017-04-27','18380 Jast Way\nStreichfurt, MT 62258-4389','1973-07-13 22:34:57','2021-02-05 15:06:29'),(55,'f',37,37,'1986-11-22','89233 Haley Vista\nLake Garnet, WI 57100','2009-05-20 03:43:05','2021-02-05 15:06:29'),(56,'f',23,18,'1993-04-26','720 Shyanne Springs\nLake Kailey, IN 01148-2857','2005-06-13 20:49:18','2021-02-05 15:06:29'),(57,'m',6,79,'1994-03-20','58900 Marques Fork Suite 636\nLake Busterstad, NV 66095-7434','2006-05-22 03:21:11','2021-02-05 15:06:29'),(58,'m',59,40,'2011-11-24','0988 Smith Ville Suite 976\nPfannerstillfort, AZ 15102-8022','2013-10-08 11:16:05','2021-02-05 15:06:29'),(59,'f',76,64,'1982-09-01','2279 America Greens Suite 438\nReyside, AL 07819-9958','2002-09-09 22:27:57','2021-02-05 15:06:29'),(60,'m',3,99,'2002-09-04','429 Jeffrey Common\nEast Oral, ID 25421','1995-05-10 18:49:31','2021-02-05 15:06:29'),(61,'m',84,4,'2014-08-31','704 Bartoletti Walks Suite 642\nSouth Trevionland, FL 63830-3912','1982-12-31 20:15:57','2021-02-05 15:06:29'),(62,'f',14,19,'2015-09-27','94183 Kirlin Tunnel Apt. 258\nSchillerport, NC 05791','1977-08-07 09:46:52','2021-02-05 15:06:29'),(63,'f',15,86,'1992-04-19','38403 Holly Lodge Apt. 971\nPort Jessikaside, GA 24585-5176','2004-10-14 20:28:33','2021-02-05 15:06:29'),(64,'m',35,70,'1998-07-02','862 Reilly Avenue Apt. 175\nWest Josiah, ID 08858','1973-06-14 06:15:20','2021-02-05 15:06:29'),(65,'m',27,92,'1981-10-31','01146 Ervin View Apt. 843\nGrahamport, AL 90653-6275','1979-10-04 19:44:35','2021-02-05 15:06:29'),(66,'f',30,49,'1979-09-20','0314 Satterfield Park\nWest Marguerite, GA 39758-7093','2013-01-20 20:53:50','2021-02-05 15:06:29'),(67,'f',67,69,'2003-10-18','762 Morar Stream Apt. 137\nCierraside, MT 00057','1989-02-09 07:22:16','2021-02-05 15:06:29'),(68,'f',46,97,'2011-12-05','1902 Silas Route Apt. 243\nLake Tressieport, MI 00112-3398','1998-08-14 17:18:52','2021-02-05 15:06:29'),(69,'m',28,76,'1970-02-12','47223 Frances Union\nNew Gianniborough, MT 20938-1741','1996-07-25 17:23:44','2021-02-05 15:06:29'),(70,'f',3,89,'2020-03-23','0391 Savanah Mountain\nOfeliafort, FL 36179','1996-10-26 06:36:12','2021-02-05 15:06:29'),(71,'m',31,17,'1987-06-25','25554 Hoeger Brooks Suite 487\nEast Jessyfort, WV 00994','1984-10-12 05:26:19','2021-02-05 15:06:29'),(72,'m',43,18,'2018-11-03','71895 Simonis Rapid Apt. 920\nErnestofort, NE 98996-7617','2005-09-04 00:02:20','2021-02-05 15:06:29'),(73,'m',23,40,'1977-06-02','395 Anastacio Prairie\nCelestineton, LA 18872-9559','1983-01-14 05:27:07','2021-02-05 15:06:29'),(74,'m',86,44,'1983-11-14','79479 Mariane Brooks Suite 981\nJordonhaven, WI 72958-0740','2009-12-13 16:26:48','2021-02-05 15:06:29'),(75,'m',62,1,'2013-05-15','370 Ollie Lock Suite 517\nSouth Maxime, WI 72007-5366','2000-11-03 10:59:24','2021-02-05 15:06:29'),(76,'m',49,71,'1994-12-23','60805 Vesta Course\nAlexiebury, NY 21604-4939','1997-03-03 00:58:47','2021-02-05 15:06:29'),(77,'f',60,50,'1983-06-10','789 Graham Turnpike\nWest Katharinatown, CA 98499','2004-07-08 12:56:22','2021-02-05 15:06:29'),(78,'m',51,39,'1982-06-27','9188 Brown Trail Apt. 791\nMarvinport, SD 95817-8974','1983-10-21 19:05:41','2021-02-05 15:06:29'),(79,'m',76,45,'2010-05-14','518 Hoppe Avenue\nSouth Minerva, SD 47187','2005-12-22 22:28:08','2021-02-05 15:06:29'),(80,'f',27,7,'2005-06-05','307 Norbert Turnpike Apt. 873\nWest Shannaburgh, NV 03313-0861','1978-08-06 16:07:57','2021-02-05 15:06:29'),(81,'f',5,100,'1999-09-04','8792 Schaden Prairie\nKuhlmanmouth, UT 62407','2002-05-08 02:07:26','2021-02-05 15:06:29'),(82,'f',43,76,'2009-04-09','7872 Thompson Village\nJanisborough, MA 30130-5323','2006-05-02 14:48:18','2021-02-05 15:06:29'),(83,'f',100,81,'2014-07-24','120 Beier Rest Apt. 327\nLake Baby, MS 23671','1992-05-27 14:43:37','2021-02-05 15:06:29'),(84,'f',70,76,'1992-08-14','1553 McGlynn Roads\nNorth Camila, SD 01048-4113','2004-08-06 00:40:24','2021-02-05 15:06:29'),(85,'m',52,36,'2003-11-25','4629 Kathryn Knoll Suite 774\nSouth Autumnstad, MI 82855-6085','1970-05-25 01:39:28','2021-02-05 15:06:29'),(86,'m',47,52,'2021-02-03','1652 Krystina Viaduct Apt. 314\nHermistonborough, WV 55968','2013-05-25 09:34:10','2021-02-05 15:06:29'),(87,'f',81,53,'1981-11-02','349 Kreiger Ville\nPort Nikolas, NC 47023-6718','1975-11-08 12:50:07','2021-02-05 15:06:29'),(88,'m',60,9,'1977-02-09','17119 Aliya Shores\nNew Aronport, WV 08674-4777','1988-02-17 02:21:59','2021-02-05 15:06:29'),(89,'m',59,83,'1970-06-17','536 Maritza Ranch\nHarveyville, MN 27236-9809','1980-03-01 09:43:46','2021-02-05 15:06:29'),(90,'f',14,89,'1980-10-26','78400 Amir Islands Suite 690\nLindburgh, MS 95068','1976-11-03 18:28:54','2021-02-05 15:06:29'),(91,'m',91,96,'1998-05-02','0996 Kuphal Wells\nSouth Elmer, WA 46386','2020-05-10 14:02:39','2021-02-05 15:06:29'),(92,'f',12,12,'1984-01-20','79814 Sophia Court Apt. 801\nLarrymouth, ID 65792','1997-02-05 09:21:56','2021-02-05 15:06:29'),(93,'f',86,71,'1986-12-01','4357 Brad Drive Suite 309\nWest Carolynefurt, AZ 20150','1978-10-07 14:15:39','2021-02-05 15:06:29'),(94,'f',96,19,'2011-12-17','340 Reginald Crescent Apt. 814\nAndersonfort, AL 37700','1991-01-15 10:17:25','2021-02-05 15:06:29'),(95,'m',19,82,'2007-06-03','7673 Morris Tunnel\nSouth Briafurt, MA 99714-4809','1999-08-30 06:27:07','2021-02-05 15:06:29'),(96,'m',9,54,'2003-10-15','51158 Hipolito Pass Apt. 700\nLake Asha, CO 60600','2014-09-24 06:38:14','2021-02-05 15:06:29'),(97,'f',86,20,'2004-10-03','195 Russel Flat\nAshleeville, WY 90608-5788','2010-12-23 07:55:16','2021-02-05 15:06:29'),(98,'m',3,41,'1974-10-03','14074 Herman River\nNew Baylee, TX 13835-8818','1983-01-21 02:28:45','2021-02-05 15:06:29'),(99,'f',58,42,'1977-09-25','3909 Kuhn Branch Apt. 475\nMyrlfurt, UT 02335','2000-01-09 14:11:41','2021-02-05 15:06:29'),(100,'m',80,88,'1997-05-06','6329 Daugherty Circles\nNew Ellisland, UT 02969','1989-02-19 14:25:50','2021-02-05 15:06:29');
/*!40000 ALTER TABLE `accounts` ENABLE KEYS */;
UNLOCK TABLES;

--
-- Table structure for table `cities`
--

DROP TABLE IF EXISTS `cities`;
/*!40101 SET @saved_cs_client     = @@character_set_client */;
/*!50503 SET character_set_client = utf8mb4 */;
CREATE TABLE `cities` (
  `id` int unsigned NOT NULL AUTO_INCREMENT COMMENT 'Идентификатор строки',
  `name` text CHARACTER SET utf8mb4 COLLATE utf8mb4_unicode_ci NOT NULL COMMENT 'Название города',
  `created_at` datetime DEFAULT CURRENT_TIMESTAMP COMMENT 'Время создания строки',
  `updated_at` datetime DEFAULT CURRENT_TIMESTAMP ON UPDATE CURRENT_TIMESTAMP COMMENT 'Время обновления строки',
  PRIMARY KEY (`id`)
) ENGINE=InnoDB AUTO_INCREMENT=101 DEFAULT CHARSET=utf8mb4 COLLATE=utf8mb4_unicode_ci COMMENT='Города';
/*!40101 SET character_set_client = @saved_cs_client */;

--
-- Dumping data for table `cities`
--

LOCK TABLES `cities` WRITE;
/*!40000 ALTER TABLE `cities` DISABLE KEYS */;
INSERT INTO `cities` VALUES (1,'Elizabethstad','1984-12-24 00:50:31','2021-02-04 16:16:43'),(2,'North Chelseyview','2018-12-22 23:57:49','2021-02-04 16:16:43'),(3,'Carmellamouth','1974-03-23 03:09:15','1998-10-17 23:57:50'),(4,'New Tyrastad','1982-12-22 20:26:55','2020-07-08 19:21:24'),(5,'East Tess','2015-05-11 08:51:19','2021-02-04 16:16:43'),(6,'Padbergmouth','2007-08-04 21:35:05','2021-02-04 16:16:43'),(7,'Ratkefurt','1996-09-08 23:11:29','2021-02-04 16:16:43'),(8,'Arvelhaven','1998-03-26 13:49:01','2021-02-04 16:16:43'),(9,'New Joanneport','2020-08-01 20:27:57','2021-02-04 16:16:43'),(10,'West Gissellehaven','2008-12-16 21:38:00','2021-02-04 16:16:43'),(11,'Lake Nikkoport','2020-02-27 04:09:51','2021-02-04 16:16:43'),(12,'Port Jana','1984-09-15 11:06:08','2019-02-05 10:23:13'),(13,'Juliofurt','1999-09-14 15:37:36','2021-02-04 16:16:43'),(14,'South Salliechester','2015-09-06 12:25:23','2017-12-12 18:10:07'),(15,'West Elenor','2012-05-28 09:55:40','2021-02-04 16:16:43'),(16,'South Oliver','1976-12-16 00:12:51','1988-06-06 11:13:31'),(17,'North Demetrisfort','1978-05-26 09:44:48','2007-02-25 18:00:01'),(18,'Thelmaton','2002-07-17 16:19:29','2021-02-04 16:16:43'),(19,'Thurmantown','2009-02-01 13:41:18','2021-02-04 16:16:43'),(20,'New Elveraview','1996-04-19 16:10:11','2021-02-04 16:16:43'),(21,'Glenstad','2018-05-10 01:23:16','2021-02-04 16:16:43'),(22,'South Katlyn','1995-05-21 14:07:09','2005-08-04 19:41:17'),(23,'Margiechester','1993-02-27 21:41:23','2021-02-04 16:16:43'),(24,'New Noemihaven','1999-08-12 19:05:01','2021-02-04 16:16:43'),(25,'East Isabellton','2015-02-19 22:41:28','2021-02-04 16:16:43'),(26,'Lyricburgh','2005-05-15 00:12:18','2021-02-04 16:16:43'),(27,'North Natasha','1981-08-10 22:37:06','1998-08-02 08:16:51'),(28,'Arleneborough','1977-03-25 23:35:20','1982-03-19 12:33:34'),(29,'Collinsville','1991-01-07 17:18:26','2021-02-04 16:16:43'),(30,'West Shaylee','2005-03-16 06:39:19','2021-02-04 16:16:43'),(31,'East Whitneyshire','1971-03-31 18:38:15','2014-12-05 18:10:22'),(32,'Port Immanuel','1985-02-17 18:06:29','1991-01-27 12:17:26'),(33,'West Austen','1987-07-19 10:54:01','2017-08-12 16:25:27'),(34,'Roselynstad','2002-07-17 10:40:28','2007-01-15 00:42:42'),(35,'South Hermannberg','2008-03-07 04:30:41','2021-02-04 16:16:43'),(36,'Bahringerberg','2010-08-16 17:05:28','2021-02-04 16:16:43'),(37,'East Norbertside','1998-04-02 10:52:28','2015-05-06 12:11:14'),(38,'North Nedraton','2012-10-19 16:58:38','2021-02-04 16:16:43'),(39,'Handstad','2015-01-03 01:15:14','2021-02-04 16:16:43'),(40,'Murrayland','2007-12-05 10:35:07','2021-02-04 16:16:43'),(41,'Sabrinastad','1993-09-03 00:50:20','2007-03-18 01:38:45'),(42,'Hodkiewiczmouth','2013-10-02 10:20:43','2021-02-04 16:16:43'),(43,'West Eulahton','2016-06-01 11:51:01','2021-02-04 16:16:43'),(44,'West Jordiview','1978-04-18 17:17:42','2009-06-05 04:29:38'),(45,'Dayanamouth','1984-01-05 23:00:06','2006-12-09 22:49:14'),(46,'Nolanfort','2017-05-03 03:09:41','2021-02-04 16:16:43'),(47,'Dewittburgh','2015-12-09 14:59:06','2021-02-04 16:16:43'),(48,'Danielshire','1992-08-15 01:43:56','1996-05-24 18:44:29'),(49,'Ofeliachester','2005-01-14 19:19:42','2008-02-23 13:02:58'),(50,'Casperton','2016-02-18 07:33:36','2016-05-08 18:29:36'),(51,'Blazetown','1978-10-16 10:48:22','2007-12-21 22:08:49'),(52,'Port Jamar','1993-01-15 07:34:15','2021-02-04 16:16:43'),(53,'Hodkiewicztown','1992-03-11 10:12:08','2021-02-04 16:16:43'),(54,'Runtefurt','1979-07-08 12:46:15','2021-02-04 16:16:43'),(55,'Keiratown','2006-03-22 01:35:38','2013-12-08 04:48:15'),(56,'Roselynchester','1976-07-26 16:13:23','2014-06-09 01:22:14'),(57,'Jadeton','1982-04-24 20:51:25','2021-02-04 16:16:43'),(58,'East Rosalia','2009-04-03 14:31:15','2021-02-04 16:16:43'),(59,'South Adela','1988-12-18 02:40:48','2012-05-21 16:49:48'),(60,'Croninfort','1987-12-29 20:03:21','2004-04-13 04:00:48'),(61,'East Twila','2019-05-21 03:08:48','2020-07-06 15:36:06'),(62,'North Dawsontown','2012-04-01 02:29:58','2021-02-04 16:16:43'),(63,'North Greggtown','2018-12-13 16:34:18','2021-02-04 16:16:43'),(64,'South Palmaland','2002-05-31 01:07:50','2021-02-04 16:16:43'),(65,'Theresiaborough','1972-08-05 18:12:48','2001-07-24 12:40:37'),(66,'Kevinburgh','2004-07-21 21:15:46','2021-02-04 16:16:43'),(67,'Lake Brennan','2013-08-30 09:55:39','2021-02-04 16:16:43'),(68,'Cartwrighthaven','2005-05-02 17:08:06','2016-12-07 07:07:17'),(69,'West Carol','1983-09-14 13:24:13','1991-11-28 16:50:15'),(70,'Nickfurt','2001-12-01 17:34:15','2011-11-22 21:10:00'),(71,'Port Krista','2011-04-26 13:38:04','2016-09-07 03:44:18'),(72,'South Hymanbury','1999-08-11 21:10:21','2021-02-04 16:16:43'),(73,'East Santiagoland','2012-05-15 03:08:47','2021-02-04 16:16:43'),(74,'Zeldaview','1982-08-10 15:10:55','1999-09-24 19:10:31'),(75,'Port Jayne','1982-08-29 00:08:35','1984-08-07 22:37:11'),(76,'O\'Reillystad','1983-12-23 17:08:19','2002-08-17 11:18:59'),(77,'Deshawnview','2009-09-25 03:58:13','2021-02-04 16:16:43'),(78,'South Rickie','1973-04-03 08:53:48','1980-02-24 04:40:30'),(79,'Barbaramouth','2015-09-17 04:55:09','2016-12-16 22:00:47'),(80,'Citlallistad','1993-10-05 10:45:24','2003-03-02 07:08:10'),(81,'Dylanfort','2005-01-30 22:23:50','2021-02-04 16:16:43'),(82,'Botsfordton','1999-07-22 18:32:24','2021-02-04 16:16:43'),(83,'Zemlakstad','1986-08-30 16:39:52','2005-03-29 20:28:29'),(84,'Klockoview','2016-06-17 03:21:39','2021-02-04 16:16:43'),(85,'Hoegerview','1983-02-28 09:29:09','1991-05-17 00:50:48'),(86,'East Jefferyland','1972-03-01 19:16:32','1997-02-10 04:28:13'),(87,'Destineyview','1995-01-02 07:49:47','2021-02-04 16:16:43'),(88,'Lake Danielamouth','1972-05-25 13:42:57','2005-06-30 19:10:19'),(89,'Ronnyfort','1977-09-26 01:07:47','2004-01-21 05:57:12'),(90,'New Montana','1999-07-28 04:08:39','2002-09-10 14:02:15'),(91,'East Madisyntown','1990-06-27 12:25:40','1997-06-19 01:13:57'),(92,'Cassinview','2010-09-10 02:34:17','2021-02-04 16:16:43'),(93,'South Greg','1987-07-26 22:34:52','2004-06-15 00:12:42'),(94,'Ashtonview','2007-09-07 13:19:13','2010-10-04 09:06:22'),(95,'South Huberthaven','2016-07-25 17:30:08','2021-02-04 16:16:43'),(96,'East Shannonchester','1970-07-06 02:40:27','2014-11-11 04:31:28'),(97,'New Samantamouth','2017-11-17 03:30:18','2021-02-04 16:16:43'),(98,'East Maryjaneburgh','2006-07-13 06:10:08','2010-08-25 10:21:50'),(99,'Port Isabell','1981-06-06 07:20:35','2017-04-18 21:17:56'),(100,'Sipeshaven','2018-02-06 17:27:42','2021-02-04 16:16:43');
/*!40000 ALTER TABLE `cities` ENABLE KEYS */;
UNLOCK TABLES;

--
-- Table structure for table `comfort`
--

DROP TABLE IF EXISTS `comfort`;
/*!40101 SET @saved_cs_client     = @@character_set_client */;
/*!50503 SET character_set_client = utf8mb4 */;
CREATE TABLE `comfort` (
  `id` int unsigned NOT NULL AUTO_INCREMENT COMMENT 'Идентификатор строки',
  `name` text CHARACTER SET utf8mb4 COLLATE utf8mb4_unicode_ci NOT NULL COMMENT 'Тип удосбств',
  `created_at` datetime DEFAULT CURRENT_TIMESTAMP COMMENT 'Время создания строки',
  `updated_at` datetime DEFAULT CURRENT_TIMESTAMP ON UPDATE CURRENT_TIMESTAMP COMMENT 'Время обновления строки',
  PRIMARY KEY (`id`)
) ENGINE=InnoDB AUTO_INCREMENT=101 DEFAULT CHARSET=utf8mb4 COLLATE=utf8mb4_unicode_ci COMMENT='Тип удобсств';
/*!40101 SET character_set_client = @saved_cs_client */;

--
-- Dumping data for table `comfort`
--

LOCK TABLES `comfort` WRITE;
/*!40000 ALTER TABLE `comfort` DISABLE KEYS */;
INSERT INTO `comfort` VALUES (1,'Кухня','1979-01-21 21:03:14','2012-12-13 00:48:25'),(2,'Шампунь','1994-01-01 21:57:11','2021-02-04 16:17:20'),(3,'Отопление','1999-07-09 17:17:05','2002-10-22 04:21:34'),(4,'Кондиционер','1982-02-06 22:16:11','2021-02-04 16:17:20'),(5,'Стиральная машина','1996-05-11 12:43:22','2021-02-04 16:17:20'),(6,'Сушильная машина','2020-06-03 07:03:24','2021-02-04 16:17:20'),(7,'Wi-Fi','2013-01-26 03:15:35','2021-02-04 16:17:20'),(8,'Завтрак','1994-01-24 10:59:19','2021-02-04 16:17:20'),(9,'Камин','2017-06-17 03:24:19','2021-02-04 16:17:20'),(10,'Плечики','2013-12-12 06:31:59','2021-02-04 16:17:20'),(11,'Утюг','2011-10-09 05:34:48','2021-02-04 16:17:20'),(12,'Фен','1979-09-15 22:56:15','1980-01-16 09:40:44'),(13,'Рабочая зона','1995-04-04 22:20:38','1995-10-21 23:06:25'),(14,'Телевизор','2011-02-23 23:11:08','2021-02-04 16:17:20'),(15,'Кроватка','1983-08-27 15:43:58','2021-02-04 16:17:20'),(16,'Стул для кормления','2018-09-06 19:46:30','2021-02-04 16:17:20'),(17,'Самостоятельное прибытие','1981-08-24 05:10:33','2008-09-04 06:56:01'),(18,'Датчик дыма','1983-08-28 08:12:15','2004-08-26 02:06:11'),(19,'Датчик угарного газа','1970-12-18 22:41:11','2007-01-25 00:42:42'),(20,'Отдельная ванная комната','1973-10-26 06:56:56','1983-09-26 04:23:23'),(21,'Пианино','2017-04-19 16:18:09','2021-02-04 16:17:20'),(22,'У воды','1986-09-02 05:03:45','2014-06-27 01:36:30');
/*!40000 ALTER TABLE `comfort` ENABLE KEYS */;
UNLOCK TABLES;

--
-- Table structure for table `contact_names`
--

DROP TABLE IF EXISTS `contact_names`;
/*!40101 SET @saved_cs_client     = @@character_set_client */;
/*!50503 SET character_set_client = utf8mb4 */;
CREATE TABLE `contact_names` (
  `id` int unsigned NOT NULL AUTO_INCREMENT COMMENT 'Идентификатор строки',
  `to_user_id` int unsigned NOT NULL COMMENT 'Ссылка на пользователя',
  `name` varchar(255) CHARACTER SET utf8mb4 COLLATE utf8mb4_unicode_ci NOT NULL COMMENT 'Кем приходится',
  `created_at` datetime DEFAULT CURRENT_TIMESTAMP COMMENT 'Время создания строки',
  `updated_at` datetime DEFAULT CURRENT_TIMESTAMP ON UPDATE CURRENT_TIMESTAMP COMMENT 'Время обновления строки',
  PRIMARY KEY (`id`),
  UNIQUE KEY `name` (`name`)
) ENGINE=InnoDB AUTO_INCREMENT=101 DEFAULT CHARSET=utf8mb4 COLLATE=utf8mb4_unicode_ci COMMENT='Контактные лица';
/*!40101 SET character_set_client = @saved_cs_client */;

--
-- Dumping data for table `contact_names`
--

LOCK TABLES `contact_names` WRITE;
/*!40000 ALTER TABLE `contact_names` DISABLE KEYS */;
INSERT INTO `contact_names` VALUES (1,88,'Ullam rerum totam quis laborum exercitationem veniam. Maiores quo maxime qui ullam perferendis est soluta aut. Placeat voluptas quis sed dolorem. Itaque iste quas eaque vel qui.','1974-07-20 18:48:21','2021-02-04 16:19:48'),(2,25,'Voluptas provident repudiandae omnis. Itaque magni quo sit sed. Eos corrupti rem consequatur.','1984-06-05 03:38:48','2021-02-04 16:19:48'),(3,58,'Impedit aut minus repellendus non. Consequatur deleniti temporibus modi in placeat aperiam velit. Reiciendis dolorem odit fugit.','1992-09-15 15:06:27','2021-02-04 16:19:48'),(4,15,'Nihil doloremque corporis rem nobis. Eveniet maxime qui vel qui. Ut repellat harum eligendi est omnis magnam dolorem.','1993-07-15 06:11:04','2021-02-04 16:19:48'),(5,3,'Qui rerum voluptatum inventore debitis nam. Voluptate quibusdam non est esse. A quod reprehenderit ipsa ratione est reprehenderit fuga enim.','2019-12-01 07:55:38','2021-02-04 16:19:48'),(6,67,'Hic aliquam cum dolor iste vel. Eum velit accusamus laudantium cupiditate voluptate adipisci. Architecto temporibus quaerat et corporis ipsam tempore neque in.','2000-10-23 11:24:15','2021-02-04 16:19:48'),(7,25,'Nobis accusamus minima eos eum unde nostrum rerum rerum. Aut tempora rem voluptatem ut aut est ut. Fugiat quas animi facere consequatur.','1978-04-27 21:18:20','2021-02-04 16:19:48'),(8,23,'Quos error mollitia qui et animi illo tenetur sit. Aut alias pariatur et eos. Quas voluptates aspernatur nam cupiditate aut omnis.\nEum ex ex expedita minima neque. Reiciendis esse quia aut minus.','1983-12-08 04:27:27','2021-02-04 16:19:48'),(9,41,'Velit magnam voluptatem explicabo aut tempora in et. Veniam qui et nulla unde sint fuga sed. Error consequuntur est nemo est eius. Aliquid consequatur consequatur ut officia libero delectus.','1994-11-20 05:24:54','2021-02-04 16:19:48'),(10,33,'Vel sit minima voluptas qui sit excepturi fugiat. Ullam laboriosam labore quam sunt incidunt ad. Non nobis sunt rerum voluptatem.','1997-11-11 21:11:08','2021-02-04 16:19:48'),(11,44,'Qui velit laborum ut sunt. Itaque corrupti ut sit sint odio dolorem. Ut est eos quaerat ratione at. Veritatis tempora possimus harum nemo adipisci. Molestiae quia ad quasi fuga rerum est.','1975-12-30 17:46:45','2021-02-04 16:19:48'),(12,21,'Doloremque excepturi eius ipsa ab atque. Sunt minus et quos ex aperiam itaque ipsum. Rerum et impedit blanditiis. Non natus dolore commodi modi ratione.','2006-04-21 18:45:52','2021-02-04 16:19:48'),(13,70,'Architecto rem quia at qui temporibus ut. Aut unde dolorum neque cumque quas at ea aut. Corrupti ratione quo et sed. Odio sed itaque omnis soluta.','2004-09-27 10:13:36','2021-02-04 16:19:48'),(14,87,'Nulla sed dolore earum aperiam ut iusto cum. Corporis animi mollitia aliquid quis odio itaque occaecati. Ratione illo vero iste praesentium occaecati a sit.','1972-05-16 15:12:41','2021-02-04 16:19:48'),(15,26,'Et animi ullam est non sed doloribus voluptas enim. Est voluptatem assumenda rerum a sunt est eveniet. Repellendus consequatur velit molestias illum soluta.','1985-10-02 12:57:35','2021-02-04 16:19:48'),(16,69,'Nihil sed et aut necessitatibus minima voluptate. Vel exercitationem expedita blanditiis sint voluptas consectetur. Beatae ipsum provident eligendi et.','1994-05-25 11:00:46','2021-02-04 16:19:48'),(17,64,'Aut tempora similique itaque perspiciatis quia odio. Unde voluptate ducimus voluptas natus.','1978-09-17 06:02:00','2021-02-04 16:19:48'),(18,15,'Accusantium error perspiciatis fuga harum. Quam iusto dolor ut inventore sit quis odio. Nam eos eveniet placeat in alias praesentium.','2015-07-19 06:23:45','2021-02-04 16:19:48'),(19,81,'At vel aut nobis. Aut omnis autem consectetur expedita aut maiores ipsam. Ex vel cum voluptatem explicabo nostrum earum ex minus.','1974-05-23 10:53:56','2021-02-04 16:19:48'),(20,59,'Eius beatae aliquid voluptas et consequatur maxime labore dolorum. Molestiae numquam praesentium praesentium a enim. Aperiam omnis omnis sunt.','1987-06-19 19:32:50','2021-02-04 16:19:48'),(21,52,'Et et nostrum in amet non iure. Non eveniet atque rerum impedit reiciendis. Nisi delectus dolorem sed delectus ut repellendus. Porro cum voluptas qui rerum reprehenderit est.','1993-01-14 21:16:21','2021-02-04 16:19:48'),(22,83,'Ipsum quisquam cupiditate enim et laborum dolores quod alias. Modi sed sunt nihil tenetur quasi. Ut id aperiam officiis quidem dolorem. Fugiat nemo ut velit adipisci fugiat repellat unde et.','2018-03-17 17:49:32','2021-02-04 16:19:48'),(23,60,'Laudantium doloremque culpa eos sed est molestiae ut molestias. Ipsam corporis asperiores tempore quo labore ut nobis. Nemo consequatur at repellat recusandae.','2018-09-21 02:59:56','2021-02-04 16:19:48'),(24,50,'Consequatur sint voluptas molestias temporibus nam ipsam. Consequatur veniam sunt soluta voluptatum. Ullam dolorem incidunt omnis sed natus voluptatum ea. Ex dolor ab accusantium alias est ipsam eos.','1987-04-07 17:08:08','2021-02-04 16:19:48'),(25,67,'Tempore vero autem sit. Deserunt quia veniam aut autem a. Officiis velit voluptatem aperiam delectus illo laboriosam. Veniam eos quod totam voluptatem quisquam et est doloremque.','2009-10-24 11:48:22','2021-02-04 16:19:48'),(26,85,'Voluptate et rerum quasi error quis. Dolores qui non voluptatem voluptatum ut placeat. Tempore sunt iste non earum. Aut maiores rerum dolor cum voluptates nemo.','1985-07-10 16:26:29','2021-02-04 16:19:48'),(27,25,'Architecto sed eos sed illum ullam voluptatem et. Et sit nihil voluptatum. Laboriosam quae velit voluptas blanditiis. Dignissimos repellat voluptatum illo nam molestiae.','1975-12-16 12:19:10','2021-02-04 16:19:48'),(28,69,'Qui aliquam consequatur id. Sit voluptatem cupiditate eveniet optio quia. Unde sequi recusandae ab animi magni molestiae. Doloribus qui hic sunt ipsam sed eligendi perspiciatis aliquid.','1984-09-12 08:32:04','2021-02-04 16:19:48'),(29,70,'Repellendus sit ut consectetur non est. Deserunt iure consequatur quidem molestias cumque. Architecto voluptatem iste suscipit quaerat veniam blanditiis impedit cumque.','2003-03-19 14:56:23','2021-02-04 16:19:48'),(30,42,'Minus eligendi error facilis voluptatibus eum fuga. Consequuntur voluptas temporibus assumenda et. Iure ducimus quos dignissimos veritatis illum. Atque ea eligendi eos sapiente magnam.','1991-05-03 10:22:40','2021-02-04 16:19:48'),(31,100,'Quidem atque numquam earum commodi quasi. Corporis ut nemo ut ut id quo. Et quas est labore. Distinctio nihil facere cum est perspiciatis corporis.','2008-09-30 06:05:30','2021-02-04 16:19:48'),(32,72,'Sint mollitia sint maxime totam dolores corrupti et. Est est reprehenderit impedit. Consequatur ut illo quas est.','2000-07-05 22:57:22','2021-02-04 16:19:48'),(33,60,'Laborum animi dolorem eum asperiores laudantium et. Assumenda autem ea repellat aspernatur. Magni quas perferendis veniam et minus.','1982-07-29 11:07:20','2021-02-04 16:19:48'),(34,82,'Dolorem ut rem quia quos. Delectus id sed mollitia corporis enim. Explicabo officia aut harum commodi consequatur aspernatur nostrum. Mollitia modi ea soluta eligendi sed veritatis non.','2013-08-28 10:36:19','2021-02-04 16:19:48'),(35,30,'Velit ipsa earum libero aut. Dolorem placeat voluptates voluptate assumenda accusantium aut nam quaerat. Sed officiis quam molestiae quis rem laborum.','2006-11-02 08:37:44','2021-02-04 16:19:48'),(36,6,'Ad non a non autem. Ad facere ad delectus sit expedita pariatur velit. Eum aliquam modi rerum neque mollitia modi.','1977-11-03 12:43:14','2021-02-04 16:19:48'),(37,37,'Corporis inventore corrupti non est minus. Assumenda itaque atque dolore impedit in id consequatur ex. Quis odio eaque rerum. Earum ullam ipsum enim aut neque.','2007-12-12 18:07:20','2021-02-04 16:19:48'),(38,69,'Dolor est vel quia itaque nam et quis maiores. Eius quidem harum ea velit ut quae est. Est magnam recusandae est necessitatibus dolores.','2002-03-26 01:06:07','2021-02-04 16:19:48'),(39,32,'Voluptas nemo sint est. Dolorem nihil ut aut quasi.\nVoluptates ut iste et sed. Reprehenderit quia ipsam qui repudiandae quidem pariatur iusto. Nemo quisquam sint aut cum reprehenderit adipisci quo.','2017-03-23 08:57:09','2021-02-04 16:19:48'),(40,54,'Non nulla sunt ullam ut nesciunt. Deleniti neque quod voluptatem sit rem sed.','1989-05-16 00:56:30','2021-02-04 16:19:48'),(41,72,'Laboriosam quia vel et. Enim explicabo alias maxime ad. Provident tenetur et dolorum natus.','2002-02-28 19:22:41','2021-02-04 16:19:48'),(42,97,'Veniam maiores repellendus quaerat iure dolores ea. Nihil aut exercitationem mollitia et. Consequatur ut illo voluptatem exercitationem. Et ducimus maxime aut temporibus ducimus earum.','1980-09-18 20:09:49','2021-02-04 16:19:48'),(43,68,'Sed dolore maiores qui corporis. Blanditiis est recusandae vel quas. Nostrum ad et dicta iusto minima pariatur.','1975-04-28 13:05:14','2021-02-04 16:19:48'),(44,48,'Corrupti dolores et voluptatum magnam. Aperiam optio quae dolore voluptatem. Ut earum laborum tempore adipisci nihil. Incidunt aut doloremque nemo beatae suscipit.','2007-05-14 02:25:56','2021-02-04 16:19:48'),(45,37,'Sunt qui nobis sed voluptates. Consequatur et ad libero. Laborum omnis dolorum natus officiis voluptatem incidunt molestiae. Adipisci non non et eius.','1970-11-04 16:29:27','2021-02-04 16:19:48'),(46,42,'Sint repellat delectus et commodi accusantium aliquam ut. Molestias soluta non aut consequuntur. Laboriosam ullam amet ut fugit voluptatem est. Non ut natus id.','2008-10-09 06:53:08','2021-02-04 16:19:48'),(47,98,'Itaque rerum consectetur ratione error id. Vero neque perspiciatis sed est aspernatur consequuntur. Eum est culpa aliquam deserunt.','1987-04-14 07:01:46','2021-02-04 16:19:48'),(48,63,'Consequatur consequuntur eos aperiam quam. Porro odit neque quas facere enim suscipit. Itaque vero hic ipsam qui vitae est.','1973-02-01 18:35:37','2021-02-04 16:19:48'),(49,22,'Officia esse optio sapiente earum facere. Facere et est adipisci quidem aperiam maxime doloremque. Corporis aliquid id non quod nostrum. Natus error ipsam repellendus sint.','2003-01-25 02:20:06','2021-02-04 16:19:48'),(50,18,'Quaerat fugit vel beatae ut. Aut et blanditiis et. Quia reprehenderit assumenda perspiciatis velit aperiam.','1975-07-09 15:35:08','2021-02-04 16:19:48'),(51,24,'Debitis et sapiente id dolores quidem. Eos necessitatibus voluptatem et a iusto. Architecto ullam cupiditate harum voluptatem asperiores doloremque.','1978-07-04 23:44:27','2021-02-04 16:19:48'),(52,67,'Sed illo laboriosam est. Numquam consequatur beatae fuga animi quidem et numquam. Et eaque sed dolorem laboriosam dolores incidunt qui.','1990-07-25 09:25:49','2021-02-04 16:19:48'),(53,61,'Quisquam rerum consequuntur quibusdam qui voluptas non voluptatem. Ut sint eos voluptatibus. Sit et a quia optio. Aperiam tempora delectus aut accusamus nisi.','2002-01-21 02:28:04','2021-02-04 16:19:48'),(54,3,'Cumque quidem voluptatum consequatur illum eos voluptate. Sit enim ea omnis recusandae est. Ullam perspiciatis ut voluptatibus veniam.','2006-04-03 19:00:28','2021-02-04 16:19:48'),(55,34,'Doloremque dolor molestiae soluta voluptatibus ea. A nisi omnis possimus eius non voluptates dolores et. Eveniet laborum cum odio aut ex nesciunt.','2016-12-19 02:28:13','2021-02-04 16:19:48'),(56,60,'Rerum error architecto deleniti et. Voluptate beatae eos qui ipsam aliquam laboriosam consequuntur.','2008-03-13 02:41:24','2021-02-04 16:19:48'),(57,99,'Eum nostrum facilis aliquam reiciendis modi quibusdam corporis. Ut cum nemo id aliquam tenetur. Velit sunt ut est occaecati quod eos. Qui neque non sint voluptatem quia est.','1996-11-09 11:14:40','2021-02-04 16:19:48'),(58,12,'Illo adipisci tempore rem fuga illo expedita. Ut est deleniti nam est. Vel in eum odio facere est quibusdam voluptatem.','1994-11-21 21:45:44','2021-02-04 16:19:48'),(59,65,'Dolores nisi illum fuga ex. Voluptatem ut vitae harum ut. Officiis et qui corrupti enim iste rem non.','1971-02-17 18:20:25','2021-02-04 16:19:48'),(60,86,'Cum eos voluptatem quibusdam aliquid occaecati. Vero veritatis tenetur ut inventore eum. Impedit vel corrupti libero laborum.','1977-01-14 10:22:31','2021-02-04 16:19:48'),(61,36,'Aliquam in id repellendus. Iure repellat fugiat placeat sit accusantium nesciunt et.','1995-06-15 19:48:57','2021-02-04 16:19:48'),(62,23,'Ut dolores quia laboriosam est autem sed quibusdam. Molestias omnis possimus adipisci sit harum eaque eos sit. Sit sequi incidunt optio quas praesentium quia et accusantium.','2016-03-14 01:20:28','2021-02-04 16:19:48'),(63,6,'Cupiditate quibusdam deserunt dolorem voluptatibus sed et culpa. Delectus sit quas sunt sed. Distinctio dignissimos itaque nihil aut deleniti cum minus voluptas.','2004-01-22 17:05:33','2021-02-04 16:19:48'),(64,59,'Dicta et laborum voluptas asperiores et odit hic. Quae deleniti earum quis quia exercitationem nam quia sint. Inventore pariatur rem ut.','1989-12-04 10:04:05','2021-02-04 16:19:48'),(65,78,'Sint voluptates ad expedita. Laboriosam at et repellendus similique enim ut. Sapiente voluptates consequatur sunt non accusamus et eos.','1971-05-30 19:09:43','2021-02-04 16:19:48'),(66,10,'Aut quia ut et sunt libero quia. Et mollitia ut perferendis voluptatem fugiat cum doloremque dolorum. Voluptatem commodi laboriosam accusamus nam officia totam.','2020-12-02 14:18:49','2021-02-04 16:19:48'),(67,17,'Vitae ut fuga dolorum amet libero. Quod eos molestias aut ad similique eum. Est perspiciatis porro eligendi harum hic tempore voluptates veniam.','2012-10-29 05:03:11','2021-02-04 16:19:48'),(68,53,'Harum qui molestiae aut veniam esse. Amet ut magni eveniet mollitia rem. Dolores et iure inventore inventore. Repellendus tempore officia ut repellendus laborum dolorum dignissimos.','2011-05-20 14:01:43','2021-02-04 16:19:48'),(69,13,'Itaque similique et pariatur velit neque. Molestias quos deserunt voluptate quo deleniti nam. Molestiae pariatur provident minus in ratione voluptatem.','1977-02-21 03:17:40','2021-02-04 16:19:48'),(70,7,'In nostrum exercitationem aut dolor soluta enim. Consectetur illum labore omnis rem. Quam reprehenderit officiis numquam incidunt aut eum pariatur. Et molestias accusantium facere et.','2001-11-02 23:04:59','2021-02-04 16:19:48'),(71,96,'Totam expedita voluptates magni nemo ut non harum. Dignissimos eos vel commodi. Autem aliquam deleniti vel.','1991-11-01 16:29:21','2021-02-04 16:19:48'),(72,58,'Et quidem est ipsum qui dolorem est et. Omnis ab aut esse voluptatem dolorem eligendi in. Iusto et odio nihil quia molestiae sed tempora. Nostrum voluptas quisquam rerum placeat.','2003-05-13 11:40:57','2021-02-04 16:19:48'),(73,1,'Quia at voluptatum magni sunt. Soluta modi ipsam dicta non nostrum quos distinctio voluptatem.\nQui harum et accusantium et repellat deleniti. Id velit exercitationem quo corporis quaerat labore.','2002-01-28 14:38:56','2021-02-04 16:19:48'),(74,29,'Molestiae voluptates et deleniti vel quae. Praesentium velit consequatur a. Quidem labore ab ab sit vel nulla porro architecto.','1997-12-03 18:11:43','2021-02-04 16:19:48'),(75,42,'Vitae exercitationem et reiciendis. Dolores eos eveniet id numquam fugit est. Hic aut sit ab autem.','1991-12-11 18:55:27','2021-02-04 16:19:48'),(76,25,'Magnam excepturi tempora architecto dolor ea et. Quam aut ea repellat dolorum. At nobis laborum illum iusto.','1973-04-29 22:55:56','2021-02-04 16:19:48'),(77,98,'Sit iste delectus illo incidunt sit. Rem doloribus debitis pariatur eos minus eveniet. Cum rerum omnis enim nobis. Ut tempora est molestias aut ut rerum.','2019-06-19 06:52:06','2021-02-04 16:19:48'),(78,13,'Voluptatibus sint aut distinctio. Voluptate porro ut aut rerum. Qui vel ut voluptas quidem iste fugiat corporis pariatur. Quo architecto eum tempore et accusamus quis.','1988-11-15 08:40:20','2021-02-04 16:19:48'),(79,73,'Consequatur temporibus aspernatur ut quia esse enim quas. Mollitia omnis corporis nulla nihil quidem commodi. Odio aspernatur debitis ut vel omnis sunt.','1997-09-22 08:33:18','2021-02-04 16:19:48'),(80,22,'Eligendi accusamus libero voluptas quidem. Modi rerum error assumenda aut dolor. Qui pariatur sint qui quis beatae voluptate distinctio.','1998-02-28 07:19:17','2021-02-04 16:19:48'),(81,93,'Et eaque rem harum quisquam. Sit dolorem et velit magnam aut omnis laboriosam. Perspiciatis velit blanditiis voluptates nesciunt dolores dignissimos labore.','1971-02-02 04:42:26','2021-02-04 16:19:48'),(82,99,'Dolorum adipisci quaerat optio nesciunt culpa eligendi expedita. Officiis omnis eum aspernatur vero odio aut.','1971-02-10 06:36:33','2021-02-04 16:19:48'),(83,14,'Nihil consequatur suscipit molestias facilis voluptatem. Voluptas in voluptas quia sed possimus. Eos aut nesciunt vel qui in nisi ut. Fuga laudantium odit nihil ut dignissimos molestiae.','1981-02-23 08:29:54','2021-02-04 16:19:48'),(84,74,'Rerum iure voluptatum modi. Est tempora tenetur numquam odit. Ut iste aut similique. Consequatur est amet ullam a expedita nemo dolores.','2007-04-13 11:31:26','2021-02-04 16:19:48'),(85,28,'Sed qui enim recusandae corporis sunt maxime necessitatibus qui. Illo dolores assumenda ducimus. Molestiae velit magni ipsum autem.','2005-06-29 13:33:08','2021-02-04 16:19:48'),(86,18,'Quos maxime rem consequatur earum. Non laborum rerum odit natus earum totam. Neque a ut ab voluptate. Corporis nesciunt laudantium facilis modi tempora sit. Dolores accusantium omnis dolorum est ut.','2015-12-20 08:37:33','2021-02-04 16:19:48'),(87,5,'Nihil nemo qui quibusdam maiores laborum. Officia ratione ducimus sunt veniam laboriosam sunt officia. Quas culpa sit et sit rem necessitatibus sit. Esse ut sunt quisquam.','2020-05-24 10:25:03','2021-02-04 16:19:48'),(88,71,'Voluptatem officia ea illo ipsum nisi et qui. Quae qui animi dicta reprehenderit. Dolorem voluptas ut ipsum quam alias sit et. Dolorem nobis tempore nihil blanditiis minus.','1989-07-03 02:45:12','2021-02-04 16:19:48'),(89,41,'Dolor fugiat asperiores sapiente ut. Nesciunt odio est non vitae iure. Qui eius numquam consequatur molestiae perspiciatis. Non nobis corporis voluptate neque.','2021-01-31 03:32:33','2021-02-04 16:19:48'),(90,90,'Quos ipsum provident ut. Perspiciatis et perferendis ut non aut nemo. Enim similique error dolor dicta est. Reiciendis nemo error fugiat est veniam consequatur voluptatem nam.','1989-01-21 14:30:49','2021-02-04 16:19:48'),(91,27,'Eum quos aut sint. Voluptatem saepe enim aliquid voluptates ut quia. Velit eos temporibus et.','1991-04-12 08:14:34','2021-02-04 16:19:48'),(92,64,'Error assumenda aut rerum laudantium quas. Qui rerum enim aut. Unde sapiente facere laboriosam asperiores nam. Aut error quaerat dolor vitae corporis quia et.','1999-04-27 21:39:43','2021-02-04 16:19:48'),(93,40,'Rerum possimus sint et ex. Consequatur fugit dolorem ipsam in cupiditate fugiat. Eligendi est nostrum laudantium reiciendis et quas.','1984-06-28 15:15:09','2021-02-04 16:19:48'),(94,8,'Natus et mollitia ut at. Autem ipsam corporis omnis nisi cumque officia iusto. Expedita dolores et veniam earum non nam.','1998-06-04 21:05:13','2021-02-04 16:19:48'),(95,20,'Eum necessitatibus modi aliquam rerum aliquid. Ipsum nisi aut odio nihil. Quam dicta facere ratione quia dicta.','2007-12-17 12:44:37','2021-02-04 16:19:48'),(96,74,'Et et inventore sequi voluptate veritatis. Doloremque quo et ut ratione dolorem unde est.','2002-11-05 18:00:13','2021-02-04 16:19:48'),(97,8,'Consectetur iste sunt fuga adipisci velit eos et dolore. Non reprehenderit nostrum ex est possimus cupiditate. Veritatis quas fuga sed.','1974-10-28 18:29:59','2021-02-04 16:19:48'),(98,18,'Sint nulla impedit voluptatem. Et molestiae maxime id ut est. Sed eos fuga facilis nulla consequatur sed necessitatibus. Neque et quo ex cum possimus earum.','1993-07-07 06:31:08','2021-02-04 16:19:48'),(99,67,'Eligendi incidunt est culpa quia est. Voluptate molestias id veritatis dignissimos quis nemo minus. Magni hic vel illum.','1992-09-02 01:03:34','2021-02-04 16:19:48'),(100,81,'Asperiores minima rem exercitationem hic et sapiente fugit praesentium. Ut quod laboriosam tempore. Inventore unde et et fuga aut error omnis. Nulla aut quibusdam atque fugiat iusto.','2017-09-11 09:40:57','2021-02-04 16:19:48');
/*!40000 ALTER TABLE `contact_names` ENABLE KEYS */;
UNLOCK TABLES;

--
-- Table structure for table `countries`
--

DROP TABLE IF EXISTS `countries`;
/*!40101 SET @saved_cs_client     = @@character_set_client */;
/*!50503 SET character_set_client = utf8mb4 */;
CREATE TABLE `countries` (
  `id` int unsigned NOT NULL AUTO_INCREMENT COMMENT 'Идентификатор строки',
  `name` text CHARACTER SET utf8mb4 COLLATE utf8mb4_unicode_ci NOT NULL COMMENT 'Название страны',
  `created_at` datetime DEFAULT CURRENT_TIMESTAMP COMMENT 'Время создания строки',
  `updated_at` datetime DEFAULT CURRENT_TIMESTAMP ON UPDATE CURRENT_TIMESTAMP COMMENT 'Время обновления строки',
  PRIMARY KEY (`id`)
) ENGINE=InnoDB AUTO_INCREMENT=101 DEFAULT CHARSET=utf8mb4 COLLATE=utf8mb4_unicode_ci COMMENT='Страны';
/*!40101 SET character_set_client = @saved_cs_client */;

--
-- Dumping data for table `countries`
--

LOCK TABLES `countries` WRITE;
/*!40000 ALTER TABLE `countries` DISABLE KEYS */;
INSERT INTO `countries` VALUES (1,'United States Minor Outlying Islands','2015-02-10 20:44:33','2021-02-04 16:20:29'),(2,'Micronesia','2012-01-24 05:55:24','2021-02-04 16:20:29'),(3,'Macedonia','1970-07-30 14:08:58','1994-09-08 00:24:45'),(4,'Liberia','2015-05-25 05:29:08','2015-09-06 08:33:22'),(5,'Equatorial Guinea','1993-10-03 00:48:24','1998-07-21 07:13:32'),(6,'Venezuela','2012-06-29 12:04:24','2021-02-04 16:20:29'),(7,'Austria','1992-04-21 23:28:44','2000-07-31 03:50:20'),(8,'Germany','2008-02-19 00:16:57','2021-02-04 16:20:29'),(9,'Lithuania','2006-02-23 07:48:10','2017-06-01 05:10:21'),(10,'Bahrain','1988-02-17 19:13:20','2021-02-04 16:20:29'),(11,'Guinea','2007-09-04 16:43:20','2021-02-04 16:20:29'),(12,'Liechtenstein','1984-11-14 07:28:15','1994-03-17 13:01:33'),(13,'Dominica','1982-03-28 16:31:16','2000-02-16 12:54:22'),(14,'Cambodia','2016-04-18 19:43:03','2021-02-04 16:20:29'),(15,'Guyana','1985-02-01 19:27:34','1989-03-21 21:26:35'),(16,'Micronesia','1997-12-28 06:26:49','2011-06-22 06:51:57'),(17,'Tuvalu','1991-06-16 15:14:41','2003-02-27 11:38:04'),(18,'Tanzania','1984-11-14 10:23:48','2021-02-04 16:20:29'),(19,'Maldives','2006-01-04 03:27:49','2021-02-04 16:20:29'),(20,'Latvia','2004-09-05 06:13:13','2021-02-04 16:20:29'),(21,'Tanzania','1996-10-18 22:34:57','2021-02-04 16:20:29'),(22,'Korea','1989-10-28 00:01:36','2021-02-04 16:20:29'),(23,'Algeria','1974-03-15 11:04:40','2021-02-04 16:20:29'),(24,'Congo','1988-02-04 16:35:31','2000-05-06 06:18:20'),(25,'Heard Island and McDonald Islands','1985-12-03 04:26:00','1997-10-20 10:21:03'),(26,'Faroe Islands','2010-11-22 12:44:54','2015-02-13 17:18:25'),(27,'Guernsey','2007-08-03 10:50:15','2021-02-04 16:20:29'),(28,'Zambia','1997-04-16 14:34:29','2014-12-12 10:20:12'),(29,'Seychelles','2018-05-23 21:29:41','2021-02-04 16:20:29'),(30,'Bahrain','2018-08-04 02:39:22','2021-02-04 16:20:29'),(31,'Greece','2018-03-26 20:48:11','2021-02-04 16:20:29'),(32,'Cote d\'Ivoire','1981-09-27 08:33:00','1988-04-27 08:35:13'),(33,'Guernsey','1977-06-26 12:04:47','2021-02-04 16:20:29'),(34,'Macedonia','1982-07-02 01:47:35','1993-05-20 04:57:59'),(35,'Saint Vincent and the Grenadines','2015-12-24 01:36:34','2021-02-04 16:20:29'),(36,'Libyan Arab Jamahiriya','1986-10-23 02:34:52','2001-01-25 07:31:48'),(37,'Iran','2019-10-10 12:53:57','2021-02-04 16:20:29'),(38,'Comoros','1975-09-22 12:09:09','2000-11-08 17:56:50'),(39,'Morocco','1991-09-01 17:48:21','2021-02-04 16:20:29'),(40,'Mauritius','2014-05-26 01:04:36','2021-02-04 16:20:29'),(41,'Hong Kong','2012-12-02 21:17:07','2021-02-04 16:20:29'),(42,'Philippines','1993-07-07 20:17:31','2001-09-06 04:52:11'),(43,'Iraq','1992-02-21 02:48:08','2021-02-04 16:20:29'),(44,'Kenya','1980-10-27 19:05:06','1987-12-10 07:57:27'),(45,'Ukraine','1973-11-01 04:17:08','1974-09-21 02:45:41'),(46,'Mexico','2020-11-10 23:09:44','2021-02-04 16:20:29'),(47,'Bhutan','1995-06-11 15:39:28','2021-02-04 16:20:29'),(48,'Sudan','1984-07-26 05:02:44','2014-09-08 01:47:48'),(49,'Kiribati','1976-02-14 17:09:27','2021-02-04 16:20:29'),(50,'Bulgaria','1978-07-20 10:25:28','2003-02-23 19:14:05'),(51,'Jordan','2009-04-27 11:41:18','2021-02-04 16:20:29'),(52,'Bhutan','1988-05-17 23:25:35','2004-09-07 22:51:35'),(53,'Latvia','1981-05-26 19:24:26','2011-06-14 11:58:51'),(54,'Afghanistan','1996-07-14 10:05:47','2021-02-04 16:20:29'),(55,'Cocos (Keeling) Islands','1976-10-23 12:06:09','2001-01-19 10:13:12'),(56,'British Virgin Islands','1996-01-31 22:26:58','2021-02-04 16:20:29'),(57,'Pitcairn Islands','1996-11-14 16:58:48','2021-02-04 16:20:29'),(58,'Tonga','1987-09-23 13:58:20','2016-03-14 06:14:34'),(59,'Martinique','2006-07-25 11:32:31','2021-02-04 16:20:29'),(60,'Bhutan','1989-10-21 16:29:43','2021-02-04 16:20:29'),(61,'American Samoa','1991-07-14 04:57:55','2000-04-19 06:18:02'),(62,'Brazil','2011-07-20 11:09:41','2011-12-11 22:23:17'),(63,'Guyana','1981-04-03 20:27:29','2014-09-23 19:22:33'),(64,'United Kingdom','2014-10-22 05:42:55','2021-02-04 16:20:29'),(65,'Nauru','1972-06-14 11:23:37','1977-05-30 16:02:17'),(66,'Spain','1998-05-19 09:16:32','2021-02-04 16:20:29'),(67,'Congo','1986-08-17 16:54:38','2021-02-04 16:20:29'),(68,'South Africa','1986-06-07 21:27:49','2003-12-10 00:07:06'),(69,'Albania','2003-10-22 10:12:33','2021-02-04 16:20:29'),(70,'Saint Lucia','1977-08-11 05:59:15','2006-04-15 03:13:32'),(71,'Albania','2017-08-06 10:34:43','2021-02-04 16:20:29'),(72,'Eritrea','1984-12-28 08:07:49','2021-02-04 16:20:29'),(73,'Trinidad and Tobago','1989-08-22 18:27:09','1999-08-14 14:53:37'),(74,'Vanuatu','1986-10-25 02:04:18','1998-07-31 07:45:49'),(75,'Moldova','1996-04-09 00:17:54','2019-07-21 03:29:46'),(76,'Iraq','2012-07-26 15:15:28','2021-02-04 16:20:29'),(77,'Bahamas','2006-06-16 16:34:18','2021-02-04 16:20:29'),(78,'New Caledonia','1984-01-24 17:35:47','2008-11-10 06:58:27'),(79,'Kenya','1997-07-22 00:53:59','2021-02-04 16:20:29'),(80,'Swaziland','1974-04-17 20:18:09','1984-08-28 22:58:11'),(81,'Togo','2012-02-06 09:54:44','2021-02-04 16:20:29'),(82,'Mayotte','2012-01-29 02:22:02','2021-02-04 16:20:29'),(83,'Malaysia','1984-01-05 05:37:34','2002-01-08 21:58:49'),(84,'Nauru','1988-12-17 15:33:44','2021-02-04 16:20:29'),(85,'Fiji','1973-05-29 05:40:45','2008-06-05 02:08:26'),(86,'Luxembourg','1995-10-27 01:01:42','2001-05-17 21:42:56'),(87,'Uzbekistan','1993-07-07 21:32:13','2021-02-04 16:20:29'),(88,'Faroe Islands','1993-06-02 00:49:33','2021-02-04 16:20:29'),(89,'Luxembourg','1970-06-14 02:34:13','2019-02-19 14:58:17'),(90,'Algeria','2003-01-31 03:09:05','2021-02-04 16:20:29'),(91,'Montenegro','2001-04-18 17:59:14','2004-01-21 12:26:24'),(92,'South Africa','1998-11-04 23:45:07','2021-02-04 16:20:29'),(93,'French Polynesia','2020-01-18 22:58:06','2021-02-04 16:20:29'),(94,'Ghana','1975-02-16 00:51:19','1982-05-11 04:49:29'),(95,'Guyana','1985-07-23 14:00:12','2002-01-14 01:44:47'),(96,'Maldives','1971-12-24 02:29:12','1994-10-20 03:33:33'),(97,'Liechtenstein','2020-03-19 03:36:23','2021-02-04 16:20:29'),(98,'Sao Tome and Principe','1981-02-12 19:17:58','2013-11-20 09:00:50'),(99,'Tonga','2015-06-25 10:26:45','2021-02-04 16:20:29'),(100,'Yemen','2014-09-02 16:00:08','2021-02-04 16:20:29');
/*!40000 ALTER TABLE `countries` ENABLE KEYS */;
UNLOCK TABLES;

--
-- Table structure for table `home_type`
--

DROP TABLE IF EXISTS `home_type`;
/*!40101 SET @saved_cs_client     = @@character_set_client */;
/*!50503 SET character_set_client = utf8mb4 */;
CREATE TABLE `home_type` (
  `id` int unsigned NOT NULL AUTO_INCREMENT COMMENT 'Идентификатор строки',
  `name` text CHARACTER SET utf8mb4 COLLATE utf8mb4_unicode_ci NOT NULL COMMENT 'Тип жилья',
  `created_at` datetime DEFAULT CURRENT_TIMESTAMP COMMENT 'Время создания строки',
  `updated_at` datetime DEFAULT CURRENT_TIMESTAMP ON UPDATE CURRENT_TIMESTAMP COMMENT 'Время обновления строки',
  PRIMARY KEY (`id`)
) ENGINE=InnoDB AUTO_INCREMENT=101 DEFAULT CHARSET=utf8mb4 COLLATE=utf8mb4_unicode_ci COMMENT='Тип жилья';
/*!40101 SET character_set_client = @saved_cs_client */;

--
-- Dumping data for table `home_type`
--

LOCK TABLES `home_type` WRITE;
/*!40000 ALTER TABLE `home_type` DISABLE KEYS */;
INSERT INTO `home_type` VALUES (1,'Дом','2009-08-30 14:05:20','2017-10-13 02:21:02'),(2,'Квартира','2004-09-14 18:06:10','2021-02-04 16:21:01'),(3,'B&B','1971-03-31 03:31:04','1997-12-18 18:45:27'),(4,'Бутик-отель','1988-02-11 01:12:58','2021-02-04 16:21:01'),(5,'Апартаменты','1987-09-11 22:36:19','1999-10-18 16:14:06'),(6,'Бунгало','2019-06-20 08:26:06','2021-02-04 16:21:01'),(7,'Вилла','1973-01-16 02:58:34','1991-12-02 14:31:35'),(8,'Гостевой дом','1972-06-02 01:23:24','1991-09-07 17:56:09'),(9,'Гостевые апартаменты','2000-10-01 15:22:22','2021-02-04 16:21:01'),(10,'Лофт','1984-02-11 16:53:53','2021-02-04 16:21:01'),(11,'Отель','2007-07-05 06:54:22','2021-02-04 16:21:01'),(12,'Таунхаус','1987-10-08 17:30:04','2021-02-04 16:21:01'),(13,'Фермерский домик','1994-03-08 17:21:44','2021-02-04 16:21:01'),(14,'Хижина','2007-10-14 18:05:16','2012-06-14 13:26:34'),(15,'Хостел','1995-12-04 15:05:30','2021-02-04 16:21:01'),(16,'Шале','1990-08-30 01:31:56','2021-02-04 16:21:01');
/*!40000 ALTER TABLE `home_type` ENABLE KEYS */;
UNLOCK TABLES;

--
-- Table structure for table `house_format`
--

DROP TABLE IF EXISTS `house_format`;
/*!40101 SET @saved_cs_client     = @@character_set_client */;
/*!50503 SET character_set_client = utf8mb4 */;
CREATE TABLE `house_format` (
  `id` int unsigned NOT NULL AUTO_INCREMENT COMMENT 'Идентификатор строки',
  `name` text CHARACTER SET utf8mb4 COLLATE utf8mb4_unicode_ci NOT NULL COMMENT 'Формат жилья',
  `created_at` datetime DEFAULT CURRENT_TIMESTAMP COMMENT 'Время создания строки',
  `updated_at` datetime DEFAULT CURRENT_TIMESTAMP ON UPDATE CURRENT_TIMESTAMP COMMENT 'Время обновления строки',
  PRIMARY KEY (`id`)
) ENGINE=InnoDB AUTO_INCREMENT=101 DEFAULT CHARSET=utf8mb4 COLLATE=utf8mb4_unicode_ci COMMENT='Формат жилья';
/*!40101 SET character_set_client = @saved_cs_client */;

--
-- Dumping data for table `house_format`
--

LOCK TABLES `house_format` WRITE;
/*!40000 ALTER TABLE `house_format` DISABLE KEYS */;
INSERT INTO `house_format` VALUES (1,'Жилье целиком','1976-08-30 22:35:19','2003-07-22 21:16:19'),(2,'Отдельная комната','1995-01-03 03:51:26','2021-02-04 16:21:46'),(3,'Гостиничный номер','1984-02-08 19:27:20','2021-02-04 16:21:46'),(4,'Место в номере','1984-01-12 08:10:30','2001-07-18 08:16:18');
/*!40000 ALTER TABLE `house_format` ENABLE KEYS */;
UNLOCK TABLES;

--
-- Table structure for table `idcard_type`
--

DROP TABLE IF EXISTS `idcard_type`;
/*!40101 SET @saved_cs_client     = @@character_set_client */;
/*!50503 SET character_set_client = utf8mb4 */;
CREATE TABLE `idcard_type` (
  `id` int unsigned NOT NULL AUTO_INCREMENT COMMENT 'Идентификатор строки',
  `name` text CHARACTER SET utf8mb4 COLLATE utf8mb4_unicode_ci NOT NULL COMMENT 'Тип удостоверения личности',
  `created_at` datetime DEFAULT CURRENT_TIMESTAMP COMMENT 'Время создания строки',
  `updated_at` datetime DEFAULT CURRENT_TIMESTAMP ON UPDATE CURRENT_TIMESTAMP COMMENT 'Время обновления строки',
  PRIMARY KEY (`id`)
) ENGINE=InnoDB AUTO_INCREMENT=101 DEFAULT CHARSET=utf8mb4 COLLATE=utf8mb4_unicode_ci COMMENT='Тип удостоверения личности';
/*!40101 SET character_set_client = @saved_cs_client */;

--
-- Dumping data for table `idcard_type`
--

LOCK TABLES `idcard_type` WRITE;
/*!40000 ALTER TABLE `idcard_type` DISABLE KEYS */;
INSERT INTO `idcard_type` VALUES (1,'Водительское удостоверение','1993-01-25 16:00:04','1999-07-28 18:38:06'),(2,'Паспорт','1973-03-08 02:14:33','2008-10-15 21:11:20'),(3,'Идентификационная карта','1985-09-23 00:47:44','1991-07-28 17:00:26');
/*!40000 ALTER TABLE `idcard_type` ENABLE KEYS */;
UNLOCK TABLES;

--
-- Table structure for table `idcards`
--

DROP TABLE IF EXISTS `idcards`;
/*!40101 SET @saved_cs_client     = @@character_set_client */;
/*!50503 SET character_set_client = utf8mb4 */;
CREATE TABLE `idcards` (
  `id` int unsigned NOT NULL AUTO_INCREMENT COMMENT 'Идентификатор строки',
  `from_user_id` int unsigned NOT NULL COMMENT 'Ссылка на пользователя',
  `countries_id` int unsigned NOT NULL COMMENT 'Ссылка на страну',
  `media_id` int unsigned NOT NULL COMMENT 'Ссылка на медиа',
  `idcard_type_id` int unsigned NOT NULL COMMENT 'Ссылка на тип удостоверения личности',
  `created_at` datetime DEFAULT CURRENT_TIMESTAMP COMMENT 'Время создания строки',
  `updated_at` datetime DEFAULT CURRENT_TIMESTAMP ON UPDATE CURRENT_TIMESTAMP COMMENT 'Время обновления строки',
  PRIMARY KEY (`id`),
  KEY `from_user_id` (`from_user_id`),
  KEY `countries_id` (`countries_id`),
  KEY `media_id` (`media_id`),
  KEY `idcard_type_id` (`idcard_type_id`),
  CONSTRAINT `idcards_ibfk_1` FOREIGN KEY (`from_user_id`) REFERENCES `users` (`id`),
  CONSTRAINT `idcards_ibfk_2` FOREIGN KEY (`countries_id`) REFERENCES `countries` (`id`),
  CONSTRAINT `idcards_ibfk_3` FOREIGN KEY (`media_id`) REFERENCES `media` (`id`),
  CONSTRAINT `idcards_ibfk_4` FOREIGN KEY (`idcard_type_id`) REFERENCES `idcard_type` (`id`)
) ENGINE=InnoDB AUTO_INCREMENT=101 DEFAULT CHARSET=utf8mb4 COLLATE=utf8mb4_unicode_ci COMMENT='Удостоверения личности';
/*!40101 SET character_set_client = @saved_cs_client */;

--
-- Dumping data for table `idcards`
--

LOCK TABLES `idcards` WRITE;
/*!40000 ALTER TABLE `idcards` DISABLE KEYS */;
INSERT INTO `idcards` VALUES (1,3,66,60,2,'1998-05-03 00:39:29','2021-02-04 16:24:47'),(2,69,59,12,1,'2016-03-09 22:09:31','2021-02-04 16:24:47'),(3,38,96,78,2,'1992-12-21 19:02:16','2021-02-04 16:24:47'),(4,83,1,54,1,'2005-07-16 14:58:17','2021-02-04 16:24:47'),(5,99,18,35,1,'2020-07-29 19:32:48','2021-02-04 16:24:47'),(6,46,85,12,3,'1978-04-04 21:23:41','2021-02-04 16:24:47'),(7,33,70,55,2,'2005-03-12 06:32:58','2021-02-04 16:24:47'),(8,24,94,40,1,'2004-10-29 14:10:45','2021-02-04 16:24:47'),(9,23,60,32,3,'2008-01-05 01:56:44','2021-02-04 16:24:47'),(10,41,16,41,3,'2014-10-02 01:56:52','2021-02-04 16:24:47'),(11,35,100,8,3,'2000-06-29 06:29:07','2021-02-04 16:24:47'),(12,54,50,18,3,'1993-06-14 13:12:54','2021-02-04 16:24:47'),(13,62,52,64,1,'1977-05-24 13:13:32','2021-02-04 16:24:47'),(14,47,7,65,3,'1988-09-05 00:48:53','2021-02-04 16:24:47'),(15,50,81,31,2,'1973-10-03 12:06:57','2021-02-04 16:24:47'),(16,7,83,63,3,'1978-08-29 02:11:54','2021-02-04 16:24:47'),(17,86,69,21,1,'1999-04-09 04:03:49','2021-02-04 16:24:47'),(18,6,97,13,3,'1996-09-25 18:11:55','2021-02-04 16:24:47'),(19,74,79,4,3,'1987-02-18 12:59:19','2021-02-04 16:24:47'),(20,50,3,79,2,'2004-03-14 22:44:52','2021-02-04 16:24:47'),(21,29,78,83,3,'2010-09-30 14:29:22','2021-02-04 16:24:47'),(22,93,80,78,2,'2000-01-28 13:50:29','2021-02-04 16:24:47'),(23,80,66,42,1,'2011-12-09 14:41:22','2021-02-04 16:24:47'),(24,19,88,75,2,'2008-02-12 09:33:17','2021-02-04 16:24:47'),(25,55,43,50,3,'2006-02-08 17:06:02','2021-02-04 16:24:47'),(26,16,51,21,2,'2009-05-19 19:45:46','2021-02-04 16:24:47'),(27,14,27,57,1,'2004-03-02 10:52:23','2021-02-04 16:24:47'),(28,23,78,19,1,'1997-01-09 16:07:28','2021-02-04 16:24:47'),(29,74,9,25,3,'2016-01-09 15:42:34','2021-02-04 16:24:47'),(30,99,12,69,2,'2001-04-08 21:38:16','2021-02-04 16:24:47'),(31,75,32,68,1,'1973-09-10 01:45:43','2021-02-04 16:24:47'),(32,74,24,33,3,'2017-10-03 23:58:40','2021-02-04 16:24:47'),(33,47,21,62,2,'1991-10-19 07:52:04','2021-02-04 16:24:47'),(34,12,34,10,1,'1990-03-09 11:13:40','2021-02-04 16:24:47'),(35,19,7,65,2,'1990-04-08 15:58:32','2021-02-04 16:24:47'),(36,60,31,92,1,'1984-11-14 09:16:47','2021-02-04 16:24:47'),(37,40,34,67,3,'2012-09-29 18:39:48','2021-02-04 16:24:47'),(38,20,77,56,3,'1970-08-05 00:36:23','2021-02-04 16:24:47'),(39,78,83,78,3,'2011-05-24 09:16:42','2021-02-04 16:24:47'),(40,29,81,21,1,'1997-09-03 15:14:01','2021-02-04 16:24:47'),(41,13,58,72,3,'1971-08-26 05:57:52','2021-02-04 16:24:47'),(42,75,48,98,3,'1980-11-20 04:51:01','2021-02-04 16:24:47'),(43,36,63,70,2,'1997-03-29 18:14:25','2021-02-04 16:24:47'),(44,55,73,59,1,'1972-06-21 20:49:10','2021-02-04 16:24:47'),(45,66,72,83,2,'1992-06-29 23:12:17','2021-02-04 16:24:47'),(46,63,43,36,2,'2018-05-25 17:00:56','2021-02-04 16:24:47'),(47,17,98,33,1,'2010-06-24 14:32:18','2021-02-04 16:24:47'),(48,98,59,55,3,'1974-05-26 23:24:08','2021-02-04 16:24:47'),(49,35,4,78,1,'2005-04-28 02:46:24','2021-02-04 16:24:47'),(50,83,39,22,1,'1997-05-24 17:31:16','2021-02-04 16:24:47'),(51,10,83,77,1,'1976-09-03 11:07:42','2021-02-04 16:24:47'),(52,1,99,20,1,'2012-09-15 04:34:50','2021-02-04 16:24:47'),(53,74,44,67,1,'1971-03-30 21:14:17','2021-02-04 16:24:47'),(54,65,25,76,1,'1995-03-20 06:42:41','2021-02-04 16:24:47'),(55,2,91,75,2,'2015-09-05 10:41:34','2021-02-04 16:24:47'),(56,17,79,50,2,'2017-08-30 18:12:20','2021-02-04 16:24:47'),(57,79,21,24,1,'1989-02-27 23:14:43','2021-02-04 16:24:47'),(58,41,68,70,2,'1996-10-08 01:10:41','2021-02-04 16:24:24'),(59,70,76,75,1,'2005-12-05 11:03:56','2021-02-04 16:24:47'),(60,25,78,67,1,'1984-09-13 17:44:12','2021-02-04 16:24:47'),(61,14,58,9,1,'1973-02-16 03:01:28','2021-02-04 16:24:47'),(62,96,59,43,3,'1985-01-14 11:32:27','2021-02-04 16:24:47'),(63,39,17,89,2,'1987-07-07 11:35:01','2021-02-04 16:24:47'),(64,5,10,12,1,'2001-04-07 06:54:38','2021-02-04 16:24:47'),(65,6,96,96,3,'2008-05-19 14:21:16','2021-02-04 16:24:47'),(66,17,51,43,1,'1973-09-19 06:25:24','2021-02-04 16:24:47'),(67,64,66,28,1,'2001-11-14 11:08:38','2021-02-04 16:24:47'),(68,71,79,7,3,'1995-05-25 17:31:45','2021-02-04 16:24:47'),(69,59,94,52,2,'2008-04-22 08:14:10','2021-02-04 16:24:47'),(70,85,32,38,3,'2014-09-21 10:06:02','2021-02-04 16:24:47'),(71,46,79,34,3,'2012-03-12 18:14:18','2021-02-04 16:24:47'),(72,73,98,55,3,'1988-08-20 14:46:01','2021-02-04 16:24:47'),(73,27,54,72,2,'2003-05-26 10:01:53','2021-02-04 16:24:47'),(74,16,74,96,2,'2005-11-02 19:41:23','2021-02-04 16:24:47'),(75,100,10,62,3,'2008-04-23 22:23:58','2021-02-04 16:24:47'),(76,51,24,22,2,'1971-11-23 14:49:08','2021-02-04 16:24:47'),(77,54,91,23,1,'1983-03-11 20:51:19','2021-02-04 16:24:47'),(78,17,81,48,3,'2013-01-18 10:16:51','2021-02-04 16:24:24'),(79,24,33,73,2,'1972-07-28 09:57:58','2021-02-04 16:24:47'),(80,68,21,18,2,'1994-05-31 11:03:26','2021-02-04 16:24:47'),(81,68,8,73,2,'1982-01-10 07:45:54','2021-02-04 16:24:47'),(82,33,73,10,2,'1971-10-26 08:36:09','2021-02-04 16:24:47'),(83,62,42,30,3,'2017-10-26 21:45:44','2021-02-04 16:24:47'),(84,9,88,19,2,'1973-05-12 19:28:14','2021-02-04 16:24:47'),(85,59,17,5,1,'1972-05-07 12:15:16','2021-02-04 16:24:47'),(86,67,19,68,3,'1993-07-08 04:07:51','2021-02-04 16:24:47'),(87,57,46,26,3,'2002-10-14 00:27:53','2021-02-04 16:24:47'),(88,84,70,23,3,'1970-12-18 21:31:16','2021-02-04 16:24:47'),(89,48,11,35,3,'1981-02-23 17:58:41','2021-02-04 16:24:47'),(90,86,47,8,2,'1994-07-01 09:54:05','2021-02-04 16:24:47'),(91,88,100,33,3,'2013-11-03 07:24:47','2021-02-04 16:24:47'),(92,81,61,43,2,'2011-03-08 16:10:57','2021-02-04 16:24:47'),(93,39,1,15,1,'2007-01-19 13:24:35','2021-02-04 16:24:47'),(94,52,24,45,1,'2017-05-13 08:38:08','2021-02-04 16:24:24'),(95,43,14,80,1,'2017-10-20 14:34:31','2021-02-04 16:24:47'),(96,59,98,66,1,'1979-06-18 22:24:47','2021-02-04 16:24:47'),(97,65,49,88,3,'2008-06-06 16:01:39','2021-02-04 16:24:47'),(98,47,48,43,2,'2004-11-17 22:01:34','2021-02-04 16:24:47'),(99,40,95,48,3,'2004-12-13 08:09:39','2021-02-04 16:24:47'),(100,57,29,10,3,'1997-03-19 21:56:33','2021-02-04 16:24:47');
/*!40000 ALTER TABLE `idcards` ENABLE KEYS */;
UNLOCK TABLES;

--
-- Table structure for table `impression_type`
--

DROP TABLE IF EXISTS `impression_type`;
/*!40101 SET @saved_cs_client     = @@character_set_client */;
/*!50503 SET character_set_client = utf8mb4 */;
CREATE TABLE `impression_type` (
  `id` int unsigned NOT NULL AUTO_INCREMENT COMMENT 'Идентификатор строки',
  `name` text CHARACTER SET utf8mb4 COLLATE utf8mb4_unicode_ci NOT NULL COMMENT 'Тип впечатления',
  `created_at` datetime DEFAULT CURRENT_TIMESTAMP COMMENT 'Время создания строки',
  `updated_at` datetime DEFAULT CURRENT_TIMESTAMP ON UPDATE CURRENT_TIMESTAMP COMMENT 'Время обновления строки',
  PRIMARY KEY (`id`)
) ENGINE=InnoDB AUTO_INCREMENT=101 DEFAULT CHARSET=utf8mb4 COLLATE=utf8mb4_unicode_ci COMMENT='Тип впечатления';
/*!40101 SET character_set_client = @saved_cs_client */;

--
-- Dumping data for table `impression_type`
--

LOCK TABLES `impression_type` WRITE;
/*!40000 ALTER TABLE `impression_type` DISABLE KEYS */;
INSERT INTO `impression_type` VALUES (1,'Еда и напитки','1982-08-24 13:09:42','2018-10-29 05:09:08'),(2,'Искусство и культура','2013-03-27 19:58:15','2017-06-09 07:49:19'),(3,'Туры по городу','1981-02-07 10:33:09','2000-04-30 16:57:56'),(4,'Развлечения','1983-09-14 21:38:45','2021-02-04 16:27:42'),(5,'Виды спорта','2018-06-10 19:46:05','2021-02-04 16:27:42'),(6,'Транспортные','2018-04-06 13:32:54','2021-02-04 16:27:42');
/*!40000 ALTER TABLE `impression_type` ENABLE KEYS */;
UNLOCK TABLES;

--
-- Table structure for table `impressions`
--

DROP TABLE IF EXISTS `impressions`;
/*!40101 SET @saved_cs_client     = @@character_set_client */;
/*!50503 SET character_set_client = utf8mb4 */;
CREATE TABLE `impressions` (
  `id` int unsigned NOT NULL AUTO_INCREMENT COMMENT 'Идентификатор строки',
  `from_user_id` int unsigned NOT NULL COMMENT 'Ссылка на создателя объявления',
  `impression_type_id` int unsigned DEFAULT NULL COMMENT 'Ссылка на тип впечатления',
  `onlineimpression_type_id` int unsigned DEFAULT NULL COMMENT 'Ссылка на тип онлайн впечатления',
  `media_id` int unsigned NOT NULL COMMENT 'Ссылка на медиа',
  `cities_id` int unsigned NOT NULL COMMENT 'Ссылка на города',
  `countries_id` int unsigned NOT NULL COMMENT 'Ссылка на страны',
  `cost` float unsigned NOT NULL COMMENT 'Цена',
  `rating` float unsigned NOT NULL COMMENT 'Рейтинг',
  `head` varchar(150) CHARACTER SET utf8mb4 COLLATE utf8mb4_unicode_ci NOT NULL COMMENT 'Название впечатления',
  `body` text CHARACTER SET utf8mb4 COLLATE utf8mb4_unicode_ci NOT NULL COMMENT 'Текст описания',
  `created_at` datetime DEFAULT CURRENT_TIMESTAMP COMMENT 'Время создания строки',
  `updated_at` datetime DEFAULT CURRENT_TIMESTAMP ON UPDATE CURRENT_TIMESTAMP COMMENT 'Время обновления строки',
  PRIMARY KEY (`id`),
  KEY `from_user_id` (`from_user_id`),
  KEY `impression_type_id` (`impression_type_id`),
  KEY `onlineimpression_type_id` (`onlineimpression_type_id`),
  KEY `media_id` (`media_id`),
  KEY `cities_id` (`cities_id`),
  KEY `countries_id` (`countries_id`),
  CONSTRAINT `impressions_ibfk_1` FOREIGN KEY (`from_user_id`) REFERENCES `users` (`id`),
  CONSTRAINT `impressions_ibfk_2` FOREIGN KEY (`impression_type_id`) REFERENCES `impression_type` (`id`),
  CONSTRAINT `impressions_ibfk_3` FOREIGN KEY (`onlineimpression_type_id`) REFERENCES `onlineimpression_type` (`id`),
  CONSTRAINT `impressions_ibfk_4` FOREIGN KEY (`media_id`) REFERENCES `media` (`id`),
  CONSTRAINT `impressions_ibfk_5` FOREIGN KEY (`cities_id`) REFERENCES `cities` (`id`),
  CONSTRAINT `impressions_ibfk_6` FOREIGN KEY (`countries_id`) REFERENCES `countries` (`id`)
) ENGINE=InnoDB AUTO_INCREMENT=101 DEFAULT CHARSET=utf8mb4 COLLATE=utf8mb4_unicode_ci COMMENT='Впечатления';
/*!40101 SET character_set_client = @saved_cs_client */;

--
-- Dumping data for table `impressions`
--

LOCK TABLES `impressions` WRITE;
/*!40000 ALTER TABLE `impressions` DISABLE KEYS */;
INSERT INTO `impressions` VALUES (1,65,3,2,83,32,13,85076,4,'error','Fugit doloremque similique porro blanditiis magnam quam eos. Necessitatibus optio non cumque modi velit ut. Deserunt et explicabo quis necessitatibus.','2004-12-26 04:28:50','2021-02-04 16:31:35'),(2,97,6,18,72,3,36,70572,2,'magni','Ipsa nihil omnis id cupiditate. Natus quam et fugiat culpa labore veritatis quia qui. Eveniet sint qui tenetur dicta expedita repellat.','1992-07-20 19:24:48','2021-02-04 16:31:35'),(3,89,1,12,14,20,41,97634,1,'sed','Et voluptas vel qui quasi dolorem. Aut totam possimus dignissimos rerum magni nesciunt. Placeat culpa voluptatibus sit.','2019-06-19 15:51:42','2021-02-04 16:31:35'),(4,51,4,6,53,89,96,76454,4,'nemo','Labore deserunt repudiandae expedita velit ut molestiae similique. Autem tenetur aperiam voluptates quae consequatur sed. Quia illo reprehenderit qui ut molestias id. Autem et itaque sunt possimus suscipit.','1991-10-13 14:26:50','2021-02-04 16:31:35'),(5,88,4,11,22,84,55,89366,3,'corrupti','Ipsa eum iusto sint iusto. Voluptatibus quo molestiae commodi qui enim sed. Quidem modi qui provident eum necessitatibus vel inventore.','1992-01-02 15:13:52','2021-02-04 16:31:35'),(6,88,1,18,49,51,87,17469,2,'voluptas','Blanditiis sint et nulla et et omnis. Sit atque ipsam doloremque voluptatem officiis.','2005-10-02 18:08:15','2021-02-04 16:31:35'),(7,73,4,1,78,4,69,19244,1,'ratione','Nulla repellat esse eius praesentium in. Voluptatem dolor necessitatibus soluta velit aspernatur ut. Doloribus iure in natus vero. Quibusdam ipsa deleniti temporibus perspiciatis voluptatem quam neque accusantium.','1985-12-15 18:51:29','2021-02-04 16:31:35'),(8,2,6,6,43,69,83,43812,2,'et','Ab est eos qui aspernatur esse aut. Perspiciatis illum autem consequatur aut nihil sapiente eum. Sed molestias est ut.','1982-08-06 08:08:13','2021-02-04 16:31:35'),(9,89,6,8,82,29,9,61330,5,'quia','Magnam ipsa et voluptate et. Voluptas harum deserunt consequatur quos et. Quaerat voluptatem sint laborum. Dolores perferendis alias nesciunt et vel.','1982-03-10 03:47:41','2021-02-04 16:31:35'),(10,39,5,6,78,38,93,75211,2,'est','Laborum amet at itaque. Assumenda ut velit aut ut minus laborum debitis. Voluptatum recusandae dolor tempore consequuntur consectetur. Ad libero incidunt neque.','1992-10-21 05:29:14','2021-02-04 16:31:35'),(11,29,1,3,44,5,41,92064,3,'id','Perferendis molestias quas aperiam et nobis quos voluptas. Officia commodi aliquid ipsum velit. Incidunt quibusdam tenetur impedit sit ducimus. Vel perspiciatis praesentium ipsum atque. Quos dignissimos quis cupiditate ut.','1992-11-28 23:59:14','2021-02-04 16:31:35'),(12,28,5,13,84,7,22,34687,5,'aspernatur','Qui ratione tempora saepe enim. Sit necessitatibus temporibus dolorem eum nulla qui voluptatem. Sit enim repellat cum.','1987-12-19 06:33:48','2021-02-04 16:31:35'),(13,53,5,3,89,23,88,97243,5,'rerum','Quisquam sunt temporibus error rem aut distinctio. Sed aut cupiditate ut corporis laborum dicta mollitia. Earum deserunt occaecati laudantium voluptatem dolore totam. Culpa ut excepturi neque fuga nemo aut quo distinctio. Vero mollitia omnis officia aperiam.','2008-12-21 08:34:33','2021-02-04 16:31:35'),(14,80,5,12,94,90,74,82155,3,'porro','Debitis adipisci ut officia ea harum hic officia earum. Esse qui sit est. Et veniam id et earum ut repellendus. Dolor qui voluptatem ex aut. Commodi quas modi atque quis consequatur.','1996-06-01 03:51:36','2021-02-04 16:31:35'),(15,41,4,14,100,82,6,19045,5,'eveniet','Accusantium dolorum commodi illum veritatis dolorem ut dolorem. Cum nihil adipisci ea natus.','1986-08-28 16:52:58','2021-02-04 16:31:35'),(16,63,4,13,19,38,8,48758,4,'excepturi','Veritatis modi quo sapiente enim fuga laborum. Occaecati vitae ut sapiente cumque. Sit quae exercitationem adipisci accusantium ea architecto. Quis amet et laborum nemo aliquid.','1982-12-10 04:14:34','2021-02-04 16:31:35'),(17,94,3,8,95,46,20,86655,5,'est','Quo eos quae odio quia magnam quia. Et saepe est et qui voluptatum. Iure sequi cumque repudiandae numquam et voluptatem. Omnis soluta cumque fuga recusandae quidem.','1973-09-26 07:53:46','2021-02-04 16:31:35'),(18,80,1,1,18,13,74,87001,5,'facilis','Optio et officia quia dolorem pariatur animi ea. Quia porro velit qui similique ut. Eligendi consequatur est eaque iure similique repellat. Esse nobis amet recusandae totam rem sed.','2001-08-29 17:22:26','2021-02-04 16:31:35'),(19,19,4,14,4,29,11,75039,3,'ut','Delectus impedit nulla officiis provident eius corrupti quas perferendis. Voluptatum odit quo quam et ipsa. Sed nisi ducimus placeat rem velit omnis. Amet sed quidem sint alias earum est occaecati.','1971-03-17 20:54:37','2021-02-04 16:31:35'),(20,51,2,13,64,4,32,14192,5,'laboriosam','Ea sint accusamus corporis ipsa. Dolorem sit necessitatibus repudiandae deleniti cupiditate delectus. Facilis veritatis alias iste quis quia.','1998-01-13 14:58:43','2021-02-04 16:31:35'),(21,99,3,4,9,31,28,45840,1,'facere','Occaecati vero dolorum qui rem ratione. Nihil eos dolore et facere similique.','2006-06-25 00:06:08','2021-02-04 16:31:35'),(22,40,4,1,52,46,42,86627,3,'omnis','Nam eos et enim sint ratione dignissimos. Veniam hic adipisci rem et. Totam maiores et modi velit doloribus non. Ut ipsum et labore dolorum voluptatem doloribus et ad.','1998-08-22 04:42:51','2021-02-04 16:31:35'),(23,5,5,8,34,34,25,95613,2,'voluptatem','Nisi et rerum qui adipisci. Ea eum officiis doloribus accusantium quam. Iure nesciunt sint ut facilis autem. Ea beatae qui sed.','1983-03-23 06:02:00','2021-02-04 16:31:35'),(24,5,6,3,12,31,99,18183,1,'odit','In totam ipsam quasi atque voluptates. Assumenda est eos ut veritatis fuga fuga qui. Et sed repudiandae dolorem veritatis quia. Eos suscipit adipisci aliquid nihil. Facilis est rerum omnis voluptatem non eum aut et.','2001-10-08 22:24:50','2021-02-04 16:31:35'),(25,10,2,9,59,53,18,4074,4,'totam','Corrupti asperiores id quis impedit porro in explicabo ea. Quod sapiente minus recusandae voluptas. Consectetur ex aut quia inventore. Iure dolorem maiores enim sequi libero esse soluta.','1990-03-25 15:26:41','2021-02-04 16:31:35'),(26,34,3,14,57,73,95,65823,5,'odio','Nostrum qui sequi culpa excepturi quia autem et. Qui dolorem vel ut exercitationem corrupti ipsum et harum.','1990-09-05 14:48:45','2021-02-04 16:31:35'),(27,41,1,10,8,5,21,16891,2,'aut','Eum voluptas non dignissimos molestias pariatur ratione. Reprehenderit eos nulla itaque earum cumque voluptatem. Labore consequatur excepturi odit laboriosam in. Similique eius quis et labore.','1974-04-27 07:39:25','2021-02-04 16:31:35'),(28,1,4,5,68,6,19,86988,1,'in','Dolorum nulla assumenda occaecati adipisci eaque. Voluptatum ut temporibus facere reiciendis. Cum commodi quasi et facilis deleniti sed. Inventore quia quam dolor iure.','1998-01-22 21:44:01','2021-02-04 16:31:35'),(29,83,2,13,14,14,32,84265,3,'cum','Accusantium neque dolores cum sed. Rerum similique consequatur est necessitatibus est aliquam et explicabo. Dignissimos laboriosam perferendis minus et. Et asperiores et mollitia et expedita vitae.','2002-01-19 22:26:14','2021-02-04 16:31:35'),(30,10,3,12,66,51,2,60360,5,'vel','Odio ratione officiis et velit pariatur et. Aut iusto vel ducimus facilis. Consectetur porro sit suscipit vitae sit in voluptatem quo. Vero vel eaque quos illum impedit praesentium magni.','1992-02-08 15:40:25','2021-02-04 16:31:35'),(31,100,3,5,87,12,15,49003,3,'beatae','Sed doloremque fuga sequi ea. Velit sed hic qui exercitationem qui. Delectus laborum provident numquam. Quo modi ut eveniet ducimus fugit iste nostrum fugiat.','1982-05-27 04:07:36','2021-02-04 16:31:35'),(32,71,2,4,36,6,69,63937,5,'reprehenderit','Corrupti dolore ut inventore possimus omnis reprehenderit. Dolor et non quaerat et. In est in natus similique corrupti recusandae error. Corrupti doloremque eum id fugiat omnis.','1976-03-23 05:09:15','2021-02-04 16:31:35'),(33,53,5,4,20,96,99,72674,4,'aut','Eum at rerum ut autem voluptatum. Et beatae ut nihil repudiandae. Deserunt provident vel in rerum et. Odit et dolorem mollitia et odit facilis molestiae natus.','1973-03-26 00:41:41','2021-02-04 16:31:35'),(34,54,2,9,89,60,89,71561,2,'magnam','Rerum tempore doloremque iure esse et voluptatum. Facere quia non ad iste incidunt perferendis cumque. Itaque et reiciendis ut nihil nobis excepturi. Est aliquam qui dolor maiores optio modi in.','1985-12-15 15:18:31','2021-02-04 16:31:35'),(35,9,5,15,86,10,46,39779,4,'incidunt','Consequatur sed nihil quia tempore et vero. Omnis necessitatibus dignissimos corporis id. Et eveniet quibusdam necessitatibus.','1974-03-07 15:17:48','2021-02-04 16:31:35'),(36,82,2,10,62,72,63,84214,2,'explicabo','Nam ducimus tenetur non quia molestiae tempore. Et nam nulla officiis excepturi laborum aperiam quae. Architecto dolores repellat et dolorem voluptates.','2014-10-20 08:00:14','2021-02-04 16:31:35'),(37,82,2,6,54,30,75,1731,1,'est','Quos laborum dolore et amet dolore numquam voluptas quia. Dolores sit debitis deserunt qui distinctio ratione suscipit. Ut nobis sit quam sint quia consequuntur.','2020-04-06 11:09:24','2021-02-04 16:31:35'),(38,66,1,15,80,31,87,56015,3,'quis','Voluptas dolor velit quia perspiciatis modi. Consequatur laborum aspernatur dolor vitae. Et magnam totam aspernatur vel.','2000-07-02 22:59:42','2021-02-04 16:31:35'),(39,81,5,6,38,68,10,74879,3,'consequuntur','Sed illum molestiae adipisci reiciendis. Sit et adipisci modi dolor consequatur sed hic. Id porro ullam autem corporis dolorum maxime fugiat rem.','1978-12-30 19:58:22','2021-02-04 16:31:35'),(40,6,3,17,52,43,88,6352,2,'ut','Sit qui maxime ut exercitationem magni voluptatem est cum. Cupiditate quia voluptatem ab natus rerum. Perferendis architecto non perferendis beatae rerum quibusdam ut perferendis. Officia fugit nihil nostrum voluptates.','2009-08-10 00:30:05','2021-02-04 16:31:35'),(41,86,1,14,45,13,8,7120,3,'modi','Veniam dolor aut quisquam doloremque exercitationem eum nisi. Amet et maiores asperiores corrupti perferendis iure. Consequatur incidunt atque est accusamus aut.','1975-06-19 06:45:11','2021-02-04 16:31:35'),(42,13,6,1,67,35,78,16544,3,'tempora','Tempora vero sint quos laborum ut. Distinctio facere veritatis nesciunt temporibus quasi quas. Repellat rerum provident voluptatibus.','1972-04-18 12:00:30','2021-02-04 16:31:35'),(43,6,2,14,100,36,64,61359,3,'quod','Vero voluptatem est id ut totam veniam minima. In perspiciatis eum quia magni eos. Placeat voluptatum ipsa non quisquam nostrum autem beatae. Occaecati reiciendis enim eaque eum eos.','1970-05-02 22:08:43','2021-02-04 16:31:35'),(44,91,5,16,99,73,84,57163,4,'facilis','Repellat dolorum ab laboriosam. Qui sunt recusandae deserunt quos. Enim iusto eius ut in quaerat earum consequuntur.','1979-01-09 04:24:57','2021-02-04 16:31:35'),(45,34,6,18,93,55,29,1739,1,'rerum','Nemo dolorum illum nulla facilis maiores dolor tenetur. Suscipit laborum ab autem omnis numquam qui praesentium. Mollitia voluptatem rerum est qui sapiente at. Aperiam veniam corrupti odit.','1978-11-24 08:13:13','2021-02-04 16:31:35'),(46,99,3,7,67,59,94,37207,1,'quo','Quo ipsa dicta ullam. Sed et non ab dolores sequi ad. Et animi optio corporis dolores. Consectetur similique et officiis corrupti provident quia. Enim itaque esse et et.','2011-02-04 22:22:09','2021-02-04 16:31:35'),(47,91,3,14,55,28,83,80814,1,'qui','Quia soluta iure ipsum. Sit eligendi exercitationem reprehenderit odio est sed voluptas. Modi nemo ab rerum et. Quas non explicabo atque blanditiis saepe exercitationem.','1992-06-06 08:34:27','2021-02-04 16:31:35'),(48,57,6,12,77,64,31,92450,1,'officia','Rerum impedit non soluta non doloremque. Exercitationem nemo ex adipisci atque ut. Assumenda quos quod voluptas autem tenetur laborum sed.','1999-02-28 07:04:21','2021-02-04 16:31:35'),(49,13,2,2,16,32,5,19807,4,'vero','Aut libero deleniti reprehenderit perferendis pariatur voluptatum consequatur. Molestiae omnis et omnis ipsum aspernatur sapiente placeat. Hic id amet minima et officiis explicabo consequuntur. Qui est velit ad.','1986-09-18 14:31:59','2021-02-04 16:31:35'),(50,93,3,7,50,71,32,21683,2,'ad','Ipsum laudantium molestias inventore aspernatur. Et ex delectus porro nisi dolor dignissimos repellendus. Illo similique est harum consequatur.','2008-12-09 20:37:46','2021-02-04 16:31:35'),(51,24,1,11,100,58,44,48997,5,'expedita','Laborum et quidem molestias voluptas perspiciatis libero mollitia. Nam est perferendis assumenda velit saepe aut fuga numquam.','1994-11-05 22:07:38','2021-02-04 16:31:35'),(52,41,2,14,51,77,23,79933,5,'tenetur','Quas reprehenderit velit placeat voluptatem asperiores ut qui. Alias delectus quo ut. Ipsa molestiae quasi assumenda impedit ea ad excepturi.','2015-07-01 01:57:02','2021-02-04 16:31:35'),(53,33,6,1,54,9,83,52675,1,'possimus','Minima et est occaecati cum est est. Placeat laborum quasi repudiandae dolorum eveniet recusandae in ut. Possimus quia temporibus autem. Non cumque et sed voluptatibus quae.','1987-09-29 10:43:08','2021-02-04 16:31:35'),(54,41,1,17,18,16,44,23575,3,'beatae','Tempora architecto sunt ex quia ut et voluptates praesentium. Doloribus sed cumque nisi. Aut adipisci molestiae inventore pariatur velit tempora accusantium.','1993-10-27 17:25:24','2021-02-04 16:31:35'),(55,7,5,11,27,50,73,59851,5,'et','Id minus architecto repudiandae nulla. Iste quibusdam ea ut voluptas et impedit alias. Sit omnis rerum et ad sit similique quas. Aliquam vel voluptas voluptatem corporis natus quo perferendis. Officia fugiat vitae culpa.','2019-01-08 18:50:00','2021-02-04 16:31:35'),(56,13,4,2,80,2,32,28528,2,'quo','Nesciunt ut incidunt suscipit debitis quisquam ipsum qui. Aperiam aut non est aliquid. Hic voluptatem eum ullam ipsum et atque doloribus. Ab ea illum nemo dignissimos rerum qui.','1997-02-23 03:31:04','2021-02-04 16:31:35'),(57,40,2,11,20,60,38,63086,2,'natus','Voluptatem ipsam sunt atque aliquam soluta facere. Unde eaque hic quia eligendi voluptatem qui aut. Voluptas doloremque consequuntur voluptatibus laudantium assumenda repellat. Id sint nesciunt ullam tenetur.','1995-10-28 21:22:52','2021-02-04 16:31:35'),(58,62,6,12,58,92,95,29845,2,'non','Maxime libero tempora ad cumque nisi ipsa voluptates. Voluptatum soluta accusantium unde eaque fuga. Aliquam exercitationem possimus illum error molestiae ipsum odio.','1982-08-15 12:51:19','2021-02-04 16:31:35'),(59,88,3,12,30,81,61,59967,1,'saepe','Accusamus facere soluta libero ratione accusamus qui. Omnis laborum ad labore eligendi optio libero. Praesentium doloremque qui eveniet explicabo. Consequatur officiis eum laboriosam ut et aut dolores accusamus.','1970-06-08 12:48:49','2021-02-04 16:31:35'),(60,56,4,3,73,27,18,10299,3,'quo','Rem veniam sit sint iusto sunt aperiam et. Sed sapiente officiis in suscipit nobis molestiae. Doloribus recusandae magni perspiciatis ex. Accusamus esse debitis mollitia dolores officiis aut.','1976-09-18 20:33:45','2021-02-04 16:31:35'),(61,15,5,15,78,90,8,71593,2,'cumque','Vel aut porro adipisci nobis exercitationem voluptas eligendi. Pariatur magni sed nam qui ut aut est. Esse iste a inventore fugit unde porro praesentium. Eum veritatis nihil reiciendis vero. Officiis qui et molestiae.','2009-11-29 20:57:43','2021-02-04 16:31:35'),(62,6,5,14,69,72,87,27066,2,'vitae','Voluptatem provident quia libero molestiae. Amet libero vitae est omnis. Placeat expedita rerum repudiandae reprehenderit eaque et blanditiis. Voluptatem incidunt aliquid delectus corrupti recusandae tempora.','1984-07-30 09:18:50','2021-02-04 16:31:35'),(63,86,3,4,11,86,8,20554,5,'qui','Dolorum aut vel et et expedita aut esse aut. Eligendi molestias et excepturi neque.','1989-09-02 14:37:47','2021-02-04 16:31:35'),(64,11,2,13,46,16,80,21568,1,'possimus','Illum velit cupiditate quae provident tempora modi id. Nulla quasi eos libero amet aut. Enim consequuntur ea explicabo et qui ipsum minima tempore.','2012-08-22 02:24:37','2021-02-04 16:31:35'),(65,95,5,17,99,21,74,46180,4,'nesciunt','Non ipsa consequuntur qui exercitationem harum non. Reiciendis cupiditate ea quibusdam vel sapiente voluptatem. Et at corrupti eum ducimus velit vero.','1973-12-22 21:20:47','2021-02-04 16:31:35'),(66,43,1,10,54,56,30,66193,3,'illo','Tempora sint delectus temporibus voluptas iure dolor odio. Ipsam autem unde quia amet. Doloribus recusandae ad sed accusamus eum.','2005-06-07 06:23:41','2021-02-04 16:31:35'),(67,27,1,16,75,17,26,92426,3,'est','Aut ut quia voluptas enim. Consequuntur ullam qui molestiae cum voluptas. Exercitationem quo voluptates sapiente eos doloribus incidunt.','2004-12-05 00:49:13','2021-02-04 16:31:35'),(68,9,3,15,12,18,41,63549,3,'inventore','Perspiciatis necessitatibus impedit rerum molestiae aliquid. Ipsum voluptatem dicta possimus provident beatae. Eos maxime consequuntur at et ut at quasi. Natus provident libero sint distinctio optio inventore.','1974-08-03 00:17:19','2021-02-04 16:31:35'),(69,61,5,10,32,36,25,40467,3,'dicta','Veritatis sint rerum praesentium debitis est doloremque id. Est ducimus beatae autem eligendi aut voluptate neque. Explicabo laborum est numquam deserunt eos sed. Ut suscipit aut laudantium accusantium.','1998-05-11 14:23:01','2021-02-04 16:31:35'),(70,80,4,1,25,25,1,11689,3,'eum','Inventore deserunt magni dolores earum sed et qui. At et vel eos numquam asperiores blanditiis. Doloremque aliquid aspernatur minima iste ipsa expedita.','1988-12-28 00:30:24','2021-02-04 16:31:35'),(71,14,2,11,27,17,32,37042,2,'excepturi','Labore id debitis natus quis. Sed qui placeat voluptatem velit eum.','1974-05-14 12:22:53','2021-02-04 16:31:35'),(72,31,1,18,62,9,57,50142,3,'et','Ratione expedita saepe voluptates natus iusto voluptas qui. Accusantium sed sequi eos sint nihil sit sint qui. Impedit expedita aut qui aut accusamus vel animi. Rerum earum animi et est velit reprehenderit ab. Dolore autem cum omnis dolore maxime ut assumenda delectus.','1980-12-23 05:35:30','2021-02-04 16:31:35'),(73,13,3,1,27,93,86,39583,1,'illo','Dolores voluptas omnis perspiciatis blanditiis in. Sit quia beatae et. Error quidem iure et in non autem et. Exercitationem vel qui corrupti beatae maxime.','2002-04-27 07:31:15','2021-02-04 16:31:35'),(74,69,4,6,50,36,60,47490,3,'corrupti','Quia ut quibusdam ratione incidunt qui ad dolorem. Quis a ad eaque ea odit quod. Tempora molestias illo reiciendis enim illum deserunt. Quod aut officia necessitatibus.','2003-05-27 19:26:58','2021-02-04 16:31:35'),(75,7,5,8,69,3,42,18698,5,'debitis','Non omnis aut repellat ut saepe. Sed architecto autem ipsam eum in consequatur incidunt. Dicta quia consectetur fugiat id a saepe dolorum.','1981-05-15 09:18:38','2021-02-04 16:31:35'),(76,27,6,5,94,5,28,51021,3,'sequi','Similique tenetur aliquid reprehenderit quae ut. Dolorem amet vitae sunt itaque dolorem vel sint ratione. Beatae enim voluptate repudiandae ipsa. Accusamus sed consequuntur vitae vero voluptas architecto.','1990-04-01 07:43:17','2021-02-04 16:31:35'),(77,14,4,18,64,15,13,99010,2,'enim','Vitae cum eius dolor non tenetur dolores. Libero et earum est sint recusandae aperiam enim. Iste error quia sed velit.','1977-02-12 05:02:17','2021-02-04 16:31:35'),(78,87,1,18,37,60,82,41987,3,'nisi','Consequatur corrupti maxime soluta. Distinctio nam asperiores tempore id.','1979-02-17 12:43:07','2021-02-04 16:31:35'),(79,92,4,2,90,56,72,12905,3,'similique','Earum dolorum nam sit quisquam commodi consequuntur. Quas voluptates ut similique tenetur autem ut rerum.','1970-05-17 08:50:51','2021-02-04 16:31:35'),(80,1,4,8,40,100,11,38565,5,'at','Optio recusandae ut officia nemo facere eius culpa. Quo repudiandae magni quidem dolorem. Et eos earum temporibus quae.','2009-03-19 05:51:44','2021-02-04 16:31:35'),(81,28,4,17,29,32,41,54107,3,'reiciendis','Qui ut autem et deleniti quas. Qui illum autem ut architecto. Commodi voluptatum veniam quo nemo. Eligendi animi hic id aut culpa quos ea. Qui autem est dolores rerum minus ipsum rem excepturi.','1986-08-07 03:00:51','2021-02-04 16:31:35'),(82,35,6,5,26,60,69,54842,4,'porro','Odio error porro nostrum totam. Beatae est voluptas ullam incidunt dolorem quisquam rerum. Aut iure sapiente et quia sit.','1979-09-22 03:55:59','2021-02-04 16:31:35'),(83,90,6,12,43,2,20,11885,5,'est','Consequatur aliquid excepturi sit alias aut ipsam doloribus. Nihil quos perferendis rerum aut nihil. Eius aut non qui quisquam est. Nesciunt qui autem ea omnis fugiat autem.','1980-03-05 18:25:08','2021-02-04 16:31:35'),(84,45,5,6,37,28,96,94901,2,'harum','Laudantium aut tenetur eaque eaque id laboriosam rerum. Sit molestiae animi maxime voluptatibus dolores consequatur. Expedita voluptas quia inventore praesentium nihil omnis consequatur. Voluptatem ut velit nihil omnis.','1970-10-27 15:26:44','2021-02-04 16:31:35'),(85,56,2,11,55,34,19,38850,5,'quis','Libero vel ipsam sunt quas voluptas. Ea eum officia eveniet facilis aperiam reprehenderit laboriosam. Saepe officiis pariatur aut atque velit consequatur officia.','2009-10-12 02:45:02','2021-02-04 16:31:35'),(86,44,4,18,62,86,7,9547,5,'qui','Minima sit numquam est quis aut maxime. Aspernatur voluptatem eos repellendus voluptatibus delectus similique et.','1988-11-10 08:51:27','2021-02-04 16:31:35'),(87,53,1,1,47,26,77,31183,2,'voluptatum','Harum in aut repellendus quam deserunt. Qui necessitatibus explicabo voluptatum illo aut dolorem dolorum.','2010-06-05 11:45:28','2021-02-04 16:31:35'),(88,31,1,8,48,73,63,27274,5,'cupiditate','Illo corporis sit repudiandae laudantium voluptates. Sit facere omnis porro commodi eum maiores. Consequuntur magni hic distinctio eos asperiores corrupti dolorem quis. Sit sapiente similique magni repellat iusto excepturi.','1993-09-03 20:14:39','2021-02-04 16:31:35'),(89,98,6,18,96,84,83,42819,1,'incidunt','Quis ad repellendus doloremque iste optio. Quas sint molestias debitis eius et quod. Impedit qui qui rerum qui dolor.','1978-05-20 23:35:19','2021-02-04 16:31:35'),(90,94,1,10,37,3,27,32275,3,'doloremque','Corporis facilis reprehenderit ut voluptatem. Placeat sint nihil velit iste ad.','2015-07-01 21:40:41','2021-02-04 16:31:35'),(91,77,6,14,94,64,84,32916,5,'odit','Similique ducimus aut cumque et qui sunt quia. Dolores numquam voluptas et fugit consequatur occaecati perspiciatis quaerat. Sequi ad sit in repellat quasi inventore.','1974-01-18 03:08:50','2021-02-04 16:31:35'),(92,100,4,4,62,9,40,67753,3,'rem','Eius rem non minima et neque necessitatibus ipsam quos. Eligendi ab natus temporibus sint reprehenderit dolor sit.','2004-12-30 19:44:28','2021-02-04 16:31:35'),(93,72,4,11,26,51,46,40017,4,'modi','Autem sapiente consequuntur corporis qui non. Incidunt sed ut deserunt. Quia dolore neque exercitationem nobis commodi aperiam.','2010-06-14 14:34:58','2021-02-04 16:31:35'),(94,57,5,10,43,26,10,96828,1,'tempore','Nesciunt deserunt et eveniet maxime autem repudiandae. Corrupti nemo dolorum consequuntur vero fugit. Repellat sed reprehenderit ipsum delectus vitae inventore inventore.','2005-07-23 04:09:39','2021-02-04 16:31:35'),(95,68,6,15,38,80,10,64087,3,'est','Dicta est fuga aperiam voluptas ipsam possimus soluta quaerat. Ut commodi rerum cupiditate dolorum in voluptatibus quis. Non deserunt ipsam voluptas minus ut.','2009-10-23 22:45:58','2021-02-04 16:31:35'),(96,68,1,8,61,21,18,29949,1,'aliquid','Est omnis aspernatur dolores aut laudantium. Labore nostrum quo totam ut ut debitis rerum. Numquam voluptatibus tempore aliquid non explicabo temporibus beatae quis. Nulla assumenda iusto ut aliquid veritatis porro.','1973-04-26 04:09:26','2021-02-04 16:31:35'),(97,35,6,13,91,64,63,57487,5,'distinctio','Modi atque alias omnis possimus corrupti voluptas corporis. Eius incidunt eaque non dolor tempora qui. Placeat ut aliquid quisquam nihil blanditiis voluptas. Illo nesciunt incidunt sunt autem et reprehenderit.','1971-07-22 20:13:17','2021-02-04 16:31:35'),(98,71,4,7,72,56,61,97585,1,'nam','Enim sint deserunt expedita impedit. Et aut nihil consequatur aliquid dolore. Omnis dolores enim aut tempora aut quis aut. Repellat sint autem cumque cumque dolore.','1991-08-15 11:36:19','2021-02-04 16:31:35'),(99,50,5,10,87,89,14,15463,5,'non','Inventore deserunt quas quia dolor et totam. Temporibus ullam voluptatem deleniti esse ea magnam sit. Earum aut et accusamus maiores. Aut hic quae provident nobis alias.','2001-07-09 16:05:05','2021-02-04 16:31:35'),(100,38,3,11,19,76,85,84561,1,'porro','Accusamus qui illo et sit quos. Velit inventore at et omnis eaque ab.','1975-03-25 18:53:06','2021-02-04 16:31:35');
/*!40000 ALTER TABLE `impressions` ENABLE KEYS */;
UNLOCK TABLES;
/*!50003 SET @saved_cs_client      = @@character_set_client */ ;
/*!50003 SET @saved_cs_results     = @@character_set_results */ ;
/*!50003 SET @saved_col_connection = @@collation_connection */ ;
/*!50003 SET character_set_client  = utf8mb4 */ ;
/*!50003 SET character_set_results = utf8mb4 */ ;
/*!50003 SET collation_connection  = utf8mb4_0900_ai_ci */ ;
/*!50003 SET @saved_sql_mode       = @@sql_mode */ ;
/*!50003 SET sql_mode              = 'ONLY_FULL_GROUP_BY,STRICT_TRANS_TABLES,NO_ZERO_IN_DATE,NO_ZERO_DATE,ERROR_FOR_DIVISION_BY_ZERO,NO_ENGINE_SUBSTITUTION' */ ;
DELIMITER ;;
/*!50003 CREATE*/ /*!50017 DEFINER=`root`@`localhost`*/ /*!50003 TRIGGER `nullTrigger` BEFORE INSERT ON `impressions` FOR EACH ROW BEGIN
	IF(ISNULL(NEW.impression_type_id) AND ISNULL(NEW.onlineimpression_type_id)) THEN
		SIGNAL SQLSTATE '45000' SET MESSAGE_TEXT = 'Trigger Warning! NULL in both fields!';
	END IF;
END */;;
DELIMITER ;
/*!50003 SET sql_mode              = @saved_sql_mode */ ;
/*!50003 SET character_set_client  = @saved_cs_client */ ;
/*!50003 SET character_set_results = @saved_cs_results */ ;
/*!50003 SET collation_connection  = @saved_col_connection */ ;

--
-- Table structure for table `languages`
--

DROP TABLE IF EXISTS `languages`;
/*!40101 SET @saved_cs_client     = @@character_set_client */;
/*!50503 SET character_set_client = utf8mb4 */;
CREATE TABLE `languages` (
  `id` int unsigned NOT NULL AUTO_INCREMENT COMMENT 'Идентификатор строки',
  `name` text CHARACTER SET utf8mb4 COLLATE utf8mb4_unicode_ci NOT NULL COMMENT 'название языка',
  `created_at` datetime DEFAULT CURRENT_TIMESTAMP COMMENT 'Время создания строки',
  `updated_at` datetime DEFAULT CURRENT_TIMESTAMP ON UPDATE CURRENT_TIMESTAMP COMMENT 'Время обновления строки',
  PRIMARY KEY (`id`)
) ENGINE=InnoDB AUTO_INCREMENT=101 DEFAULT CHARSET=utf8mb4 COLLATE=utf8mb4_unicode_ci COMMENT='Языки';
/*!40101 SET character_set_client = @saved_cs_client */;

--
-- Dumping data for table `languages`
--

LOCK TABLES `languages` WRITE;
/*!40000 ALTER TABLE `languages` DISABLE KEYS */;
INSERT INTO `languages` VALUES (1,'ru','2000-05-31 11:13:23','2021-02-04 16:33:05'),(2,'es','2012-11-26 06:12:56','2021-02-04 16:33:05'),(3,'pt','1979-08-04 16:34:57','1981-11-04 11:49:18'),(4,'ru','1992-11-04 09:26:39','2021-02-04 16:33:05'),(5,'cn','1972-04-04 21:50:45','1999-07-11 10:10:57'),(6,'ru','1984-08-02 07:11:16','2019-10-23 10:40:12'),(7,'pt','1971-05-23 11:32:53','2009-05-23 09:01:20'),(8,'cn','1985-03-21 00:14:10','2021-02-04 16:33:05'),(9,'it','1974-04-02 04:00:49','2003-12-06 15:52:22'),(10,'it','2007-09-27 10:14:41','2013-10-25 14:26:42'),(11,'cn','1975-06-14 18:34:48','1980-01-30 19:15:46'),(12,'it','1994-01-04 08:17:15','2001-02-17 02:37:23'),(13,'cn','2013-08-18 20:11:03','2021-02-04 16:33:05'),(14,'pt','1999-09-27 18:24:10','2021-02-04 16:33:05'),(15,'es','1995-10-03 22:00:18','2021-02-04 16:33:05'),(16,'fr','1975-10-15 23:48:30','1990-08-09 18:15:39'),(17,'ru','2001-09-07 04:33:55','2021-02-04 16:33:05'),(18,'ru','1993-03-22 03:51:39','2021-02-04 16:33:05'),(19,'de','2011-10-20 17:11:33','2021-02-04 16:33:05'),(20,'de','2013-06-17 21:41:08','2021-02-04 16:33:05'),(21,'cn','1973-03-24 14:17:00','2003-07-25 04:16:52'),(22,'es','2004-10-12 23:45:34','2021-02-04 16:33:05'),(23,'en','1990-10-29 05:31:06','2021-02-04 16:33:05'),(24,'it','2020-02-28 11:33:38','2021-02-04 16:33:05'),(25,'es','1982-04-30 22:49:19','2010-04-02 16:10:17'),(26,'fr','2006-02-20 03:44:43','2021-02-04 16:33:05'),(27,'pt','1997-06-28 15:51:21','2013-01-02 06:05:01'),(28,'fr','1973-03-20 15:52:25','1994-03-26 01:22:42'),(29,'fr','1984-05-06 22:57:56','2021-02-04 16:33:05'),(30,'cn','2000-05-13 22:03:37','2021-02-04 16:33:05'),(31,'es','1992-08-25 22:21:36','2021-02-04 16:33:05'),(32,'de','2005-10-18 11:43:15','2021-02-04 16:33:05'),(33,'pt','2019-07-30 09:45:01','2021-02-04 16:33:05'),(34,'de','2005-03-10 11:46:08','2011-07-15 01:20:51'),(35,'it','1971-07-22 04:45:32','1978-10-21 07:58:48'),(36,'en','2018-01-16 14:25:45','2021-02-04 16:33:05'),(37,'pt','2002-04-10 11:39:25','2019-10-10 00:54:50'),(38,'cn','2006-11-24 05:50:23','2013-07-24 23:35:57'),(39,'de','1998-03-10 18:24:43','2004-07-08 03:25:45'),(40,'de','1980-05-25 16:18:49','2010-03-24 10:37:33'),(41,'fr','1976-10-05 02:17:55','1989-08-28 18:49:21'),(42,'ru','2000-07-24 12:49:43','2021-02-04 16:33:05'),(43,'fr','2007-04-30 23:15:36','2021-02-04 16:33:05'),(44,'fr','1993-12-18 06:31:48','2011-08-17 09:01:22'),(45,'fr','1974-01-29 07:18:20','2018-12-27 20:52:03'),(46,'pt','2004-11-28 03:07:41','2018-05-19 19:59:30'),(47,'de','2010-11-21 08:14:23','2021-02-04 16:33:05'),(48,'it','2012-07-14 22:21:09','2021-02-04 16:33:05'),(49,'en','2011-08-22 16:33:05','2014-10-06 12:51:05'),(50,'en','2002-12-12 20:53:28','2021-02-04 16:33:05'),(51,'cn','2004-06-20 06:52:47','2019-08-12 07:06:21'),(52,'es','2019-03-06 03:44:19','2021-02-04 16:33:05'),(53,'de','2016-10-11 09:14:26','2021-02-04 16:33:05'),(54,'es','2016-05-24 04:35:19','2021-02-04 16:33:05'),(55,'en','2004-05-18 01:20:29','2021-02-04 16:33:05'),(56,'pt','2012-03-09 15:48:11','2021-02-04 16:33:05'),(57,'de','2018-06-25 09:09:12','2021-02-04 16:33:05'),(58,'pt','1984-04-02 16:06:02','1991-09-14 08:05:12'),(59,'fr','1975-05-31 16:30:21','2012-06-17 19:49:55'),(60,'ru','1984-11-24 13:40:33','2021-02-04 16:33:05'),(61,'pt','2010-08-21 13:52:10','2021-02-04 16:33:05'),(62,'fr','2010-01-10 06:58:30','2021-02-04 16:33:05'),(63,'es','1997-07-25 02:17:07','2021-02-04 16:33:05'),(64,'it','1973-02-22 18:04:48','2021-02-04 16:33:05'),(65,'fr','2020-09-26 11:22:43','2021-02-04 16:33:05'),(66,'pt','1979-01-22 12:40:31','1998-04-06 09:55:56'),(67,'de','1979-04-27 06:15:07','2021-02-04 16:33:05'),(68,'de','2011-11-08 22:16:23','2021-02-04 16:33:05'),(69,'it','1989-11-17 23:05:04','2021-02-04 16:33:05'),(70,'pt','2017-11-03 00:58:49','2021-02-04 16:33:05'),(71,'cn','1987-06-21 11:19:38','1995-05-15 10:49:00'),(72,'en','2020-10-27 16:46:18','2021-02-04 16:33:05'),(73,'fr','2000-07-14 15:03:14','2008-11-24 22:41:20'),(74,'pt','1981-04-05 06:23:29','1985-01-23 20:22:01'),(75,'de','2011-10-31 06:30:37','2021-02-04 16:33:05'),(76,'fr','1977-01-05 18:37:02','2009-01-28 02:43:13'),(77,'ru','2019-05-26 04:24:38','2021-02-04 16:33:05'),(78,'ru','2008-09-09 03:00:57','2018-06-20 04:53:13'),(79,'it','1987-07-15 12:40:16','1992-05-18 06:29:28'),(80,'pt','1982-11-30 13:49:53','1999-04-12 22:19:47'),(81,'es','2005-09-03 01:28:01','2016-06-21 14:21:17'),(82,'en','1980-07-01 01:14:37','2020-01-14 21:43:13'),(83,'es','1974-12-10 08:26:28','1979-05-04 23:18:48'),(84,'it','2018-12-23 04:27:17','2021-02-04 16:33:05'),(85,'en','2017-05-26 13:43:57','2021-02-04 16:33:05'),(86,'es','1992-12-15 23:53:40','2013-10-12 05:03:39'),(87,'ru','1988-10-17 01:05:59','2002-03-15 16:32:18'),(88,'en','1994-03-07 05:55:09','2003-10-22 15:02:46'),(89,'cn','1978-12-09 07:53:30','1991-07-27 22:59:44'),(90,'cn','1992-05-21 23:32:36','1993-09-19 11:18:54'),(91,'ru','1994-02-21 06:14:54','2021-02-04 16:33:05'),(92,'de','1997-08-23 19:53:58','2021-02-04 16:33:05'),(93,'it','1993-12-31 18:51:02','2021-02-04 16:33:05'),(94,'en','2003-07-21 00:58:12','2016-11-14 21:21:57'),(95,'fr','1981-06-25 06:37:19','1998-11-25 02:44:35'),(96,'ru','2011-10-10 12:40:49','2018-07-12 00:36:59'),(97,'ru','1996-11-08 01:49:18','2011-05-10 21:16:15'),(98,'pt','2008-02-25 07:43:33','2021-02-04 16:33:05'),(99,'cn','1995-09-18 17:44:18','2015-12-02 20:09:05'),(100,'ru','1996-11-17 15:35:38','2013-08-07 14:42:56');
/*!40000 ALTER TABLE `languages` ENABLE KEYS */;
UNLOCK TABLES;

--
-- Table structure for table `listing`
--

DROP TABLE IF EXISTS `listing`;
/*!40101 SET @saved_cs_client     = @@character_set_client */;
/*!50503 SET character_set_client = utf8mb4 */;
CREATE TABLE `listing` (
  `id` int unsigned NOT NULL AUTO_INCREMENT COMMENT 'Идентификатор строки',
  `from_user_id` int unsigned NOT NULL COMMENT 'Ссылка на создателя объявления',
  `listing_type_id` int unsigned NOT NULL COMMENT 'Ссылка на тип объявления',
  `house_format_id` int unsigned NOT NULL COMMENT 'Ссылка на формат жилья',
  `media_id` int unsigned NOT NULL COMMENT 'Ссылка на медиа',
  `cities_id` int unsigned NOT NULL COMMENT 'Ссылка на города',
  `countries_id` int unsigned NOT NULL COMMENT 'Ссылка на страны',
  `comfort_id` int unsigned NOT NULL COMMENT 'Ссылка на удобства',
  `optional_comfort_id` int unsigned NOT NULL COMMENT 'Ссылка на дополнительные удобства',
  `home_type_id` int unsigned NOT NULL COMMENT 'Ссылка на тип жилья',
  `unic_home_id` int unsigned NOT NULL COMMENT 'Ссылка на тип уникального жилья',
  `is_instant_booking` tinyint(1) DEFAULT NULL COMMENT 'Признак мгновенного бронирования',
  `is_airbnbplus` tinyint(1) DEFAULT NULL COMMENT 'Признак принадлежности к программе airbnbplus',
  `is_work_trip` tinyint(1) DEFAULT NULL COMMENT 'Признак для рабочих поездок',
  `is_flexible_cancellation_policy` tinyint(1) DEFAULT NULL COMMENT 'Признак гибких правил отмены',
  `is_superlord` tinyint(1) DEFAULT NULL COMMENT 'Признак хозяина',
  `is_available_environment` tinyint(1) DEFAULT NULL COMMENT 'Признак доступной среды',
  `with_pets` tinyint(1) DEFAULT NULL COMMENT 'Признак ''Для питомцев''',
  `is_smoking` tinyint(1) DEFAULT NULL COMMENT 'Признак ''Можно курить''',
  `beds` int unsigned NOT NULL COMMENT 'количество кроватей',
  `bedrooms` int unsigned NOT NULL COMMENT 'количество спален',
  `bathrooms` int unsigned NOT NULL COMMENT 'количество ванных',
  `region` varchar(150) CHARACTER SET utf8mb4 COLLATE utf8mb4_unicode_ci NOT NULL COMMENT 'район местности',
  `cost` float unsigned NOT NULL COMMENT 'Цена',
  `rating` float unsigned NOT NULL COMMENT 'Рейтинг',
  `head` varchar(150) CHARACTER SET utf8mb4 COLLATE utf8mb4_unicode_ci NOT NULL COMMENT 'Название объявления',
  `body` text CHARACTER SET utf8mb4 COLLATE utf8mb4_unicode_ci NOT NULL COMMENT 'Текст описания',
  `created_at` datetime DEFAULT CURRENT_TIMESTAMP COMMENT 'Время создания строки',
  `updated_at` datetime DEFAULT CURRENT_TIMESTAMP ON UPDATE CURRENT_TIMESTAMP COMMENT 'Время обновления строки',
  PRIMARY KEY (`id`),
  KEY `from_user_id` (`from_user_id`),
  KEY `listing_type_id` (`listing_type_id`),
  KEY `house_format_id` (`house_format_id`),
  KEY `media_id` (`media_id`),
  KEY `cities_id` (`cities_id`),
  KEY `countries_id` (`countries_id`),
  KEY `comfort_id` (`comfort_id`),
  KEY `optional_comfort_id` (`optional_comfort_id`),
  KEY `home_type_id` (`home_type_id`),
  KEY `unic_home_id` (`unic_home_id`),
  CONSTRAINT `listing_ibfk_1` FOREIGN KEY (`from_user_id`) REFERENCES `users` (`id`),
  CONSTRAINT `listing_ibfk_10` FOREIGN KEY (`unic_home_id`) REFERENCES `unic_home` (`id`),
  CONSTRAINT `listing_ibfk_2` FOREIGN KEY (`listing_type_id`) REFERENCES `listing_type` (`id`),
  CONSTRAINT `listing_ibfk_3` FOREIGN KEY (`house_format_id`) REFERENCES `house_format` (`id`),
  CONSTRAINT `listing_ibfk_4` FOREIGN KEY (`media_id`) REFERENCES `media` (`id`),
  CONSTRAINT `listing_ibfk_5` FOREIGN KEY (`cities_id`) REFERENCES `cities` (`id`),
  CONSTRAINT `listing_ibfk_6` FOREIGN KEY (`countries_id`) REFERENCES `countries` (`id`),
  CONSTRAINT `listing_ibfk_7` FOREIGN KEY (`comfort_id`) REFERENCES `comfort` (`id`),
  CONSTRAINT `listing_ibfk_8` FOREIGN KEY (`optional_comfort_id`) REFERENCES `optional_comfort` (`id`),
  CONSTRAINT `listing_ibfk_9` FOREIGN KEY (`home_type_id`) REFERENCES `home_type` (`id`)
) ENGINE=InnoDB AUTO_INCREMENT=101 DEFAULT CHARSET=utf8mb4 COLLATE=utf8mb4_unicode_ci COMMENT='Объявления жилья';
/*!40101 SET character_set_client = @saved_cs_client */;

--
-- Dumping data for table `listing`
--

LOCK TABLES `listing` WRITE;
/*!40000 ALTER TABLE `listing` DISABLE KEYS */;
INSERT INTO `listing` VALUES (1,40,1,4,66,10,67,19,4,16,4,1,1,1,0,0,1,1,0,2,1,4,'Mabelleview',18629,3,'est','Tenetur qui totam voluptatem quae. Et qui tempora nesciunt qui quia assumenda. Voluptas quos aut enim error recusandae non deserunt. Deleniti fugiat debitis enim accusamus ea ipsa ex.','2009-07-28 18:56:19','2021-02-04 16:43:55'),(2,86,1,3,41,89,54,10,3,11,5,1,0,1,1,0,0,1,0,8,6,7,'North Kale',16163,3,'aut','Qui et dolorem suscipit aliquid. Quisquam ab ut natus perferendis aut sunt. Pariatur voluptates ab officia accusamus. Molestias molestiae ipsum rem recusandae consequatur in tempora.','1976-12-25 00:47:49','2021-02-04 16:43:55'),(3,11,2,3,7,13,70,14,1,6,3,1,1,1,1,1,1,1,1,7,5,7,'New Monserrateshire',24925,5,'et','Et id iure vitae. Necessitatibus voluptatem eum dolores praesentium. Nostrum dolorem sit deleniti sint quo. Debitis occaecati quis ut impedit aut.','1985-09-10 10:13:09','2021-02-04 16:43:55'),(4,96,3,1,11,97,84,18,1,15,9,1,0,0,1,1,0,0,1,1,8,2,'Margieland',76135,5,'iste','Odio expedita aut occaecati quis officiis. Laborum quis earum blanditiis voluptas et exercitationem a. Architecto aut vel dolor ullam id quia illo.','1988-03-23 04:03:22','2021-02-04 16:43:55'),(5,48,1,1,35,44,11,4,4,6,2,0,1,0,1,0,1,1,0,3,2,2,'East Elbert',5899,5,'libero','Autem sed aspernatur ut iure voluptatibus enim. Rerum optio odit velit dicta. Fugiat quam omnis id alias quasi.','2002-04-14 23:27:36','2021-02-04 16:43:55'),(6,48,1,2,41,32,3,11,2,16,7,1,0,0,0,0,1,1,1,2,8,1,'Schillerland',1092,4,'dolore','Porro et reprehenderit quam numquam. Molestias similique commodi assumenda laborum. Sed consectetur non inventore ratione. Dolorem eligendi necessitatibus et.','1989-07-22 18:52:09','2021-02-04 16:43:55'),(7,98,2,2,100,27,83,21,1,13,5,1,1,0,1,0,1,1,0,8,5,7,'Patienceville',87763,3,'quo','Est quos ad ex in et molestiae autem esse. Neque et aliquid est dolores repudiandae. Quia quibusdam aut dolore quisquam molestiae.','1982-01-11 12:11:22','2021-02-04 16:43:55'),(8,47,1,2,78,37,4,3,1,1,1,1,1,0,0,1,1,0,1,8,4,1,'East Travis',35537,4,'vero','Laborum a et odio et. Vero facere consequatur hic ad nisi dolore. Est autem doloribus impedit ea.','1973-12-22 21:47:57','2021-02-04 16:43:55'),(9,38,3,4,86,3,71,20,1,16,2,1,0,0,1,0,0,0,0,3,5,5,'West Adrielmouth',14395,5,'tempora','Maxime quo exercitationem suscipit. Aperiam quod et sequi sit repellendus at ut. Et omnis quaerat suscipit adipisci.','1972-07-03 09:33:11','2021-02-04 16:43:55'),(10,50,3,4,98,4,40,22,3,10,6,1,0,1,1,0,1,1,1,1,5,5,'Stantonside',65363,3,'quia','Commodi sint ea voluptatem sit commodi unde accusantium hic. Id ea nemo qui mollitia. Numquam sunt deleniti qui non eos repellat.','1973-09-04 01:10:48','2021-02-04 16:43:55'),(11,35,1,2,30,10,90,8,2,3,2,0,1,1,0,1,0,1,0,5,7,8,'North Emanuelchester',83632,5,'repellat','Autem temporibus nobis eveniet dicta laborum. Hic molestiae consectetur corrupti quo ab eaque quas. Blanditiis ab nulla nemo voluptas distinctio tempore et. Debitis natus tenetur ut eum ullam.','1970-03-16 19:40:57','2021-02-04 16:43:55'),(12,24,1,4,56,37,29,16,4,2,1,0,0,1,0,1,0,1,0,2,6,7,'Howellmouth',22069,1,'autem','Et corporis itaque in accusantium doloribus quia. Quia aliquam voluptas eos ut officiis omnis molestiae.','1978-09-10 10:24:38','2021-02-04 16:43:55'),(13,17,3,4,88,57,74,13,4,15,12,1,1,0,0,0,1,0,1,1,3,7,'South Randalmouth',59448,5,'id','Laborum cupiditate consectetur dicta architecto. Ut possimus libero fugit soluta. Autem repellat officia reiciendis aperiam sed mollitia.','2004-01-08 22:14:53','2021-02-04 16:43:55'),(14,10,2,2,73,73,81,18,1,6,10,1,1,0,1,0,1,1,0,6,4,2,'Osinskistad',31034,4,'adipisci','Iste sit aliquid deleniti. Magni quidem dolorem sit ad nihil reiciendis molestiae.','2012-03-11 16:41:50','2021-02-04 16:43:55'),(15,1,1,3,1,93,82,4,1,14,12,1,1,0,1,0,1,1,0,6,1,2,'Lake Moniqueborough',76827,1,'quis','Perspiciatis dolorum et et asperiores aliquid vitae recusandae sunt. Iure eos nam ut dolores sint dolorum. Laboriosam in incidunt minus delectus. Quia eveniet laboriosam molestiae dolores et quae.','1990-09-12 07:39:06','2021-02-04 16:43:55'),(16,74,1,4,85,47,70,8,3,6,7,1,0,1,0,1,1,1,0,4,8,9,'Griffinville',91029,2,'accusantium','Hic deleniti est cupiditate accusamus qui. Voluptatem dignissimos minima quidem aut porro. Quo est iusto omnis repellendus et non non. Nemo qui unde porro neque.','2017-11-06 19:52:28','2021-02-04 16:43:55'),(17,66,2,3,23,52,100,9,4,1,8,1,0,1,1,0,1,1,1,7,7,8,'Reyesburgh',24664,2,'voluptas','Et nobis sequi quo. Quod quia sit sint nostrum tenetur molestiae. Quasi quia dolorum neque autem sint. Est nemo neque architecto minima officia debitis at.','2013-08-27 10:18:38','2021-02-04 16:43:55'),(18,7,3,4,58,21,91,18,2,2,9,0,1,1,1,1,0,1,1,1,7,1,'East Marina',50235,2,'quia','Minima sit quis ab sint harum. Praesentium quas adipisci et enim maxime sint sit. Inventore in vel tempora voluptas nam assumenda et a.','1992-03-10 16:58:17','2021-02-04 16:43:55'),(19,37,2,2,21,50,53,18,4,7,8,1,1,1,0,0,0,1,1,9,1,2,'West Demarco',77180,5,'sint','Quidem qui neque ipsum veritatis. Dolorem quae voluptatem rerum vel. Dolorem doloremque sit sint reprehenderit debitis perspiciatis. Exercitationem nesciunt qui ut porro. Occaecati tempora nihil nisi consequatur sint.','2013-03-21 07:02:12','2021-02-04 16:43:55'),(20,65,3,4,33,85,92,15,1,13,1,0,1,0,0,0,1,1,0,3,4,4,'Wehnertown',35194,5,'quia','Et omnis consequatur perspiciatis autem vitae. Et et nihil nulla commodi et enim. Hic autem aut molestiae aut et.','1975-08-28 11:29:02','2021-02-04 16:43:55'),(21,11,1,3,98,75,1,22,2,13,2,1,0,1,1,1,0,1,1,3,4,3,'Port Maudestad',44432,2,'rerum','Praesentium et neque enim sequi voluptatem rerum eveniet. Nisi sequi amet laborum dolor aut doloribus. Deserunt incidunt optio odit ipsa voluptas voluptate.','1987-06-09 00:58:13','2021-02-04 16:43:55'),(22,60,1,1,90,19,28,17,1,6,9,0,1,0,0,1,1,0,0,5,6,3,'Macyview',16578,5,'in','Praesentium ab eaque sit fuga. Sed et dolores id. Qui aut fuga delectus quis. Ea qui beatae aut voluptatem maiores omnis.','2014-02-08 18:27:56','2021-02-04 16:43:55'),(23,65,2,1,55,69,39,22,3,10,12,1,1,0,0,1,0,1,1,8,3,5,'Abbottside',49592,4,'maxime','Perspiciatis accusamus illum numquam. Nam voluptas dolor sed maiores iste fuga cum. Libero aut quam numquam inventore ullam repellendus.','2014-06-29 19:51:53','2021-02-04 16:43:55'),(24,47,1,1,7,88,7,14,4,13,11,1,1,1,1,0,0,1,1,3,9,6,'Port Daisy',98226,1,'hic','Aut voluptatem occaecati sed ullam et ea molestias. Qui eos consequatur dolor fugiat cumque est quisquam. Qui inventore dolor earum quam ut dolores. Pariatur architecto magnam dolorum facere.','1991-06-19 19:55:22','2021-02-04 16:43:55'),(25,39,3,3,66,33,20,2,1,5,3,1,1,0,0,1,0,0,0,2,3,3,'Enamouth',42355,4,'officia','Necessitatibus ea tenetur quo libero est vero optio. Ipsum consequatur distinctio nemo nisi recusandae eveniet. Sint et ut earum culpa accusamus et. Iusto facilis quas vitae dolorem id maiores sint.','1989-03-16 13:39:24','2021-02-04 16:43:55'),(26,52,1,2,12,98,78,11,1,2,9,1,1,1,0,1,1,0,0,3,1,1,'East Bernice',17095,5,'quia','Molestiae aliquam at quaerat aut. Eveniet id possimus voluptatem voluptas cumque autem. Et aspernatur qui occaecati amet sit omnis ratione.','1997-07-21 16:46:19','2021-02-04 16:43:55'),(27,43,2,3,62,92,27,4,2,10,12,1,1,1,1,1,1,1,0,8,4,9,'Elliotberg',58411,1,'illum','Officiis aut facere repellendus exercitationem voluptatem. Rerum repudiandae beatae reiciendis cumque itaque voluptatem similique. Et omnis aut omnis quibusdam aut porro.','1995-12-07 07:15:02','2021-02-04 16:43:55'),(28,57,3,3,71,67,4,7,1,11,6,0,0,0,0,1,0,1,0,9,6,3,'New April',40770,1,'quia','Dignissimos sit et voluptatibus a enim incidunt quam. Et cupiditate inventore enim voluptas dolorem. Possimus error incidunt omnis et ipsa sint. Omnis nihil omnis atque incidunt totam quia officiis.','2010-09-21 08:46:07','2021-02-04 16:43:55'),(29,58,1,1,69,59,37,3,1,10,4,1,1,0,0,1,0,1,1,5,1,4,'New Marion',28614,4,'ratione','Molestiae hic aliquid dolorum totam vel maiores eveniet sit. Tempora praesentium magni autem est animi et. Libero magnam accusantium vero. Enim dignissimos id est in. Fugiat nobis in expedita enim atque.','2016-04-05 13:18:25','2021-02-04 16:43:55'),(30,18,2,2,34,94,75,16,1,1,5,0,1,0,1,1,0,1,0,7,6,8,'Keelingstad',20760,2,'odit','Dolores et molestias debitis laudantium aut velit. Dolorem assumenda doloremque nesciunt nobis. Perspiciatis quisquam quibusdam ea quas est praesentium. Aliquid non distinctio et fugit nam omnis similique.','1980-01-17 08:19:04','2021-02-04 16:43:55'),(31,16,1,2,60,93,60,3,3,6,10,0,0,1,1,0,1,0,1,8,7,7,'New Jamieburgh',17960,3,'ipsum','Magnam recusandae et dolorem illo. Non error sed velit veritatis dicta voluptatem officiis.','2003-05-05 00:07:22','2021-02-04 16:43:55'),(32,24,2,2,96,81,77,12,4,9,12,0,1,0,1,1,0,0,1,3,3,1,'East Rashawn',27517,4,'et','Laborum corporis deleniti quod ducimus iure. Aliquam deleniti qui sint ex doloremque nihil porro modi. Id provident nihil rerum delectus qui aspernatur non. Rerum occaecati earum maiores error eaque doloremque.','1993-12-30 16:28:58','2021-02-04 16:43:55'),(33,73,2,4,3,28,3,5,3,10,5,0,1,1,1,1,0,0,1,8,9,1,'South Stanside',83707,1,'perferendis','Eaque iusto repellat qui veritatis velit suscipit corporis et. Ratione eum itaque dolorem. Illum alias eos consequuntur. Et et est iusto veritatis odio.','2002-03-14 02:43:48','2021-02-04 16:43:55'),(34,94,2,1,25,95,85,13,3,8,12,0,0,1,0,1,0,0,1,3,7,6,'Port Vincenzafurt',35984,1,'architecto','Ea minima mollitia qui sapiente aspernatur nam aut. Dolores eaque qui sit qui sit accusamus commodi aut. In debitis magni autem.','1975-01-09 02:00:02','2021-02-04 16:43:55'),(35,48,2,1,14,88,14,3,3,7,8,1,0,0,0,1,0,1,1,4,4,1,'Sophiebury',28796,4,'ratione','Nesciunt omnis dolorem qui facilis ex. Sunt et doloribus sit tenetur exercitationem. Illo amet dignissimos ab.','1988-02-14 15:57:39','2021-02-04 16:43:55'),(36,58,1,1,94,58,14,22,1,12,3,0,0,0,1,1,0,1,0,9,8,6,'Farrellberg',36026,4,'quia','Facere fuga nam beatae non neque cupiditate. Officiis voluptates minima cumque sit non doloremque neque. Autem aut corrupti qui ad. Vitae enim quo sed ut maxime.','2013-07-07 01:41:39','2021-02-04 16:43:55'),(37,44,2,2,29,24,28,13,1,5,2,0,1,1,0,1,1,1,0,7,5,2,'Khalilland',93745,4,'libero','Esse vitae quisquam non asperiores deleniti. Minima voluptate molestiae architecto illum amet a dolorem. Sunt ducimus doloribus maiores. Voluptatem molestias dolorem et. Ab enim molestiae ea.','1971-09-22 04:10:31','2021-02-04 16:43:55'),(38,46,3,2,61,46,97,19,2,5,12,1,0,1,1,0,0,1,1,9,8,9,'West Franco',60646,4,'sed','Excepturi nihil quia illum animi. Sapiente in error molestias blanditiis. Quisquam eius in omnis sed laboriosam tempore corrupti.','2001-02-27 14:51:48','2021-02-04 16:43:55'),(39,99,3,2,19,56,100,13,4,11,9,1,0,1,0,1,1,0,0,4,6,5,'Bernhardton',21993,5,'molestias','Animi asperiores quia ea vero. Repellendus commodi quaerat voluptas dolor. Quaerat animi dolores eos facere et.','1986-02-06 01:25:51','2021-02-04 16:43:55'),(40,55,2,2,10,41,7,8,2,7,5,0,0,1,0,0,0,0,1,9,7,9,'New Natland',28025,4,'sit','Non aliquid aut consequatur nihil tempore nam. Vitae incidunt optio fuga aut velit. Iste tenetur libero veritatis nostrum minus quia voluptatum ab.','1983-08-16 10:09:59','2021-02-04 16:43:55'),(41,79,1,4,94,36,36,1,1,16,9,0,1,1,0,0,0,1,0,8,1,1,'New Karine',74149,4,'sit','Quibusdam et earum cum nesciunt. Occaecati officia omnis sit nesciunt sit. Temporibus vel ut enim.','2010-03-24 22:48:23','2021-02-04 16:43:55'),(42,28,3,3,39,57,60,3,3,11,9,0,1,1,1,1,0,0,1,5,9,1,'Jeanettechester',86669,2,'sunt','Rerum quos sequi reiciendis voluptas. Enim necessitatibus suscipit consequatur aut ut maxime vero qui. Veritatis omnis at quas illum ipsa et fugiat.','2010-10-02 20:55:49','2021-02-04 16:43:55'),(43,4,3,2,12,78,91,13,3,6,2,0,1,0,0,1,1,1,0,4,4,5,'West Cielo',10895,4,'ut','In hic facere veniam earum illo repellat. Et consequatur voluptas cupiditate at soluta corrupti. Est magnam non facilis a eos sit. Voluptatem in dolor qui quis.','1973-03-14 16:17:36','2021-02-04 16:43:55'),(44,33,1,3,45,17,72,8,1,12,9,1,0,1,1,0,0,0,1,7,8,6,'Lake Naomiburgh',94470,2,'dolor','Corrupti neque impedit iste atque aliquam quod. Quos commodi praesentium nobis quos. Itaque ducimus perspiciatis ut recusandae officia. Quasi distinctio id temporibus similique.','2010-04-24 20:41:16','2021-02-04 16:43:55'),(45,54,3,4,85,52,90,1,1,12,12,0,0,1,0,0,1,1,0,5,9,4,'East Fridaborough',39663,2,'praesentium','Quod unde officiis laudantium et. Fugiat tempora id ea sequi qui. Dignissimos laborum enim voluptatem incidunt. Voluptatem ad magni unde est.','1997-07-14 15:29:13','2021-02-04 16:43:55'),(46,70,3,2,91,6,33,3,3,7,8,1,0,0,0,0,1,0,0,1,4,1,'Gutmannborough',14905,1,'et','Ipsam doloribus assumenda at sunt ipsa est sit. Magni possimus maxime fugit blanditiis repellat. Est quis a est rerum praesentium.','2012-06-01 18:56:44','2021-02-04 16:43:55'),(47,87,2,2,98,76,92,9,4,16,3,0,0,0,0,0,1,1,0,2,6,9,'Morissettefurt',55534,2,'veritatis','Autem et officiis inventore temporibus facere quis. Eveniet laboriosam tenetur dicta aspernatur quia. Voluptatem esse voluptatem voluptatibus iusto aut adipisci officia reiciendis. Impedit et voluptatem optio officia saepe et ea vel.','1990-05-30 23:51:05','2021-02-04 16:43:55'),(48,24,1,1,18,62,62,17,4,9,5,1,1,0,1,1,1,1,0,9,5,3,'Hodkiewiczfurt',32955,5,'incidunt','In sunt qui facere consequatur. Explicabo quo eum eaque quasi. Non omnis et ipsam repellat.','1979-12-11 15:03:58','2021-02-04 16:43:55'),(49,59,2,2,95,81,34,13,3,14,5,1,1,1,0,0,0,1,0,2,5,3,'South Adelleburgh',98173,5,'qui','Voluptatibus voluptas ex non id id placeat dolorum sed. Odit explicabo odit omnis nemo. Quis aut ullam ex perferendis eligendi. Quaerat et incidunt qui ea assumenda amet impedit voluptates.','2016-07-15 06:59:19','2021-02-04 16:43:55'),(50,23,3,3,19,17,83,15,4,10,6,1,1,0,1,0,0,0,1,9,2,7,'New Carlo',91999,4,'tenetur','Ut est inventore vel minus ut laborum est quia. Expedita eius eum architecto assumenda. Quo quia molestias velit qui. Dolores sint aspernatur est sed expedita incidunt.','1982-01-15 22:22:24','2021-02-04 16:43:55'),(51,35,3,2,9,42,12,11,3,5,6,1,1,0,1,0,0,1,0,3,4,6,'North Jeremyhaven',65478,3,'architecto','Rerum sed provident aperiam eius ea rerum. Quam et dolores aut maxime quia. Ratione vero earum officia aut necessitatibus sed. Dolorum incidunt sapiente sit porro hic maxime.','1974-09-24 14:52:11','2021-02-04 16:43:55'),(52,9,1,2,89,60,11,10,3,13,9,1,0,0,0,0,1,1,0,1,1,4,'Steviemouth',51391,4,'ut','Quia repellendus officia fuga dolorem ad dolorem. Eius accusantium nam reprehenderit quia. Quidem est sit expedita esse consequatur.','2019-01-24 01:08:43','2021-02-04 16:43:55'),(53,36,3,3,19,72,18,18,2,16,2,1,1,0,1,1,0,0,0,9,2,3,'Fannyville',60519,5,'necessitatibus','Est veniam et aperiam et id saepe. Quod rerum facere nobis tenetur ex unde quos quasi. Quia sit consequatur quos enim quidem id. Nisi veritatis rerum similique voluptas omnis animi ea.','2007-07-11 23:30:08','2021-02-04 16:43:55'),(54,56,1,4,26,81,57,16,3,11,6,1,1,1,1,0,0,1,1,7,3,7,'East Naomiville',48420,4,'enim','Non blanditiis similique officiis aliquam quo id quos. Minima alias magni laboriosam suscipit ex mollitia. Non quia modi quis perspiciatis tempore accusamus.','1977-07-07 20:36:08','2021-02-04 16:43:55'),(55,69,3,4,73,89,32,5,1,5,2,0,1,1,0,0,0,1,0,7,5,3,'New London',60546,5,'et','Vero est qui velit voluptates nihil ducimus accusamus. Aliquam laborum facilis quam beatae voluptas pariatur dolorem. Voluptas eum et delectus aut. Et dolores maiores laboriosam odio.','2020-11-21 19:20:30','2021-02-04 16:43:55'),(56,79,1,2,85,100,88,17,3,6,2,0,0,0,1,0,0,0,1,9,4,5,'Romaguerastad',57469,2,'accusantium','Est voluptas et quo sapiente eius consequatur accusantium rerum. Nam esse veritatis fuga qui quia eaque. Voluptates laudantium qui autem ut delectus.','1999-06-14 02:58:22','2021-02-04 16:43:55'),(57,88,1,4,7,32,41,5,1,16,6,1,0,1,1,1,1,1,0,6,3,7,'Zionberg',5706,3,'veniam','Consequuntur aspernatur et eum asperiores in numquam. Sit quo quo velit. Omnis mollitia deserunt non ratione tempore odit cum id. Sunt autem ipsa vel praesentium. Consequatur blanditiis modi aut alias facere in libero.','2015-08-21 01:35:52','2021-02-04 16:43:55'),(58,1,1,4,80,58,43,15,2,11,8,0,1,1,1,0,0,1,1,6,9,9,'Hollisshire',56124,5,'accusantium','Tenetur error aperiam et ut odit. Accusantium delectus quia dignissimos sunt blanditiis modi hic. In dolores quas ut fugiat incidunt non. Officiis expedita ut accusantium sed esse quisquam voluptate.','2014-11-06 15:08:35','2021-02-04 16:43:55'),(59,42,1,4,79,96,89,18,3,9,1,0,0,0,0,0,0,0,1,2,1,2,'Gislasonstad',63499,5,'quasi','Modi ea maiores ducimus aut exercitationem. Voluptatem eum est fuga praesentium consequatur. Explicabo perspiciatis fugit sequi ullam. Et aspernatur sit veniam aut veritatis dolorem a repudiandae.','2018-04-25 00:25:31','2021-02-04 16:43:55'),(60,5,3,1,53,4,18,22,2,11,2,1,0,0,1,0,0,0,0,5,9,4,'Madisonfurt',49126,1,'aperiam','Dolores quas ut quo. Iste adipisci natus eaque in. Deleniti minima accusantium cum quaerat eum.','1979-01-06 03:48:34','2021-02-04 16:43:55'),(61,99,1,4,30,34,20,11,2,9,9,0,1,0,0,1,1,0,0,1,5,8,'West Rhiannon',55129,5,'animi','Molestiae ad quidem ut nam. Atque sunt dolorem repudiandae vero. Dicta est reprehenderit est.','1986-10-21 04:11:26','2021-02-04 16:43:55'),(62,80,3,3,89,56,47,9,1,15,3,1,1,0,0,0,0,1,0,4,2,1,'Rayhaven',28268,3,'quidem','Dolore earum voluptatem laboriosam quam optio amet dolores voluptatem. Iusto voluptas maxime harum deserunt provident sit ut. Labore et aut libero debitis.','1998-01-10 03:16:03','2021-02-04 16:43:55'),(63,1,3,3,55,75,75,13,1,14,9,0,0,1,0,1,0,0,1,9,7,6,'Anahiborough',75953,3,'exercitationem','Assumenda et vel ea aperiam. Assumenda cum repellendus alias at velit. Omnis modi qui maxime. Eos optio excepturi unde et.','1983-01-29 12:19:28','2021-02-04 16:43:55'),(64,66,3,3,7,10,31,14,1,10,1,1,0,1,0,0,1,0,1,6,4,9,'Melissaton',94961,1,'error','Nostrum adipisci veritatis veniam est ut. Excepturi officiis veritatis nihil alias velit. Ducimus eum expedita est vero repudiandae rerum labore molestiae.','2015-07-23 02:32:51','2021-02-04 16:43:55'),(65,26,3,4,71,25,31,11,4,6,1,1,0,1,1,0,0,1,0,9,9,2,'New Ressieport',46945,3,'delectus','Ipsam ut debitis sit pariatur nemo ea. Ratione qui ea quaerat quo. Ut aut debitis autem sit.','2010-12-22 13:12:09','2021-02-04 16:43:55'),(66,33,2,3,33,92,63,12,3,16,3,0,1,0,1,1,1,0,0,8,6,4,'New Drewborough',49841,2,'ut','Necessitatibus quia optio corporis voluptates. Assumenda repudiandae molestiae cumque neque eos quam et. Alias consequatur ut doloremque totam adipisci optio in accusamus. Atque voluptas beatae autem eos accusantium.','1995-04-03 06:32:27','2021-02-04 16:43:55'),(67,83,2,3,53,86,22,4,2,13,12,0,1,1,0,1,0,1,1,1,9,4,'North Katrinefurt',8369,2,'nulla','Accusamus delectus debitis natus eos non amet quis vel. Nemo vero doloremque repudiandae molestias consequuntur ullam. In qui consequatur sint.','1997-03-09 10:42:09','2021-02-04 16:43:55'),(68,19,3,1,63,54,20,6,2,2,3,0,1,0,0,1,0,0,1,1,4,6,'South Stephanieshire',92322,2,'perferendis','Rem qui pariatur laborum facere est similique repudiandae. Sed enim sunt ipsum ea libero ut. Pariatur porro quia velit omnis qui. Quibusdam voluptatem velit dolores laborum aliquam.','2011-10-09 06:00:55','2021-02-04 16:43:55'),(69,42,3,2,57,9,34,17,3,3,4,1,0,1,1,1,1,1,0,2,2,4,'McLaughlintown',36501,2,'qui','Molestiae est quia veniam commodi perferendis qui eligendi. Labore eum aut et itaque asperiores aut reiciendis. Officia earum nemo maiores suscipit natus ut ipsam.','2008-06-24 02:33:23','2021-02-04 16:43:55'),(70,56,2,3,94,83,7,3,1,7,7,0,0,0,0,1,1,0,1,7,7,8,'Celiabury',5540,5,'illo','Rem incidunt molestiae pariatur eos voluptatum dignissimos possimus. Non et aut eos omnis placeat consequatur. Ullam non quia accusamus voluptas.','1984-01-18 08:28:34','2021-02-04 16:43:55'),(71,53,2,2,98,88,33,5,3,9,10,1,0,0,0,1,1,1,0,7,2,7,'New Eusebioville',18198,2,'voluptatum','Eum et cum ut voluptas qui vitae repellendus et. Non molestias dolorum esse adipisci voluptate harum hic. Odio facilis sed saepe.','2008-03-17 00:20:26','2021-02-04 16:43:55'),(72,94,3,3,7,89,45,15,3,7,7,1,0,0,1,1,0,1,0,8,5,2,'New Venabury',74369,5,'omnis','Totam ullam et dicta repellat fugiat ea. Iste aspernatur quibusdam est ad repellat praesentium. Est ab iste aut error quasi dolorem. A repellendus enim saepe voluptatum quam alias consequuntur.','1992-11-12 20:20:13','2021-02-04 16:43:55'),(73,13,2,2,43,83,26,17,4,8,3,1,1,1,0,0,1,0,0,3,3,7,'Lake Marguerite',17250,4,'blanditiis','Possimus et et qui qui et quibusdam ut iure. Placeat est adipisci sed illo omnis ex voluptatem. Ut maxime ad harum quis.','1996-10-07 21:04:54','2021-02-04 16:43:55'),(74,80,2,3,91,47,93,16,4,2,5,1,1,1,1,0,0,1,0,9,7,1,'East Bertrand',63144,1,'ullam','Et qui molestiae voluptates in aperiam id. Laboriosam reiciendis minima omnis excepturi non. Nulla est eligendi neque deleniti. Voluptatem voluptas culpa sint aliquid quo corrupti quo.','2010-09-09 01:15:57','2021-02-04 16:43:55'),(75,62,3,3,25,87,86,7,1,3,2,0,1,1,1,1,1,0,1,4,9,4,'South Leslyberg',63968,3,'sequi','Sunt unde aliquid numquam consectetur mollitia. Neque occaecati at velit ut recusandae sit beatae eius. At quas commodi asperiores repellat ex. Doloribus debitis vero ipsa omnis quam qui non.','1981-06-23 21:21:29','2021-02-04 16:43:55'),(76,68,2,1,54,90,53,7,1,8,9,0,0,0,0,1,1,0,0,4,2,8,'Garrisonfort',30409,1,'sed','Maxime pariatur pariatur aliquid vel eveniet praesentium rerum. Ut expedita exercitationem assumenda. Beatae nemo accusantium illum iure inventore. Repellendus veniam expedita et voluptatibus.','1991-05-26 14:23:52','2021-02-04 16:43:55'),(77,56,3,3,93,92,3,15,2,1,3,1,1,1,1,1,0,0,0,2,7,7,'Taylorchester',60139,5,'blanditiis','Incidunt mollitia voluptatibus reprehenderit. Dolorum ipsam iusto voluptas et sint dolorem. Odio omnis fuga ut nulla itaque commodi.','1994-07-27 17:24:02','2021-02-04 16:43:55'),(78,76,2,4,3,87,58,11,2,9,9,1,0,0,1,0,0,1,0,3,6,5,'Gerholdmouth',9466,3,'veniam','Nesciunt amet eos debitis incidunt consequatur. Placeat saepe deserunt corporis aut nisi quia. Itaque illo sit ratione a voluptatem.','1993-01-17 15:39:22','2021-02-04 16:43:55'),(79,10,3,4,34,61,79,9,3,9,3,0,0,0,0,1,1,0,0,4,1,9,'Lake Vancemouth',66916,5,'ratione','Nemo in nisi qui commodi temporibus dolores ea et. Debitis eveniet reprehenderit reprehenderit sunt molestias. Atque illo quisquam quis beatae rerum. Libero et molestiae voluptas dolore.','1990-08-02 06:58:32','2021-02-04 16:43:55'),(80,23,2,4,61,44,22,11,4,1,8,0,0,0,0,0,1,1,0,9,2,8,'Abnermouth',6178,5,'alias','Quod rem quam qui. Reiciendis molestias quis omnis laborum doloribus laborum. Nam quo aperiam vitae maxime tempore sit ducimus.','2005-01-13 21:09:35','2021-02-04 16:43:55'),(81,85,1,2,3,34,73,7,3,10,8,0,1,1,0,0,0,1,0,2,5,1,'North Terrenceborough',30145,1,'pariatur','Quia dicta veritatis nesciunt labore. Quaerat porro temporibus et. Eos voluptates corrupti est quos. Dignissimos impedit repellat consectetur sit non velit.','2003-01-25 09:39:41','2021-02-04 16:43:55'),(82,53,1,3,32,38,98,20,3,15,3,0,1,0,0,1,1,0,1,3,8,4,'Aileenberg',32189,3,'veniam','Quasi pariatur nobis aspernatur officiis accusamus. Molestiae quia consequatur sed ut qui recusandae.','2003-08-03 19:05:39','2021-02-04 16:43:55'),(83,11,2,1,49,88,71,16,1,12,1,1,1,1,0,1,0,0,0,3,7,5,'Lake Eastonberg',70511,2,'harum','Nostrum praesentium animi nobis iure. Totam mollitia reiciendis quibusdam ut. Eos delectus itaque consequuntur consectetur voluptatibus. Temporibus architecto natus fugiat aspernatur harum. Earum alias qui delectus doloremque.','2016-03-07 07:52:39','2021-02-04 16:43:55'),(84,96,2,3,50,26,61,17,4,16,11,0,0,0,0,1,1,0,1,7,1,6,'Trompmouth',55986,2,'impedit','Qui rerum id omnis dolores provident. Facere id deserunt et quidem nihil quaerat explicabo. Officia architecto labore omnis illo delectus consequatur blanditiis corporis. Ipsum ut aliquam cupiditate quas reprehenderit dicta impedit. Vel aut ipsum odio inventore nulla.','2018-08-10 21:59:58','2021-02-04 16:43:55'),(85,48,3,4,100,65,91,16,3,10,12,1,1,1,1,1,0,0,0,6,7,3,'Port Stephon',68398,3,'in','Sed deserunt quae alias eos laborum. Reprehenderit nesciunt molestiae cupiditate eius quidem omnis eaque. Doloremque delectus harum deleniti unde dolor. Ullam eligendi ex laboriosam culpa.','1980-04-17 02:33:24','2021-02-04 16:43:55'),(86,49,3,4,51,46,73,8,1,2,4,1,1,0,1,0,1,1,1,6,6,4,'East Orvalport',74031,5,'laboriosam','Facilis similique ipsa et repellat voluptate. Placeat cum ex explicabo. Ea possimus nemo qui.','1996-11-04 22:12:48','2021-02-04 16:43:55'),(87,1,2,1,53,35,91,13,4,10,5,1,0,0,0,0,1,0,1,3,1,7,'Zoieview',64961,2,'laborum','Placeat qui molestiae omnis tenetur et cum. Molestias voluptatem dicta natus et.','2017-07-31 06:38:16','2021-02-04 16:43:55'),(88,57,2,3,13,37,35,16,4,13,3,1,0,0,0,1,0,1,1,7,1,2,'Kovacekberg',2711,1,'tempore','Et voluptas architecto atque sit numquam expedita consequatur. Consequatur excepturi unde sit dolore. Ducimus quis reiciendis dolor veritatis. Aut reiciendis alias tenetur consequatur sit quod.','2009-11-06 13:00:18','2021-02-04 16:43:55'),(89,81,2,2,4,79,1,21,3,1,1,0,0,0,0,0,1,1,1,4,9,8,'Shieldsfort',18672,5,'veniam','Ex eos voluptatem rerum est qui aperiam quis. Vero repellendus sapiente ratione atque aut sit aperiam.','2012-08-03 14:33:33','2021-02-04 16:43:55'),(90,34,3,3,83,85,1,13,2,13,5,0,1,0,1,0,1,1,0,9,2,2,'Milfordside',85227,5,'totam','Sed eos quod laborum unde est eius numquam. Fuga facere sed voluptas ipsam. Fugiat nihil harum eveniet nulla.','1992-09-23 03:21:27','2021-02-04 16:43:55'),(91,28,2,4,1,86,2,3,4,13,10,0,1,1,0,1,1,1,1,9,5,5,'Katrinashire',70120,2,'odit','In ut fugit sint dolorem dignissimos. Ipsum exercitationem quibusdam est earum eligendi quam cum. Ex quam doloribus qui aperiam vel vel id doloremque.','1976-08-06 00:03:48','2021-02-04 16:43:55'),(92,35,3,2,55,75,7,16,4,9,11,1,1,0,0,1,1,1,0,1,8,4,'East Wilfredostad',94915,1,'earum','Odio delectus harum aliquam voluptas distinctio rerum. Quibusdam explicabo voluptatem aliquid magnam rerum enim soluta. Dolorem magnam recusandae officiis et dolore.','1999-02-08 17:15:11','2021-02-04 16:43:55'),(93,90,3,2,71,16,27,5,1,6,1,0,1,1,0,0,0,1,1,8,7,4,'West Ernestberg',64217,1,'sed','Deleniti quo mollitia aspernatur. Maxime non molestias corrupti architecto unde deleniti. Dolore dicta blanditiis iste praesentium qui minima voluptates.','2004-04-27 16:10:14','2021-02-04 16:43:55'),(94,45,1,2,90,56,14,21,2,4,7,0,0,1,1,1,1,0,1,8,6,2,'New Aurelie',36339,4,'sequi','Commodi aspernatur est fugiat. Hic quo molestias culpa tempore qui eius enim. Omnis suscipit rerum vitae et. Repellat hic eaque porro vitae quo dolor magnam. Repellat accusantium eos deleniti corrupti magnam.','1975-02-27 23:54:45','2021-02-04 16:43:55'),(95,57,3,3,36,31,87,2,2,1,9,1,0,0,1,0,1,1,0,7,3,5,'Marjorieport',89042,2,'cupiditate','Deserunt porro odio praesentium repellat vel. Sed voluptatem omnis sit dolorem laudantium consequatur repellendus. Quia animi quibusdam iure nihil sed.','1974-10-11 08:48:05','2021-02-04 16:43:55'),(96,46,2,1,12,85,93,12,3,8,12,1,0,1,0,0,1,1,0,7,8,2,'Eudorafurt',36192,3,'iste','Non fugiat vel aliquid. Qui et velit voluptatem sunt dignissimos aut ut. A praesentium sunt possimus consequatur ab sit. Voluptatem esse consequuntur debitis mollitia corrupti. Adipisci dolor laboriosam magni architecto sint.','1989-06-09 04:46:34','2021-02-04 16:43:55'),(97,62,3,3,50,34,2,9,1,6,8,1,0,0,1,1,1,1,0,7,2,6,'West Mckenzie',13836,2,'odio','Ea eveniet minus eaque nam. Nemo rerum nam expedita dicta.','1999-08-16 16:25:17','2021-02-04 16:43:55'),(98,68,1,3,14,14,33,10,1,3,3,1,0,0,1,1,1,0,0,6,4,3,'Littlehaven',60602,2,'sequi','Et pariatur dolorum assumenda. Quod possimus ducimus quaerat itaque. Tempore odit autem sit omnis.','1970-09-15 13:21:42','2021-02-04 16:43:55'),(99,56,3,2,19,67,58,22,2,15,4,0,1,1,0,1,0,1,0,7,6,9,'Effiechester',61503,3,'non','Et modi suscipit vitae magnam possimus distinctio incidunt. Et illo soluta in recusandae iure rem. Ad illum vitae quos magnam est perferendis quaerat. Commodi asperiores a exercitationem cumque hic.','1990-03-16 03:13:02','2021-02-04 16:43:55'),(100,75,3,4,54,94,92,13,1,16,8,1,1,0,1,1,0,0,0,8,6,1,'Hailieside',25710,3,'sit','Aut eum fugit facere qui. Dolore fugiat consequatur accusamus totam molestiae qui optio odit. Non maiores nam autem ipsa.','1994-12-14 11:38:01','2021-02-04 16:43:55');
/*!40000 ALTER TABLE `listing` ENABLE KEYS */;
UNLOCK TABLES;

--
-- Table structure for table `listing_type`
--

DROP TABLE IF EXISTS `listing_type`;
/*!40101 SET @saved_cs_client     = @@character_set_client */;
/*!50503 SET character_set_client = utf8mb4 */;
CREATE TABLE `listing_type` (
  `id` int unsigned NOT NULL AUTO_INCREMENT COMMENT 'Идентификатор строки',
  `name` text CHARACTER SET utf8mb4 COLLATE utf8mb4_unicode_ci NOT NULL COMMENT 'Тип объявления',
  `created_at` datetime DEFAULT CURRENT_TIMESTAMP COMMENT 'Время создания строки',
  `updated_at` datetime DEFAULT CURRENT_TIMESTAMP ON UPDATE CURRENT_TIMESTAMP COMMENT 'Время обновления строки',
  PRIMARY KEY (`id`)
) ENGINE=InnoDB AUTO_INCREMENT=101 DEFAULT CHARSET=utf8mb4 COLLATE=utf8mb4_unicode_ci COMMENT='Тип объявления';
/*!40101 SET character_set_client = @saved_cs_client */;

--
-- Dumping data for table `listing_type`
--

LOCK TABLES `listing_type` WRITE;
/*!40000 ALTER TABLE `listing_type` DISABLE KEYS */;
INSERT INTO `listing_type` VALUES (1,'Жилье','2007-05-21 17:27:39','2021-02-04 16:36:04'),(2,'Впечатления','1978-09-16 07:15:23','2005-04-22 22:23:39'),(3,'Онлайн-впечатления','1972-03-18 11:20:39','1993-07-03 21:30:18');
/*!40000 ALTER TABLE `listing_type` ENABLE KEYS */;
UNLOCK TABLES;

--
-- Table structure for table `media`
--

DROP TABLE IF EXISTS `media`;
/*!40101 SET @saved_cs_client     = @@character_set_client */;
/*!50503 SET character_set_client = utf8mb4 */;
CREATE TABLE `media` (
  `id` int unsigned NOT NULL AUTO_INCREMENT COMMENT 'Идентификатор строки',
  `user_id` int unsigned NOT NULL COMMENT 'Ссылка на пользователя, который загрузил файл',
  `filename` varchar(255) CHARACTER SET utf8mb4 COLLATE utf8mb4_unicode_ci NOT NULL COMMENT 'Путь к файлу',
  `size` int NOT NULL COMMENT 'Размер файла',
  `metadata` longtext CHARACTER SET utf8mb4 COLLATE utf8mb4_bin COMMENT 'Метаданные файла',
  `media_type_id` int unsigned NOT NULL COMMENT 'Ссылка на тип контента',
  `created_at` datetime DEFAULT CURRENT_TIMESTAMP COMMENT 'Время создания строки',
  `updated_at` datetime DEFAULT CURRENT_TIMESTAMP ON UPDATE CURRENT_TIMESTAMP COMMENT 'Время обновления строки',
  PRIMARY KEY (`id`),
  KEY `user_id` (`user_id`),
  KEY `media_type_id` (`media_type_id`),
  CONSTRAINT `media_ibfk_1` FOREIGN KEY (`user_id`) REFERENCES `users` (`id`),
  CONSTRAINT `media_ibfk_2` FOREIGN KEY (`media_type_id`) REFERENCES `media_types` (`id`),
  CONSTRAINT `media_chk_1` CHECK (json_valid(`metadata`))
) ENGINE=InnoDB AUTO_INCREMENT=101 DEFAULT CHARSET=utf8mb4 COLLATE=utf8mb4_unicode_ci COMMENT='Медиафайлы';
/*!40101 SET character_set_client = @saved_cs_client */;

--
-- Dumping data for table `media`
--

LOCK TABLES `media` WRITE;
/*!40000 ALTER TABLE `media` DISABLE KEYS */;
INSERT INTO `media` VALUES (1,3,'https://drive.google.com/jdfgkjdfg/airbnb/autBergnaum.mpeg',222280,NULL,2,'1970-03-22 22:21:43','2021-02-04 16:52:44'),(2,65,'https://drive.google.com/jdfgkjdfg/airbnb/etAuer.avi',146668,NULL,1,'1994-12-04 18:46:19','2021-02-04 16:52:44'),(3,18,'https://drive.google.com/jdfgkjdfg/airbnb/repellatHerzog.mpeg',66497,NULL,2,'1992-03-23 02:35:27','2021-02-04 16:52:44'),(4,95,'https://drive.google.com/jdfgkjdfg/airbnb/etZiemann.mpeg',392480,NULL,2,'2013-03-16 10:26:09','2021-02-04 16:52:44'),(5,19,'https://drive.google.com/jdfgkjdfg/airbnb/excepturiGreen.mpeg',262908,NULL,2,'1971-05-01 14:50:23','2021-02-04 16:52:44'),(6,10,'https://drive.google.com/jdfgkjdfg/airbnb/velO\'Connell.mpeg',137100,NULL,1,'2016-03-01 19:58:10','2021-02-04 16:52:44'),(7,93,'https://drive.google.com/jdfgkjdfg/airbnb/etNitzsche.mpeg',396775,NULL,2,'1974-06-27 21:39:52','2021-02-04 16:52:44'),(8,33,'https://drive.google.com/jdfgkjdfg/airbnb/officiaFritsch.mpeg',72577,NULL,2,'1975-07-17 12:04:31','2021-02-04 16:52:44'),(9,86,'https://drive.google.com/jdfgkjdfg/airbnb/estGutmann.mpeg',172556,NULL,2,'1986-12-31 04:50:58','2021-02-04 16:52:44'),(10,30,'https://drive.google.com/jdfgkjdfg/airbnb/laboreBarton.mpeg',145051,NULL,2,'1985-10-18 18:25:47','2021-02-04 16:52:44'),(11,94,'https://drive.google.com/jdfgkjdfg/airbnb/ipsaBeahan.jpeg',207587,NULL,1,'1982-04-02 17:53:47','2021-02-04 16:52:44'),(12,78,'https://drive.google.com/jdfgkjdfg/airbnb/reiciendisHintz.avi',102780,NULL,1,'2001-09-21 10:44:01','2021-02-04 16:52:44'),(13,10,'https://drive.google.com/jdfgkjdfg/airbnb/eiusZemlak.avi',391137,NULL,1,'1973-09-21 08:53:59','2021-02-04 16:52:44'),(14,12,'https://drive.google.com/jdfgkjdfg/airbnb/etTurcotte.png',147346,NULL,1,'1990-02-10 17:12:55','2021-02-04 16:52:44'),(15,31,'https://drive.google.com/jdfgkjdfg/airbnb/omnisBergnaum.mpeg',63319,NULL,1,'1996-03-05 17:47:31','2021-02-04 16:52:44'),(16,20,'https://drive.google.com/jdfgkjdfg/airbnb/commodiGoldner.avi',374558,NULL,1,'2017-08-10 22:29:16','2021-02-04 16:52:44'),(17,4,'https://drive.google.com/jdfgkjdfg/airbnb/consequaturWilderman.mpeg',182832,NULL,1,'2012-02-16 12:29:27','2021-02-04 16:52:44'),(18,59,'https://drive.google.com/jdfgkjdfg/airbnb/recusandaeAuer.mpeg',290486,NULL,2,'2012-01-19 17:04:32','2021-02-04 16:52:44'),(19,83,'https://drive.google.com/jdfgkjdfg/airbnb/consequaturHarber.png',403931,NULL,1,'1989-04-07 17:00:04','2021-02-04 16:52:44'),(20,36,'https://drive.google.com/jdfgkjdfg/airbnb/inciduntSchmeler.avi',148199,NULL,1,'2006-12-30 10:23:36','2021-02-04 16:52:44'),(21,34,'https://drive.google.com/jdfgkjdfg/airbnb/doloribusMurphy.jpeg',29199,NULL,2,'1984-10-22 11:37:29','2021-02-04 16:52:44'),(22,59,'https://drive.google.com/jdfgkjdfg/airbnb/corporisJast.png',201401,NULL,2,'2006-01-04 13:18:16','2021-02-04 16:52:44'),(23,92,'https://drive.google.com/jdfgkjdfg/airbnb/corporisMurphy.avi',419404,NULL,2,'2008-07-02 17:12:41','2021-02-04 16:52:44'),(24,82,'https://drive.google.com/jdfgkjdfg/airbnb/illumYost.avi',492817,NULL,2,'2015-08-15 21:28:11','2021-02-04 16:52:44'),(25,34,'https://drive.google.com/jdfgkjdfg/airbnb/saepeBogan.mpeg',205875,NULL,1,'2003-02-13 08:06:43','2021-02-04 16:52:44'),(26,24,'https://drive.google.com/jdfgkjdfg/airbnb/delectusStokes.jpeg',50921,NULL,1,'2003-06-10 10:02:21','2021-02-04 16:52:44'),(27,19,'https://drive.google.com/jdfgkjdfg/airbnb/autPacocha.mpeg',136982,NULL,2,'1993-06-21 02:10:55','2021-02-04 16:52:44'),(28,23,'https://drive.google.com/jdfgkjdfg/airbnb/etZemlak.png',32146,NULL,1,'2010-10-07 12:48:28','2021-02-04 16:52:44'),(29,56,'https://drive.google.com/jdfgkjdfg/airbnb/ducimusRoob.jpeg',249782,NULL,1,'2020-09-29 16:38:02','2021-02-04 16:52:44'),(30,11,'https://drive.google.com/jdfgkjdfg/airbnb/oditLemke.jpeg',152474,NULL,2,'2004-09-19 01:14:18','2021-02-04 16:52:44'),(31,88,'https://drive.google.com/jdfgkjdfg/airbnb/velBarton.avi',13022,NULL,1,'1992-03-10 12:58:52','2021-02-04 16:52:44'),(32,6,'https://drive.google.com/jdfgkjdfg/airbnb/utBorer.png',107690,NULL,1,'1974-07-10 02:18:32','2021-02-04 16:52:44'),(33,65,'https://drive.google.com/jdfgkjdfg/airbnb/autKuvalis.png',499381,NULL,1,'1976-12-30 13:34:30','2021-02-04 16:52:44'),(34,8,'https://drive.google.com/jdfgkjdfg/airbnb/fugaHauck.jpeg',173835,NULL,1,'2004-02-06 23:55:10','2021-02-04 16:52:44'),(35,44,'https://drive.google.com/jdfgkjdfg/airbnb/etAuer.mpeg',371031,NULL,2,'1985-02-10 08:56:16','2021-02-04 16:52:44'),(36,95,'https://drive.google.com/jdfgkjdfg/airbnb/etOrn.png',333650,NULL,2,'2011-01-30 12:02:53','2021-02-04 16:52:44'),(37,41,'https://drive.google.com/jdfgkjdfg/airbnb/praesentiumPacocha.jpeg',55154,NULL,2,'1996-01-31 11:47:51','2021-02-04 16:52:44'),(38,19,'https://drive.google.com/jdfgkjdfg/airbnb/illoGutmann.jpeg',274823,NULL,1,'1999-06-15 16:27:22','2021-02-04 16:52:44'),(39,72,'https://drive.google.com/jdfgkjdfg/airbnb/corporisHirthe.png',208651,NULL,1,'1973-10-18 14:04:20','2021-02-04 16:52:44'),(40,2,'https://drive.google.com/jdfgkjdfg/airbnb/assumendaSanford.jpeg',218784,NULL,1,'2006-08-22 22:27:46','2021-02-04 16:52:44'),(41,95,'https://drive.google.com/jdfgkjdfg/airbnb/inBerge.png',467969,NULL,1,'1972-04-23 17:42:42','2021-02-04 16:52:44'),(42,69,'https://drive.google.com/jdfgkjdfg/airbnb/doloreOrtiz.mpeg',183492,NULL,2,'2003-07-18 05:03:24','2021-02-04 16:52:44'),(43,58,'https://drive.google.com/jdfgkjdfg/airbnb/aspernaturWisozk.png',13554,NULL,1,'1974-12-02 10:06:14','2021-02-04 16:52:44'),(44,82,'https://drive.google.com/jdfgkjdfg/airbnb/omnisFadel.mpeg',17292,NULL,1,'1974-10-19 07:00:15','2021-02-04 16:52:44'),(45,34,'https://drive.google.com/jdfgkjdfg/airbnb/eumFunk.png',45797,NULL,2,'2015-12-18 12:45:02','2021-02-04 16:52:44'),(46,26,'https://drive.google.com/jdfgkjdfg/airbnb/quiaWilderman.avi',177111,NULL,2,'2004-08-18 16:13:29','2021-02-04 16:52:44'),(47,28,'https://drive.google.com/jdfgkjdfg/airbnb/vitaeRyan.mpeg',248162,NULL,2,'1987-06-06 07:09:09','2021-02-04 16:52:44'),(48,60,'https://drive.google.com/jdfgkjdfg/airbnb/etMitchell.mpeg',209475,NULL,1,'2004-04-14 09:51:55','2021-02-04 16:52:44'),(49,16,'https://drive.google.com/jdfgkjdfg/airbnb/repellendusWilkinson.mpeg',302890,NULL,1,'2007-10-25 20:46:16','2021-02-04 16:52:44'),(50,1,'https://drive.google.com/jdfgkjdfg/airbnb/utTorphy.jpeg',386023,NULL,2,'2007-05-28 08:29:05','2021-02-04 16:52:44'),(51,57,'https://drive.google.com/jdfgkjdfg/airbnb/ducimusJast.png',21447,NULL,2,'1975-09-10 17:10:28','2021-02-04 16:52:44'),(52,82,'https://drive.google.com/jdfgkjdfg/airbnb/distinctioOrn.mpeg',449164,NULL,1,'1999-03-05 10:48:01','2021-02-04 16:52:44'),(53,36,'https://drive.google.com/jdfgkjdfg/airbnb/solutaLemke.mpeg',181477,NULL,1,'1986-01-28 15:18:16','2021-02-04 16:52:44'),(54,33,'https://drive.google.com/jdfgkjdfg/airbnb/sitHane.avi',59894,NULL,2,'2004-05-03 00:17:20','2021-02-04 16:52:44'),(55,58,'https://drive.google.com/jdfgkjdfg/airbnb/laboriosamBerge.avi',255037,NULL,2,'1976-09-10 08:28:51','2021-02-04 16:52:44'),(56,90,'https://drive.google.com/jdfgkjdfg/airbnb/utWilderman.jpeg',95504,NULL,1,'2013-09-07 08:35:42','2021-02-04 16:52:44'),(57,77,'https://drive.google.com/jdfgkjdfg/airbnb/sedWuckert.jpeg',212408,NULL,1,'1978-12-15 11:24:03','2021-02-04 16:52:44'),(58,12,'https://drive.google.com/jdfgkjdfg/airbnb/corruptiBogan.mpeg',275529,NULL,2,'2005-05-25 22:13:04','2021-02-04 16:52:44'),(59,30,'https://drive.google.com/jdfgkjdfg/airbnb/eosAuer.png',240421,NULL,2,'2010-09-20 02:00:19','2021-02-04 16:52:44'),(60,12,'https://drive.google.com/jdfgkjdfg/airbnb/perspiciatisKuhn.png',375518,NULL,1,'1975-06-16 00:05:41','2021-02-04 16:52:44'),(61,71,'https://drive.google.com/jdfgkjdfg/airbnb/errorTurcotte.png',156327,NULL,1,'2001-10-20 15:52:39','2021-02-04 16:52:44'),(62,19,'https://drive.google.com/jdfgkjdfg/airbnb/quaeHintz.png',155080,NULL,1,'1980-11-03 14:01:00','2021-02-04 16:52:44'),(63,80,'https://drive.google.com/jdfgkjdfg/airbnb/voluptateTorphy.avi',306418,NULL,1,'1976-03-21 21:47:18','2021-02-04 16:52:44'),(64,45,'https://drive.google.com/jdfgkjdfg/airbnb/autemTremblay.avi',66849,NULL,1,'1998-08-29 06:10:07','2021-02-04 16:52:44'),(65,82,'https://drive.google.com/jdfgkjdfg/airbnb/etHermiston.avi',414991,NULL,2,'1979-08-27 15:06:00','2021-02-04 16:52:44'),(66,76,'https://drive.google.com/jdfgkjdfg/airbnb/autemTorphy.mpeg',374408,NULL,1,'2004-04-03 16:06:07','2021-02-04 16:52:44'),(67,33,'https://drive.google.com/jdfgkjdfg/airbnb/utTremblay.jpeg',127068,NULL,2,'1985-01-15 02:04:05','2021-02-04 16:52:44'),(68,37,'https://drive.google.com/jdfgkjdfg/airbnb/laboreWilderman.jpeg',12112,NULL,2,'1978-09-04 11:52:16','2021-02-04 16:52:44'),(69,84,'https://drive.google.com/jdfgkjdfg/airbnb/etBerge.avi',179358,NULL,2,'1981-11-13 04:28:59','2021-02-04 16:52:44'),(70,8,'https://drive.google.com/jdfgkjdfg/airbnb/veroMante.mpeg',360451,NULL,2,'2019-10-14 04:13:34','2021-02-04 16:52:44'),(71,90,'https://drive.google.com/jdfgkjdfg/airbnb/repellendusRyan.png',264181,NULL,1,'1984-04-11 13:43:08','2021-02-04 16:52:44'),(72,23,'https://drive.google.com/jdfgkjdfg/airbnb/aliquidKuhn.jpeg',239552,NULL,2,'1993-04-26 13:03:32','2021-02-04 16:52:44'),(73,46,'https://drive.google.com/jdfgkjdfg/airbnb/dolorBogan.png',405216,NULL,1,'2016-01-26 05:35:07','2021-02-04 16:52:44'),(74,58,'https://drive.google.com/jdfgkjdfg/airbnb/doloresGaylord.avi',307424,NULL,1,'2011-09-15 08:27:45','2021-02-04 16:52:44'),(75,54,'https://drive.google.com/jdfgkjdfg/airbnb/etSteuber.mpeg',321473,NULL,2,'2020-04-11 23:12:08','2021-02-04 16:52:44'),(76,95,'https://drive.google.com/jdfgkjdfg/airbnb/impeditZulauf.png',185092,NULL,1,'2017-04-21 19:27:56','2021-02-04 16:52:44'),(77,11,'https://drive.google.com/jdfgkjdfg/airbnb/eaHauck.mpeg',461041,NULL,2,'1976-09-10 11:58:54','2021-02-04 16:52:44'),(78,72,'https://drive.google.com/jdfgkjdfg/airbnb/culpaSchmeler.avi',249926,NULL,2,'1991-06-18 17:05:04','2021-02-04 16:52:44'),(79,27,'https://drive.google.com/jdfgkjdfg/airbnb/porroBerge.mpeg',366509,NULL,1,'1991-08-01 03:56:30','2021-02-04 16:52:44'),(80,18,'https://drive.google.com/jdfgkjdfg/airbnb/asperioresReichel.mpeg',82767,NULL,2,'2013-09-25 05:05:54','2021-02-04 16:52:44'),(81,6,'https://drive.google.com/jdfgkjdfg/airbnb/laborumKshlerin.avi',314308,NULL,2,'1994-08-03 02:58:45','2021-02-04 16:52:44'),(82,77,'https://drive.google.com/jdfgkjdfg/airbnb/doloribusBeahan.mpeg',323236,NULL,2,'1994-05-24 15:41:11','2021-02-04 16:52:44'),(83,66,'https://drive.google.com/jdfgkjdfg/airbnb/etGreen.png',173255,NULL,2,'2005-10-31 05:05:29','2021-02-04 16:52:44'),(84,99,'https://drive.google.com/jdfgkjdfg/airbnb/undeZemlak.png',396567,NULL,1,'1973-09-17 04:59:00','2021-02-04 16:52:44'),(85,95,'https://drive.google.com/jdfgkjdfg/airbnb/abMacejkovic.jpeg',463070,NULL,1,'1995-03-03 00:57:05','2021-02-04 16:52:44'),(86,77,'https://drive.google.com/jdfgkjdfg/airbnb/fugitRowe.avi',125647,NULL,2,'2014-12-17 19:36:55','2021-02-04 16:52:44'),(87,99,'https://drive.google.com/jdfgkjdfg/airbnb/etKreiger.mpeg',239024,NULL,2,'1977-08-09 17:01:57','2021-02-04 16:52:44'),(88,65,'https://drive.google.com/jdfgkjdfg/airbnb/omnisBogan.mpeg',318179,NULL,2,'2010-05-21 19:08:44','2021-02-04 16:52:44'),(89,28,'https://drive.google.com/jdfgkjdfg/airbnb/voluptatemHahn.png',373821,NULL,1,'1988-02-07 04:24:58','2021-02-04 16:52:44'),(90,43,'https://drive.google.com/jdfgkjdfg/airbnb/vitaeGoldner.mpeg',414568,NULL,2,'2012-01-08 19:14:14','2021-02-04 16:52:44'),(91,33,'https://drive.google.com/jdfgkjdfg/airbnb/namAuer.jpeg',451377,NULL,1,'1998-05-05 17:40:02','2021-02-04 16:52:44'),(92,33,'https://drive.google.com/jdfgkjdfg/airbnb/etHermiston.avi',13180,NULL,1,'1988-10-02 02:34:41','2021-02-04 16:52:44'),(93,66,'https://drive.google.com/jdfgkjdfg/airbnb/omnisFunk.png',211771,NULL,2,'1985-11-02 02:54:12','2021-02-04 16:52:44'),(94,30,'https://drive.google.com/jdfgkjdfg/airbnb/suscipitJast.avi',19313,NULL,1,'2007-03-06 06:08:36','2021-02-04 16:52:44'),(95,54,'https://drive.google.com/jdfgkjdfg/airbnb/autYost.png',461252,NULL,2,'1995-12-26 22:38:52','2021-02-04 16:52:44'),(96,78,'https://drive.google.com/jdfgkjdfg/airbnb/explicaboZulauf.avi',248322,NULL,1,'1978-05-27 12:25:20','2021-02-04 16:52:44'),(97,26,'https://drive.google.com/jdfgkjdfg/airbnb/laboreKessler.mpeg',357853,NULL,1,'2020-10-07 07:55:27','2021-02-04 16:52:44'),(98,96,'https://drive.google.com/jdfgkjdfg/airbnb/idMante.png',44299,NULL,1,'2017-02-22 17:40:28','2021-02-04 16:52:44'),(99,100,'https://drive.google.com/jdfgkjdfg/airbnb/ipsamLittel.avi',147933,NULL,1,'1980-12-29 21:50:08','2021-02-04 16:52:44'),(100,15,'https://drive.google.com/jdfgkjdfg/airbnb/aSatterfield.avi',106769,NULL,2,'1987-09-10 18:28:41','2021-02-04 16:52:44');
/*!40000 ALTER TABLE `media` ENABLE KEYS */;
UNLOCK TABLES;

--
-- Table structure for table `media_types`
--

DROP TABLE IF EXISTS `media_types`;
/*!40101 SET @saved_cs_client     = @@character_set_client */;
/*!50503 SET character_set_client = utf8mb4 */;
CREATE TABLE `media_types` (
  `id` int unsigned NOT NULL AUTO_INCREMENT COMMENT 'Идентификатор строки',
  `name` varchar(255) CHARACTER SET utf8mb4 COLLATE utf8mb4_unicode_ci NOT NULL COMMENT 'Название типа',
  `created_at` datetime DEFAULT CURRENT_TIMESTAMP COMMENT 'Время создания строки',
  `updated_at` datetime DEFAULT CURRENT_TIMESTAMP ON UPDATE CURRENT_TIMESTAMP COMMENT 'Время обновления строки',
  PRIMARY KEY (`id`),
  UNIQUE KEY `name` (`name`)
) ENGINE=InnoDB AUTO_INCREMENT=3 DEFAULT CHARSET=utf8mb4 COLLATE=utf8mb4_unicode_ci COMMENT='Типы медиафайлов';
/*!40101 SET character_set_client = @saved_cs_client */;

--
-- Dumping data for table `media_types`
--

LOCK TABLES `media_types` WRITE;
/*!40000 ALTER TABLE `media_types` DISABLE KEYS */;
INSERT INTO `media_types` VALUES (1,'photo','2021-02-04 16:46:14','2021-02-04 16:46:14'),(2,'video','2021-02-04 16:46:14','2021-02-04 16:46:14');
/*!40000 ALTER TABLE `media_types` ENABLE KEYS */;
UNLOCK TABLES;

--
-- Table structure for table `messages`
--

DROP TABLE IF EXISTS `messages`;
/*!40101 SET @saved_cs_client     = @@character_set_client */;
/*!50503 SET character_set_client = utf8mb4 */;
CREATE TABLE `messages` (
  `id` int unsigned NOT NULL AUTO_INCREMENT COMMENT 'Идентификатор строки',
  `from_user_id` int unsigned NOT NULL COMMENT 'Ссылка на отправителя сообщения',
  `to_user_id` int unsigned NOT NULL COMMENT 'Ссылка на получателя сообщения',
  `orders_id` int unsigned NOT NULL COMMENT 'Ссылка на номер заказа',
  `body` text CHARACTER SET utf8mb4 COLLATE utf8mb4_unicode_ci NOT NULL COMMENT 'Текст сообщения',
  `is_delivered` tinyint(1) DEFAULT NULL COMMENT 'Признак доставки',
  `created_at` datetime DEFAULT CURRENT_TIMESTAMP COMMENT 'Время создания строки',
  `updated_at` datetime DEFAULT CURRENT_TIMESTAMP ON UPDATE CURRENT_TIMESTAMP COMMENT 'Время обновления строки',
  PRIMARY KEY (`id`),
  KEY `from_user_id` (`from_user_id`),
  KEY `to_user_id` (`to_user_id`),
  KEY `orders_id` (`orders_id`),
  CONSTRAINT `messages_ibfk_1` FOREIGN KEY (`from_user_id`) REFERENCES `users` (`id`),
  CONSTRAINT `messages_ibfk_2` FOREIGN KEY (`to_user_id`) REFERENCES `users` (`id`),
  CONSTRAINT `messages_ibfk_3` FOREIGN KEY (`orders_id`) REFERENCES `orders` (`id`)
) ENGINE=InnoDB AUTO_INCREMENT=101 DEFAULT CHARSET=utf8mb4 COLLATE=utf8mb4_unicode_ci COMMENT='Сообщения';
/*!40101 SET character_set_client = @saved_cs_client */;

--
-- Dumping data for table `messages`
--

LOCK TABLES `messages` WRITE;
/*!40000 ALTER TABLE `messages` DISABLE KEYS */;
INSERT INTO `messages` VALUES (1,39,89,73,'So she swallowed one of these cakes,\' she thought, and looked into its mouth and began smoking again. This time there were a Duck and a large cauldron which seemed to Alice for some minutes. Alice.',1,'1988-04-16 16:30:27','2021-02-04 16:55:17'),(2,5,80,34,'Alice, very much of a well?\' \'Take some more bread-and-butter--\' \'But what did the archbishop find?\' The Mouse only shook its head to hide a smile: some of them even when they hit her; and when she.',1,'1977-05-04 12:57:14','2021-02-04 16:55:17'),(3,9,36,52,'I could shut up like a steam-engine when she heard the Queen in front of them, and he hurried off. Alice thought this a very curious to see if she could not join the dance. \'\"What matters it how far.',1,'2001-04-02 01:37:16','2021-02-04 16:55:17'),(4,27,39,59,'Cat said, waving its right paw round, \'lives a Hatter: and in a voice sometimes choked with sobs, to sing you a present of everything I\'ve said as yet.\' \'A cheap sort of chance of getting up and.',1,'2011-01-25 14:23:23','2021-02-04 16:55:17'),(5,9,87,36,'Even the Duchess was VERY ugly; and secondly, because she was shrinking rapidly; so she bore it as you can--\' \'Swim after them!\' screamed the Gryphon. Alice did not get dry very soon. \'Ahem!\' said.',0,'1972-08-21 09:05:59','2021-02-04 16:55:17'),(6,66,15,4,'Duchess, the Duchess! Oh! won\'t she be savage if I\'ve kept her eyes to see it pop down a good deal to ME,\' said the Mock Turtle. So she began nursing her child again, singing a sort of idea that.',1,'1984-06-27 21:33:07','2021-02-04 16:55:17'),(7,99,13,12,'Even the Duchess said in a soothing tone: \'don\'t be angry about it. And yet I don\'t like the Queen?\' said the Mouse in the after-time, be herself a grown woman; and how she would manage it. \'They.',0,'1996-03-27 12:37:14','2021-02-04 16:55:17'),(8,96,22,49,'Alice quite jumped; but she knew she had accidentally upset the milk-jug into his plate. Alice did not dare to laugh; and, as the hall was very uncomfortable, and, as the soldiers did. After these.',1,'1999-05-13 17:34:06','2021-02-04 16:55:17'),(9,84,70,6,'Alice. \'Then you shouldn\'t talk,\' said the March Hare. Visit either you like: they\'re both mad.\' \'But I don\'t care which happens!\' She ate a little bit, and said \'That\'s very curious!\' she thought..',0,'2015-09-05 14:03:16','2021-02-04 16:55:17'),(10,32,83,81,'She hastily put down her anger as well be at school at once.\' However, she soon made out the Fish-Footman was gone, and the poor little thing was waving its tail about in the distance would take the.',0,'1997-12-26 05:17:57','2021-02-04 16:55:17'),(11,9,5,89,'Alice, (she had grown in the air. This time Alice waited patiently until it chose to speak good English); \'now I\'m opening out like the wind, and was delighted to find my way into a butterfly, I.',1,'1980-04-20 17:39:31','2021-02-04 16:55:17'),(12,46,74,2,'Queen shrieked out. \'Behead that Dormouse! Turn that Dormouse out of THIS!\' (Sounds of more energetic remedies--\' \'Speak English!\' said the Hatter, and here the conversation a little. \'\'Tis so,\'.',1,'1970-10-05 18:35:12','2021-02-04 16:55:17'),(13,5,55,40,'Alice; \'I daresay it\'s a very curious to see the Hatter were having tea at it: a Dormouse was sitting on the whole party swam to the dance. Will you, won\'t you, will you, won\'t you, will you join.',0,'2012-03-23 21:19:01','2021-02-04 16:55:17'),(14,85,55,94,'While the Panther were sharing a pie--\' [later editions continued as follows When the sands are all pardoned.\' \'Come, THAT\'S a good many voices all talking together: she made out that she was ready.',0,'2006-12-23 21:18:55','2021-02-04 16:55:17'),(15,9,6,48,'Caterpillar took the hookah out of his shrill little voice, the name again!\' \'I won\'t have any pepper in my time, but never ONE with such sudden violence that Alice could hardly hear the Rabbit was.',1,'2013-01-12 14:01:54','2021-02-04 16:55:17'),(16,91,66,61,'Alice! when she had someone to listen to me! When I used to say \'Drink me,\' but the Gryphon answered, very nearly carried it out loud. \'Thinking again?\' the Duchess sneezed occasionally; and as.',0,'1979-09-27 19:25:38','2021-02-04 16:55:17'),(17,27,11,57,'CAN have happened to me! When I used to say it out into the air. \'--as far out to sea. So they got thrown out to sea!\" But the insolence of his head. But at any rate it would be four thousand miles.',1,'2005-12-30 14:29:57','2021-02-04 16:55:17'),(18,63,55,4,'WOULD always get into her eyes; and once again the tiny hands were clasped upon her knee, and the sounds will take care of themselves.\"\' \'How fond she is of mine, the less there is of finding morals.',0,'2000-06-26 19:03:41','2021-02-04 16:55:17'),(19,31,43,47,'MYSELF, I\'m afraid, but you might knock, and I could let you out, you know.\' \'I don\'t see,\' said the Cat, and vanished again. Alice waited till she fancied she heard one of the doors of the.',1,'2017-07-31 22:14:54','2021-02-04 16:55:17'),(20,65,48,22,'Father William replied to his ear. Alice considered a little, \'From the Queen. \'Never!\' said the Mock Turtle went on again:-- \'I didn\'t write it, and burning with curiosity, she ran out of it, and.',0,'1970-10-14 06:52:33','2021-02-04 16:55:17'),(21,34,10,71,'Alice. \'Of course twinkling begins with an M--\' \'Why with an air of great relief. \'Now at OURS they had any dispute with the Queen, turning purple. \'I won\'t!\' said Alice. \'I\'ve tried the effect of.',1,'1971-11-24 14:24:39','2021-02-04 16:55:17'),(22,72,8,88,'Duchess. An invitation from the Gryphon, before Alice could not join the dance. Would not, could not, would not, could not, would not, could not even get her head down to the Hatter. \'I told you.',1,'2010-12-02 01:00:18','2021-02-04 16:55:17'),(23,57,8,25,'Hatter. \'Stolen!\' the King repeated angrily, \'or I\'ll have you executed.\' The miserable Hatter dropped his teacup and bread-and-butter, and then raised himself upon tiptoe, put his mouth close to.',0,'2002-01-29 19:20:36','2021-02-04 16:55:17'),(24,70,15,61,'Queen never left off staring at the end of trials, \"There was some attempts at applause, which was lit up by wild beasts and other unpleasant things, all because they WOULD not remember the simple.',1,'2013-09-14 15:14:34','2021-02-04 16:55:17'),(25,78,50,30,'King, \'and don\'t look at the top of her little sister\'s dream. The long grass rustled at her feet in a minute. Alice began in a trembling voice, \'Let us get to the whiting,\' said Alice, as she did.',0,'1985-12-15 16:45:54','2021-02-04 16:55:17'),(26,79,5,68,'CURTSEYING as you\'re falling through the doorway; \'and even if my head would go anywhere without a cat! It\'s the most curious thing I ever saw one that size? Why, it fills the whole pack of cards:.',1,'1979-11-15 22:48:20','2021-02-04 16:55:17'),(27,63,73,47,'Mock Turtle went on eagerly: \'There is such a dreadful time.\' So Alice got up very sulkily and crossed over to the heads of the treat. When the pie was all ridges and furrows; the balls were live.',1,'2005-11-15 15:05:23','2021-02-04 16:55:17'),(28,75,49,31,'CHAPTER IV. The Rabbit Sends in a sort of life! I do wonder what you\'re at!\" You know the way down one side and up the fan and a large one, but the Hatter was out of sight, he said in an angry tone,.',1,'1972-07-02 23:42:29','2021-02-04 16:55:17'),(29,88,28,16,'The Dormouse slowly opened his eyes. \'I wasn\'t asleep,\' he said to herself, \'Why, they\'re only a child!\' The Queen smiled and passed on. \'Who ARE you doing out here? Run home this moment, and fetch.',0,'1972-07-28 04:42:46','2021-02-04 16:55:17'),(30,15,90,84,'Gryphon at the top with its eyelids, so he with his whiskers!\' For some minutes the whole thing, and longed to get in?\' \'There might be some sense in your pocket?\' he went on for some time after the.',0,'1970-01-16 02:46:45','2021-02-04 16:55:17'),(31,8,67,73,'Mock Turtle, capering wildly about. \'Change lobsters again!\' yelled the Gryphon said to herself; \'the March Hare went \'Sh! sh!\' and the White Rabbit hurried by--the frightened Mouse splashed his way.',1,'2000-05-29 13:26:57','2021-02-04 16:55:17'),(32,96,64,14,'I believe.\' \'Boots and shoes under the hedge. In another minute there was no time to see that the hedgehog had unrolled itself, and was coming back to the jury. They were indeed a queer-looking.',0,'1981-01-30 11:55:22','2021-02-04 16:55:17'),(33,55,20,49,'Then they all crowded round her at the stick, and made a rush at Alice as it can talk: at any rate it would be of very little way forwards each time and a crash of broken glass, from which she had.',1,'1993-04-14 03:09:09','2021-02-04 16:55:17'),(34,86,5,4,'Alice \'without pictures or conversations in it, \'and what is the same as they were nowhere to be almost out of breath, and said \'That\'s very curious.\' \'It\'s all her life. Indeed, she had plenty of.',1,'1977-10-26 05:05:39','2021-02-04 16:55:17'),(35,66,64,70,'I\'m Mabel, I\'ll stay down here with me! There are no mice in the world go round!\"\' \'Somebody said,\' Alice whispered, \'that it\'s done by everybody minding their own business!\' \'Ah, well! It means.',1,'2010-02-28 04:57:05','2021-02-04 16:55:17'),(36,70,7,37,'Mock Turtle. \'Certainly not!\' said Alice very politely; but she got used to say.\' \'So he did, so he did,\' said the Duchess. \'Everything\'s got a moral, if only you can find them.\' As she said to.',1,'2003-01-09 03:11:17','2021-02-04 16:55:17'),(37,50,39,75,'AT ALL. Soup does very well as she could remember about ravens and writing-desks, which wasn\'t much. The Hatter opened his eyes very wide on hearing this; but all he SAID was, \'Why is a raven like a.',1,'1984-10-06 22:30:28','2021-02-04 16:55:17'),(38,40,77,65,'Footman continued in the pool as it could go, and broke off a bit hurt, and she hastily dried her eyes filled with tears running down his face, as long as I used--and I don\'t keep the same words as.',1,'2013-01-02 09:42:43','2021-02-04 16:55:17'),(39,52,68,97,'Come on!\' \'Everybody says \"come on!\" here,\' thought Alice, \'to pretend to be managed? I suppose Dinah\'ll be sending me on messages next!\' And she tried her best to climb up one of the baby?\' said.',0,'1979-09-30 21:31:51','2021-02-04 16:55:17'),(40,37,8,89,'I to get in?\' \'There might be some sense in your knocking,\' the Footman continued in the wind, and the White Rabbit returning, splendidly dressed, with a T!\' said the Caterpillar decidedly, and he.',0,'2014-02-24 23:51:05','2021-02-04 16:55:17'),(41,31,33,56,'King say in a VERY turn-up nose, much more like a thunderstorm. \'A fine day, your Majesty!\' the Duchess to play croquet.\' The Frog-Footman repeated, in the world! Oh, my dear paws! Oh my dear paws!.',1,'1972-07-30 15:03:03','2021-02-04 16:55:17'),(42,42,43,11,'Alice kept her waiting!\' Alice felt so desperate that she was considering in her life, and had to do THAT in a loud, indignant voice, but she did not dare to laugh; and, as a partner!\' cried the.',1,'1986-02-19 22:58:22','2021-02-04 16:55:17'),(43,16,15,88,'Mock Turtle. \'No, no! The adventures first,\' said the Caterpillar; and it sat down a large crowd collected round it: there were a Duck and a fan! Quick, now!\' And Alice was a good deal frightened at.',1,'1972-02-25 10:57:38','2021-02-04 16:55:17'),(44,53,47,6,'There was certainly English. \'I don\'t think--\' \'Then you keep moving round, I suppose?\' \'Yes,\' said Alice desperately: \'he\'s perfectly idiotic!\' And she went hunting about, and shouting \'Off with.',1,'2020-08-25 05:32:05','2021-02-04 16:55:17'),(45,18,87,63,'Ann! Mary Ann!\' said the Duchess, digging her sharp little chin into Alice\'s shoulder as he wore his crown over the list, feeling very curious to know when the White Rabbit cried out, \'Silence in.',1,'1973-01-13 07:29:01','2021-02-04 16:55:17'),(46,30,95,99,'Alice was more hopeless than ever: she sat still and said to the Mock Turtle to the Hatter. Alice felt a very long silence, broken only by an occasional exclamation of \'Hjckrrh!\' from the time they.',0,'1978-02-16 22:58:15','2021-02-04 16:55:17'),(47,96,13,6,'Mock Turtle\'s Story \'You can\'t think how glad I am to see anything; then she remembered how small she was a bright brass plate with the lobsters and the others took the regular course.\' \'What was.',1,'1999-07-11 08:08:47','2021-02-04 16:55:17'),(48,90,78,30,'French mouse, come over with fright. \'Oh, I beg your pardon,\' said Alice a little faster?\" said a whiting to a mouse, That he met in the same solemn tone, \'For the Duchess. \'Everything\'s got a.',1,'1978-02-17 03:30:08','2021-02-04 16:55:17'),(49,61,51,32,'Mock Turtle. \'Certainly not!\' said Alice indignantly. \'Ah! then yours wasn\'t a bit afraid of it. Presently the Rabbit say, \'A barrowful will do, to begin with; and being ordered about by mice and.',1,'1971-05-13 04:15:43','2021-02-04 16:55:17'),(50,33,22,69,'The Cat\'s head with great curiosity, and this was the King; and as for the Dormouse,\' thought Alice; \'but when you have to turn into a pig, and she tried her best to climb up one of the lefthand.',1,'1992-03-18 13:22:22','2021-02-04 16:55:17'),(51,81,55,49,'Lobster Quadrille The Mock Turtle Soup is made from,\' said the Duchess: \'and the moral of that is--\"Birds of a globe of goldfish she had put the Lizard as she went nearer to make SOME change in my.',1,'2008-06-29 14:16:04','2021-02-04 16:55:17'),(52,5,10,39,'It doesn\'t look like it?\' he said. (Which he certainly did NOT, being made entirely of cardboard.) \'All right, so far,\' said the Mock Turtle Soup is made from,\' said the Dormouse: \'not in that case.',1,'2016-03-21 19:04:29','2021-02-04 16:55:17'),(53,84,82,47,'Alice was beginning to feel very queer to ME.\' \'You!\' said the Gryphon. \'Of course,\' the Gryphon at the moment, \'My dear! I shall have to whisper a hint to Time, and round Alice, every now and then;.',0,'1987-12-05 07:37:57','2021-02-04 16:55:17'),(54,3,80,15,'And in she went. Once more she found herself at last in the book,\' said the Cat: \'we\'re all mad here. I\'m mad. You\'re mad.\' \'How do you like to go through next walking about at the end.\' \'If you.',0,'1986-04-15 16:18:38','2021-02-04 16:55:17'),(55,62,55,36,'I am so VERY wide, but she could not help bursting out laughing: and when she caught it, and they sat down, and the little door, had vanished completely. Very soon the Rabbit began. Alice gave a.',0,'1990-08-29 11:26:30','2021-02-04 16:55:17'),(56,1,34,33,'YOUR shoes done with?\' said the White Rabbit blew three blasts on the OUTSIDE.\' He unfolded the paper as he spoke. \'UNimportant, of course, Alice could see this, as she had a pencil that squeaked..',1,'1994-04-01 12:15:26','2021-02-04 16:55:17'),(57,19,6,59,'While she was quite impossible to say \'creatures,\' you see, Alice had learnt several things of this elegant thimble\'; and, when it had come back again, and made a snatch in the prisoner\'s.',0,'2017-05-13 03:00:56','2021-02-04 16:55:17'),(58,93,26,95,'Caterpillar took the opportunity of saying to her in a tone of this sort of meaning in it.\' The jury all brightened up at this corner--No, tie \'em together first--they don\'t reach half high enough.',1,'1998-03-02 14:49:32','2021-02-04 16:55:17'),(59,5,12,95,'I don\'t take this child away with me,\' thought Alice, and, after folding his arms and legs in all directions, \'just like a thunderstorm. \'A fine day, your Majesty!\' the soldiers remaining behind to.',0,'1993-01-23 11:14:10','2021-02-04 16:55:17'),(60,46,82,92,'Cheshire cat,\' said the King. \'It began with the game,\' the Queen had ordered. They very soon had to do this, so that it made no mark; but he could think of what sort it was) scratching and.',1,'1996-08-01 20:05:19','2021-02-04 16:55:17'),(61,14,71,74,'I am! But I\'d better take him his fan and gloves. \'How queer it seems,\' Alice said to Alice, and she tried the effect of lying down on her hand, and a bright brass plate with the bread-knife.\' The.',1,'1999-10-20 18:56:36','2021-02-04 16:55:17'),(62,34,10,92,'CHAPTER IX. The Mock Turtle is.\' \'It\'s the stupidest tea-party I ever saw in another moment, splash! she was in confusion, getting the Dormouse fell asleep instantly, and Alice looked at them with.',0,'2009-02-22 15:21:21','2021-02-04 16:55:17'),(63,25,35,40,'Gryphon. \'It\'s all her coaxing. Hardly knowing what she was playing against herself, for this time she heard her voice close to them, and then the other, saying, in a minute. Alice began to say.',0,'1983-07-27 03:00:12','2021-02-04 16:55:17'),(64,25,44,24,'I get\" is the reason is--\' here the Mock Turtle, \'Drive on, old fellow! Don\'t be all day about it!\' and he says it\'s so useful, it\'s worth a hundred pounds! He says it kills all the jurymen on to.',1,'1976-10-30 08:16:20','2021-02-04 16:55:17'),(65,50,17,98,'Duchess sang the second time round, she came upon a low voice, to the door, staring stupidly up into hers--she could hear him sighing as if she could remember about ravens and writing-desks, which.',1,'1992-04-21 19:48:16','2021-02-04 16:55:17'),(66,73,52,17,'WHAT? The other guests had taken advantage of the accident, all except the King, going up to the other arm curled round her at the Queen, and Alice looked up, and began by producing from under his.',0,'2014-09-02 22:28:46','2021-02-04 16:55:17'),(67,16,7,93,'March Hare. \'Yes, please do!\' but the Hatter were having tea at it: a Dormouse was sitting next to her. \'I wish you could draw treacle out of the deepest contempt. \'I\'ve seen hatters before,\' she.',1,'2005-08-24 13:59:24','2021-02-04 16:55:17'),(68,62,81,10,'That\'ll be a comfort, one way--never to be no sort of life! I do wonder what CAN have happened to you? Tell us all about for it, he was in livery: otherwise, judging by his garden, and marked, with.',0,'2012-10-09 17:43:46','2021-02-04 16:55:17'),(69,59,82,72,'There was a large cauldron which seemed to her great disappointment it was certainly too much pepper in that poky little house, on the bank, with her head!\' about once in her face, and was a most.',1,'2017-01-29 20:40:28','2021-02-04 16:55:17'),(70,8,69,30,'Dormouse was sitting on a branch of a candle is like after the others. \'We must burn the house before she found it made no mark; but he could think of what work it would like the largest telescope.',0,'2018-07-19 23:52:35','2021-02-04 16:55:17'),(71,64,95,33,'I like\"!\' \'You might just as she was beginning to think that there was nothing else to say \"HOW DOTH THE LITTLE BUSY BEE,\" but it had come back and see what this bottle does. I do wonder what was on.',1,'1975-01-30 10:58:04','2021-02-04 16:55:17'),(72,94,69,75,'I should think you could keep it to be ashamed of yourself for asking such a dreadful time.\' So Alice began telling them her adventures from the change: and Alice could not answer without a cat!.',1,'1972-03-31 03:22:48','2021-02-04 16:55:17'),(73,79,61,77,'March Hare. \'I didn\'t know how to begin.\' He looked anxiously round, to make ONE respectable person!\' Soon her eye fell upon a neat little house, and wondering what to do so. \'Shall we try another.',0,'1987-07-09 12:48:49','2021-02-04 16:55:17'),(74,10,95,58,'Alice whispered to the general conclusion, that wherever you go to on the top of his tail. \'As if it please your Majesty,\' said the Duchess; \'and the moral of that is--\"Be what you had been found.',0,'1996-05-17 17:47:54','2021-02-04 16:55:17'),(75,15,94,60,'A little bright-eyed terrier, you know, as we needn\'t try to find her in the window, she suddenly spread out her hand, watching the setting sun, and thinking of little birds and animals that had.',1,'1993-11-12 16:21:38','2021-02-04 16:55:17'),(76,43,83,26,'French lesson-book. The Mouse did not like to have the experiment tried. \'Very true,\' said the Duchess. \'Everything\'s got a moral, if only you can have no idea how to get dry again: they had to.',1,'1979-01-05 07:31:09','2021-02-04 16:55:17'),(77,72,34,50,'I am, sir,\' said Alice; \'it\'s laid for a good deal frightened by this very sudden change, but she remembered having seen in her own child-life, and the March Hare. \'Then it doesn\'t matter a bit,\'.',0,'1982-06-03 04:02:24','2021-02-04 16:55:17'),(78,30,20,70,'VERY nearly at the window, and some of them can explain it,\' said the Mock Turtle Soup is made from,\' said the King, the Queen, and Alice was silent. The King laid his hand upon her face. \'Wake up,.',1,'2004-06-25 10:43:45','2021-02-04 16:55:17'),(79,31,99,100,'Alice. \'Did you say pig, or fig?\' said the Mouse, turning to Alice, flinging the baby at her own courage. \'It\'s no use going back to the shore. CHAPTER III. A Caucus-Race and a fan! Quick, now!\' And.',1,'1982-11-19 08:05:10','2021-02-04 16:55:17'),(80,68,32,89,'I hadn\'t to bring but one; Bill\'s got the other--Bill! fetch it here, lad!--Here, put \'em up at the end of half an hour or so, and were resting in the window, I only wish people knew that: then they.',0,'2000-11-15 08:25:53','2021-02-04 16:55:17'),(81,44,62,43,'I\'m better now--but I\'m a hatter.\' Here the other birds tittered audibly. \'What I was a very difficult game indeed. The players all played at once in a coaxing tone, and everybody else. \'Leave off.',1,'1980-11-17 10:23:27','2021-02-04 16:55:17'),(82,15,13,50,'Said his father; \'don\'t give yourself airs! Do you think I may as well as the March Hare went \'Sh! sh!\' and the cool fountains. CHAPTER VIII. The Queen\'s argument was, that she was not going to.',0,'1983-03-30 07:12:39','2021-02-04 16:55:17'),(83,45,80,18,'After a while she was about a thousand times as large as himself, and this time the Mouse to tell me who YOU are, first.\' \'Why?\' said the King. Here one of them even when they liked, so that her.',0,'1987-03-24 09:41:51','2021-02-04 16:55:17'),(84,79,60,40,'Alice\'s great surprise, the Duchess\'s cook. She carried the pepper-box in her haste, she had hurt the poor little thing was snorting like a Jack-in-the-box, and up I goes like a sky-rocket!\' \'So you.',1,'1970-07-09 18:58:36','2021-02-04 16:55:17'),(85,61,59,47,'Alice could bear: she got back to my right size for going through the neighbouring pool--she could hear the words:-- \'I speak severely to my jaw, Has lasted the rest were quite dry again, the Dodo.',1,'1988-03-17 17:48:35','2021-02-04 16:55:17'),(86,66,14,13,'Alice put down her flamingo, and began whistling. \'Oh, there\'s no harm in trying.\' So she was terribly frightened all the rest, Between yourself and me.\' \'That\'s the most important piece of.',0,'2009-01-23 03:52:22','2021-02-04 16:55:17'),(87,48,93,24,'Oh dear! I\'d nearly forgotten to ask.\' \'It turned into a cucumber-frame, or something of the well, and noticed that the meeting adjourn, for the Duchess by this time). \'Don\'t grunt,\' said Alice; \'I.',0,'1988-12-15 22:33:02','2021-02-04 16:55:17'),(88,42,23,82,'So they had to leave it behind?\' She said the King said to the shore, and then hurried on, Alice started to her to speak with. Alice waited till the eyes appeared, and then at the bottom of a well?\'.',0,'1989-07-17 17:45:05','2021-02-04 16:55:17'),(89,63,35,38,'Mouse was swimming away from her as hard as it was quite tired of being upset, and their slates and pencils had been anxiously looking across the field after it, never once considering how in the.',0,'2006-03-19 18:09:26','2021-02-04 16:55:17'),(90,91,6,41,'YOUR adventures.\' \'I could tell you my history, and you\'ll understand why it is almost certain to disagree with you, sooner or later. However, this bottle was a different person then.\' \'Explain all.',1,'1972-10-17 16:10:02','2021-02-04 16:55:17'),(91,66,24,92,'WAS a curious appearance in the trial one way up as the soldiers remaining behind to execute the unfortunate gardeners, who ran to Alice a good many voices all talking at once, in a tone of this was.',1,'2014-10-25 17:55:37','2021-02-04 16:55:17'),(92,57,1,35,'Last came a little pattering of feet in a voice of the teacups as the Dormouse shook itself, and began smoking again. This time there could be no use their putting their heads down and saying \"Come.',1,'2005-07-25 09:51:16','2021-02-04 16:55:17'),(93,87,34,98,'Alice would not stoop? Soup of the sense, and the blades of grass, but she felt that she ought not to make out who I am! But I\'d better take him his fan and two or three pairs of tiny white kid.',1,'2011-06-21 15:32:32','2021-02-04 16:55:17'),(94,64,64,86,'NOT marked \'poison,\' it is you hate--C and D,\' she added in a low trembling voice, \'--and I hadn\'t mentioned Dinah!\' she said to herself as she passed; it was labelled \'ORANGE MARMALADE\', but to her.',0,'1972-07-15 10:56:11','2021-02-04 16:55:17'),(95,55,18,33,'Dodo had paused as if he wasn\'t going to dive in among the branches, and every now and then all the jurymen on to himself as he spoke, \'we were trying--\' \'I see!\' said the Caterpillar, just as she.',1,'1973-10-01 01:30:25','2021-02-04 16:55:17'),(96,86,96,8,'The Hatter looked at each other for some time busily writing in his sleep, \'that \"I like what I like\"!\' \'You might just as if his heart would break. She pitied him deeply. \'What is his sorrow?\' she.',1,'1992-02-08 19:32:38','2021-02-04 16:55:17'),(97,61,29,40,'CHAPTER V. Advice from a bottle marked \'poison,\' it is you hate--C and D,\' she added in a low, weak voice. \'Now, I give you fair warning,\' shouted the Queen. \'I never said I could let you out, you.',0,'1987-08-04 18:32:44','2021-02-04 16:55:17'),(98,49,53,76,'CHAPTER III. A Caucus-Race and a scroll of parchment in the middle of the bottle was a bright brass plate with the tea,\' the Hatter was the same as they were all ornamented with hearts. Next came an.',0,'1975-04-05 02:07:06','2021-02-04 16:55:17'),(99,60,81,58,'See how eagerly the lobsters and the executioner ran wildly up and throw us, with the next witness was the King; and as the Caterpillar took the regular course.\' \'What was THAT like?\' said Alice..',1,'1980-01-20 03:13:12','2021-02-04 16:55:17'),(100,54,43,61,'No, no! You\'re a serpent; and there\'s no harm in trying.\' So she swallowed one of the jury wrote it down \'important,\' and some of them were animals, and some were birds,) \'I suppose they are the.',1,'2005-08-05 17:35:55','2021-02-04 16:55:17');
/*!40000 ALTER TABLE `messages` ENABLE KEYS */;
UNLOCK TABLES;

--
-- Table structure for table `onlineimpression_type`
--

DROP TABLE IF EXISTS `onlineimpression_type`;
/*!40101 SET @saved_cs_client     = @@character_set_client */;
/*!50503 SET character_set_client = utf8mb4 */;
CREATE TABLE `onlineimpression_type` (
  `id` int unsigned NOT NULL AUTO_INCREMENT COMMENT 'Идентификатор строки',
  `name` text CHARACTER SET utf8mb4 COLLATE utf8mb4_unicode_ci NOT NULL COMMENT 'Тип онлайн-впечатления',
  `created_at` datetime DEFAULT CURRENT_TIMESTAMP COMMENT 'Время создания строки',
  `updated_at` datetime DEFAULT CURRENT_TIMESTAMP ON UPDATE CURRENT_TIMESTAMP COMMENT 'Время обновления строки',
  PRIMARY KEY (`id`)
) ENGINE=InnoDB AUTO_INCREMENT=101 DEFAULT CHARSET=utf8mb4 COLLATE=utf8mb4_unicode_ci COMMENT='Тип онлайн-впечатления';
/*!40101 SET character_set_client = @saved_cs_client */;

--
-- Dumping data for table `onlineimpression_type`
--

LOCK TABLES `onlineimpression_type` WRITE;
/*!40000 ALTER TABLE `onlineimpression_type` DISABLE KEYS */;
INSERT INTO `onlineimpression_type` VALUES (1,'Интересы','2002-11-12 09:35:13','2021-02-04 16:29:31'),(2,'Идеально для групп','1975-12-14 23:12:50','1977-03-16 21:20:57'),(3,'Для семьи','1988-02-11 19:17:42','1990-04-22 14:12:35'),(4,'Животные','1972-11-08 23:53:43','2007-04-03 17:09:57'),(5,'Искусство и литература','1971-02-14 23:32:06','2010-01-16 08:27:47'),(6,'Выпечка','2006-07-27 07:40:31','2021-02-04 16:29:31'),(7,'Кулинария','2005-02-08 10:56:08','2020-10-16 10:45:42'),(8,'Танцы','2009-07-15 08:49:08','2021-02-04 16:29:31'),(9,'Напитки','2019-09-07 23:45:33','2021-02-04 16:29:31'),(10,'Развлечения','2004-02-07 22:53:01','2021-02-04 16:29:31'),(11,'Фитнес','2005-10-16 21:13:42','2021-02-04 16:29:31'),(12,'История и культура','1985-08-23 14:59:01','2019-10-19 21:59:41'),(13,'Фокусы','1976-10-06 12:48:06','2002-09-14 13:31:04'),(14,'Музыка','2006-06-21 07:28:44','2009-04-29 04:55:40'),(15,'Благотворительные проекты','1998-09-25 16:44:38','2021-02-04 16:29:31'),(16,'Велнес','1981-05-13 15:04:44','1987-02-12 02:34:16'),(17,'Олимпийцы и паралимпийцы','2010-08-25 23:59:02','2021-02-04 16:29:31'),(18,'Отвечает требованиям доступности','2008-09-28 09:22:17','2021-02-04 16:29:31');
/*!40000 ALTER TABLE `onlineimpression_type` ENABLE KEYS */;
UNLOCK TABLES;

--
-- Table structure for table `optional_comfort`
--

DROP TABLE IF EXISTS `optional_comfort`;
/*!40101 SET @saved_cs_client     = @@character_set_client */;
/*!50503 SET character_set_client = utf8mb4 */;
CREATE TABLE `optional_comfort` (
  `id` int unsigned NOT NULL AUTO_INCREMENT COMMENT 'Идентификатор строки',
  `name` text CHARACTER SET utf8mb4 COLLATE utf8mb4_unicode_ci NOT NULL COMMENT 'Тип дополнительных удобств',
  `created_at` datetime DEFAULT CURRENT_TIMESTAMP COMMENT 'Время создания строки',
  `updated_at` datetime DEFAULT CURRENT_TIMESTAMP ON UPDATE CURRENT_TIMESTAMP COMMENT 'Время обновления строки',
  PRIMARY KEY (`id`)
) ENGINE=InnoDB AUTO_INCREMENT=101 DEFAULT CHARSET=utf8mb4 COLLATE=utf8mb4_unicode_ci COMMENT='Тип дополнительных удобств';
/*!40101 SET character_set_client = @saved_cs_client */;

--
-- Dumping data for table `optional_comfort`
--

LOCK TABLES `optional_comfort` WRITE;
/*!40000 ALTER TABLE `optional_comfort` DISABLE KEYS */;
INSERT INTO `optional_comfort` VALUES (1,'Бесплатная парковка на территории','2017-07-25 19:16:37','2021-02-04 16:36:36'),(2,'Спортзал','1999-11-20 15:23:38','2021-02-04 16:36:36'),(3,'Джакузи','1975-03-24 04:06:11','1978-11-24 02:58:05'),(4,'Бассейн','1971-06-13 16:34:10','1988-09-12 05:51:17');
/*!40000 ALTER TABLE `optional_comfort` ENABLE KEYS */;
UNLOCK TABLES;

--
-- Table structure for table `orders`
--

DROP TABLE IF EXISTS `orders`;
/*!40101 SET @saved_cs_client     = @@character_set_client */;
/*!50503 SET character_set_client = utf8mb4 */;
CREATE TABLE `orders` (
  `id` int unsigned NOT NULL AUTO_INCREMENT COMMENT 'Идентификатор строки',
  `from_user_id` int unsigned NOT NULL COMMENT 'Ссылка на пользователя',
  `listing_id` int unsigned DEFAULT NULL COMMENT 'Ссылка на объявление',
  `impressions_id` int unsigned DEFAULT NULL COMMENT 'Ссылка на впечатление',
  `arrival_date` date NOT NULL COMMENT 'Дата заезда',
  `departure_date` date NOT NULL COMMENT 'Дата выезда',
  `guests` int unsigned NOT NULL COMMENT 'Количество гостей',
  `created_at` datetime DEFAULT CURRENT_TIMESTAMP COMMENT 'Время создания строки',
  `updated_at` datetime DEFAULT CURRENT_TIMESTAMP ON UPDATE CURRENT_TIMESTAMP COMMENT 'Время обновления строки',
  PRIMARY KEY (`id`),
  KEY `from_user_id` (`from_user_id`),
  KEY `listing_id` (`listing_id`),
  KEY `impressions_id` (`impressions_id`),
  CONSTRAINT `orders_ibfk_1` FOREIGN KEY (`from_user_id`) REFERENCES `users` (`id`),
  CONSTRAINT `orders_ibfk_2` FOREIGN KEY (`listing_id`) REFERENCES `listing` (`id`),
  CONSTRAINT `orders_ibfk_3` FOREIGN KEY (`impressions_id`) REFERENCES `impressions` (`id`)
) ENGINE=InnoDB AUTO_INCREMENT=101 DEFAULT CHARSET=utf8mb4 COLLATE=utf8mb4_unicode_ci COMMENT='Заказы';
/*!40101 SET character_set_client = @saved_cs_client */;

--
-- Dumping data for table `orders`
--

LOCK TABLES `orders` WRITE;
/*!40000 ALTER TABLE `orders` DISABLE KEYS */;
INSERT INTO `orders` VALUES (1,32,NULL,69,'1990-09-23','2021-02-04',1,'2021-01-03 13:59:49','2021-02-04 17:07:57'),(2,77,NULL,30,'1998-09-30','2021-02-04',3,'2018-10-13 08:13:15','2021-02-04 17:07:57'),(3,89,NULL,43,'1978-01-23','2021-02-04',3,'1978-08-07 13:02:19','2021-02-04 17:07:57'),(4,11,NULL,24,'2020-10-20','2021-02-04',3,'1972-11-21 08:10:38','2021-02-04 17:07:57'),(5,90,NULL,93,'1994-09-09','2021-02-04',1,'1985-06-21 00:38:54','2021-02-04 17:07:58'),(6,14,NULL,89,'1974-06-30','1993-03-21',3,'1972-08-27 10:47:03','2021-02-04 17:07:58'),(7,99,NULL,68,'1993-07-11','2011-02-20',3,'2001-05-23 17:02:00','2021-02-04 17:07:58'),(8,56,NULL,70,'2007-11-27','2021-02-04',2,'1991-09-21 02:47:01','2021-02-04 17:07:58'),(9,80,46,NULL,'2003-05-30','2021-02-04',1,'2019-09-19 08:36:10','2021-02-04 17:07:58'),(10,32,65,NULL,'1984-12-16','2015-12-10',1,'1970-08-16 03:05:01','2021-02-04 17:07:58'),(11,18,86,NULL,'2010-10-21','2021-02-04',1,'2019-09-25 04:25:09','2021-02-04 17:07:58'),(12,93,36,NULL,'1978-01-23','2018-12-29',3,'2007-02-20 17:49:39','2021-02-04 17:07:58'),(13,14,22,NULL,'1978-07-10','2021-02-04',2,'2016-02-26 21:10:48','2021-02-04 17:07:58'),(14,87,2,NULL,'1988-09-05','1999-12-10',1,'1990-02-16 07:26:02','2021-02-04 17:07:58'),(15,93,41,NULL,'2019-09-04','2021-02-04',2,'1983-12-29 21:52:56','2021-02-04 17:07:58'),(16,6,2,NULL,'2019-04-05','2021-02-04',3,'1991-11-16 08:54:17','2021-02-04 17:07:58'),(17,49,83,NULL,'2015-05-22','2021-02-04',2,'2009-09-10 05:20:41','2021-02-04 17:07:58'),(18,28,10,NULL,'1991-05-11','1993-11-10',2,'1977-07-22 22:16:13','2021-02-04 17:07:58'),(19,91,99,NULL,'2005-01-03','2021-02-04',2,'2014-10-08 10:16:36','2021-02-04 17:07:58'),(20,69,65,NULL,'1970-03-04','2006-01-18',1,'2005-05-26 23:39:47','2021-02-04 17:07:58'),(21,72,28,NULL,'1972-04-12','2016-07-01',3,'1987-04-12 10:42:55','2021-02-04 17:07:58'),(22,53,46,NULL,'1991-05-19','1994-09-13',1,'1970-01-27 15:04:24','2021-02-04 17:07:58'),(23,48,43,NULL,'2017-06-02','2021-02-04',3,'2019-02-14 08:50:04','2021-02-04 17:07:58'),(24,80,79,NULL,'2015-11-02','2021-02-04',2,'2009-10-02 23:20:57','2021-02-04 17:07:58'),(25,54,64,NULL,'1999-10-23','2014-12-30',3,'1990-07-27 05:17:54','2021-02-04 17:07:58'),(26,31,85,NULL,'2006-03-06','2021-02-04',1,'1981-05-23 21:58:44','2021-02-04 17:07:58'),(27,92,30,NULL,'1990-02-07','2021-02-04',2,'2007-07-30 22:42:52','2021-02-04 17:07:58'),(28,69,97,NULL,'1970-08-09','2017-03-29',2,'1991-08-17 08:17:34','2021-02-04 17:07:58'),(29,66,94,NULL,'2009-02-19','2011-11-15',2,'1998-11-22 02:39:05','2021-02-04 17:07:58'),(30,23,NULL,97,'2004-03-23','2021-02-04',3,'1983-07-20 00:22:00','2021-02-04 17:07:58'),(31,17,NULL,69,'1980-01-14','1994-04-17',3,'1986-10-29 00:09:08','2021-02-04 17:07:58'),(32,15,NULL,54,'2012-02-24','2021-02-04',2,'1988-06-14 22:36:08','2021-02-04 17:07:58'),(33,26,NULL,61,'1998-06-24','2021-02-04',1,'1987-07-16 09:10:05','2021-02-04 17:07:58'),(34,82,NULL,44,'1992-02-02','1992-07-21',1,'2001-02-21 08:38:45','2021-02-04 17:07:58'),(35,31,NULL,35,'1980-05-14','2001-04-10',2,'1998-03-27 02:33:04','2021-02-04 17:07:58'),(36,10,NULL,45,'1980-02-12','2021-02-04',1,'2014-11-12 12:49:09','2021-02-04 17:07:58'),(37,57,NULL,20,'1975-08-07','2020-04-06',1,'2015-09-30 04:26:18','2021-02-04 17:07:58'),(38,53,NULL,65,'1997-11-21','2021-02-04',1,'2009-03-04 12:45:03','2021-02-04 17:07:58'),(39,92,NULL,65,'2017-04-20','2021-02-04',3,'1974-01-06 05:04:21','2021-02-04 17:07:58'),(40,2,NULL,30,'1997-12-12','2021-02-04',2,'1970-10-04 12:48:56','2021-02-04 17:07:58'),(41,35,3,NULL,'1985-09-13','2020-08-23',2,'2020-03-28 23:31:36','2021-02-04 17:07:58'),(42,68,93,NULL,'2015-02-28','2021-02-04',2,'2011-10-23 20:50:26','2021-02-04 17:07:58'),(43,34,53,NULL,'1984-02-27','2011-07-14',2,'1994-01-13 16:29:18','2021-02-04 17:07:58'),(44,66,85,NULL,'2014-11-24','2021-02-04',1,'1993-06-08 14:06:49','2021-02-04 17:07:58'),(45,28,65,NULL,'1987-04-27','2008-03-13',3,'1988-10-28 20:41:45','2021-02-04 17:07:58'),(46,39,NULL,10,'2019-04-22','2021-02-04',3,'2016-08-05 07:04:45','2021-02-04 17:07:58'),(47,12,NULL,9,'1972-04-27','2005-09-20',2,'1977-06-07 15:10:30','2021-02-04 17:07:58'),(48,42,NULL,14,'2007-09-04','2021-02-04',1,'1979-10-11 14:03:22','2021-02-04 17:07:58'),(49,74,NULL,42,'2002-05-17','2014-02-09',3,'1980-11-18 02:35:45','2021-02-04 17:07:58'),(50,45,NULL,67,'1994-02-23','1999-06-16',2,'2011-04-23 20:43:30','2021-02-04 17:07:58'),(51,3,NULL,9,'1983-01-03','2020-09-29',3,'2012-04-15 09:07:27','2021-02-04 17:07:58'),(52,77,NULL,44,'2010-09-28','2021-02-04',1,'1982-12-16 15:54:08','2021-02-04 17:07:58'),(53,75,NULL,94,'2011-09-26','2021-02-04',2,'2001-08-13 10:21:07','2021-02-04 17:07:58'),(54,47,NULL,38,'1988-02-18','2017-07-01',3,'1970-05-01 18:01:07','2021-02-04 17:07:58'),(55,6,NULL,8,'1992-08-16','2021-02-04',3,'1991-02-14 16:51:11','2021-02-04 17:07:58'),(56,90,NULL,23,'1985-07-06','2003-10-20',1,'1971-05-12 14:05:08','2021-02-04 17:07:58'),(57,33,17,NULL,'2000-09-28','2007-05-10',3,'2006-03-28 19:44:30','2021-02-04 17:07:58'),(58,93,23,NULL,'1978-02-14','2021-02-04',2,'1972-08-26 19:09:02','2021-02-04 17:07:58'),(59,66,64,NULL,'2011-01-13','2021-02-04',2,'1973-03-24 03:23:07','2021-02-04 17:07:58'),(60,50,49,NULL,'1974-05-02','2015-09-13',2,'1975-11-09 15:13:59','2021-02-04 17:07:58'),(61,54,53,NULL,'1972-08-24','2005-08-09',2,'1972-11-29 22:36:44','2021-02-04 17:07:58'),(62,16,18,NULL,'1999-06-04','2004-09-12',2,'1977-12-03 01:21:32','2021-02-04 17:07:58'),(63,18,31,NULL,'2020-05-20','2021-02-04',1,'1981-11-15 19:03:26','2021-02-04 17:07:58'),(64,42,2,NULL,'2019-04-05','2021-02-04',3,'1993-08-29 14:44:31','2021-02-04 17:07:58'),(65,57,14,NULL,'1999-05-01','2011-04-23',3,'1977-05-09 17:18:27','2021-02-04 17:07:58'),(66,59,64,NULL,'1979-06-04','2005-03-12',1,'2001-06-13 21:53:32','2021-02-04 17:07:58'),(67,22,79,NULL,'2019-11-30','2021-02-04',2,'1982-03-30 17:07:05','2021-02-04 17:07:58'),(68,34,100,NULL,'1974-10-23','1982-05-04',3,'1995-09-03 23:41:39','2021-02-04 17:07:58'),(69,2,NULL,99,'1988-12-24','2000-01-12',2,'2002-03-29 21:54:38','2021-02-04 17:07:59'),(70,10,NULL,59,'1971-01-04','1983-08-16',3,'2012-08-24 08:41:41','2021-02-04 17:07:59'),(71,40,NULL,99,'1979-03-02','1999-03-03',3,'2019-12-22 01:10:54','2021-02-04 17:07:59'),(72,71,NULL,18,'1995-10-30','2018-10-24',3,'2006-07-14 01:17:24','2021-02-04 17:07:59'),(73,36,NULL,94,'1993-06-15','2021-02-04',3,'2006-05-27 21:27:11','2021-02-04 17:07:59'),(74,64,NULL,15,'1988-06-28','2019-07-08',1,'1991-05-22 22:52:56','2021-02-04 17:07:59'),(75,13,NULL,91,'2012-02-24','2021-02-04',2,'2017-08-15 09:29:59','2021-02-04 17:07:59'),(76,74,NULL,10,'1992-11-08','2021-02-04',3,'2001-12-14 22:42:40','2021-02-04 17:07:59'),(77,29,NULL,76,'1972-04-22','1984-10-11',2,'2008-03-14 07:29:46','2021-02-04 17:07:59'),(78,24,NULL,49,'1999-08-22','2021-02-04',2,'1983-09-02 11:29:10','2021-02-04 17:07:59'),(79,33,NULL,15,'1989-04-23','2005-12-25',1,'1982-10-10 06:02:50','2021-02-04 17:07:59'),(80,93,85,NULL,'2009-12-03','2021-02-04',1,'1989-11-08 23:04:48','2021-02-04 17:07:59'),(81,63,41,NULL,'1980-04-17','1989-09-19',2,'2012-05-17 08:11:47','2021-02-04 17:07:59'),(82,39,46,NULL,'2009-02-15','2016-03-11',1,'1980-12-19 03:43:34','2021-02-04 17:07:59'),(83,2,8,NULL,'2019-12-21','2021-02-04',2,'2008-08-23 21:44:35','2021-02-04 17:07:59'),(84,93,3,NULL,'1990-02-17','2001-03-31',1,'2015-06-08 11:45:04','2021-02-04 17:07:59'),(85,60,88,NULL,'1979-11-16','1993-12-05',2,'1994-02-10 11:26:49','2021-02-04 17:07:59'),(86,18,33,NULL,'2004-07-04','2021-02-04',1,'1975-08-01 00:00:37','2021-02-04 17:07:59'),(87,11,98,NULL,'2017-10-28','2021-02-04',1,'2015-05-01 12:53:40','2021-02-04 17:07:59'),(88,99,NULL,15,'2016-09-17','2021-02-04',2,'2001-04-13 15:16:43','2021-02-04 17:07:59'),(89,61,NULL,30,'1986-04-12','2021-02-04',2,'1993-03-12 22:37:37','2021-02-04 17:07:59'),(90,8,NULL,4,'2018-03-15','2021-02-04',2,'1977-01-24 08:44:46','2021-02-04 17:07:59'),(91,58,NULL,30,'1991-10-26','2021-02-04',2,'1993-12-21 21:38:42','2021-02-04 17:07:59'),(92,64,NULL,36,'2010-04-10','2021-02-04',2,'2014-04-26 09:18:39','2021-02-04 17:07:59'),(93,44,NULL,92,'1975-07-14','1983-04-06',1,'1978-04-14 02:22:48','2021-02-04 17:07:59'),(94,29,NULL,52,'1992-05-30','1999-10-20',1,'2012-11-24 21:51:34','2021-02-04 17:07:59'),(95,11,91,NULL,'1991-09-04','2013-05-16',1,'2009-05-29 17:58:03','2021-02-04 17:07:59'),(96,71,100,NULL,'1978-12-04','2019-04-14',2,'1981-05-29 08:15:06','2021-02-04 17:07:59'),(97,18,27,NULL,'1979-08-29','2008-02-20',3,'2017-08-16 15:04:00','2021-02-04 17:07:59'),(98,78,35,NULL,'2019-10-04','2021-02-04',3,'1974-12-21 21:37:26','2021-02-04 17:07:59'),(99,35,96,NULL,'1985-10-03','1998-06-12',2,'2021-01-29 09:55:27','2021-02-04 17:07:59'),(100,41,71,NULL,'1976-06-29','1978-10-21',2,'2003-03-15 00:47:22','2021-02-04 17:07:59');
/*!40000 ALTER TABLE `orders` ENABLE KEYS */;
UNLOCK TABLES;

--
-- Table structure for table `organizations`
--

DROP TABLE IF EXISTS `organizations`;
/*!40101 SET @saved_cs_client     = @@character_set_client */;
/*!50503 SET character_set_client = utf8mb4 */;
CREATE TABLE `organizations` (
  `id` int unsigned NOT NULL AUTO_INCREMENT COMMENT 'Идентификатор строки',
  `name` text CHARACTER SET utf8mb4 COLLATE utf8mb4_unicode_ci NOT NULL COMMENT 'Название организации',
  `created_at` datetime DEFAULT CURRENT_TIMESTAMP COMMENT 'Время создания строки',
  `updated_at` datetime DEFAULT CURRENT_TIMESTAMP ON UPDATE CURRENT_TIMESTAMP COMMENT 'Время обновления строки',
  PRIMARY KEY (`id`)
) ENGINE=InnoDB AUTO_INCREMENT=101 DEFAULT CHARSET=utf8mb4 COLLATE=utf8mb4_unicode_ci COMMENT='Организации';
/*!40101 SET character_set_client = @saved_cs_client */;

--
-- Dumping data for table `organizations`
--

LOCK TABLES `organizations` WRITE;
/*!40000 ALTER TABLE `organizations` DISABLE KEYS */;
INSERT INTO `organizations` VALUES (1,'itaque','2009-10-23 07:55:12','2021-02-04 17:08:30'),(2,'doloremque','1989-06-13 15:41:12','2001-04-05 12:50:17'),(3,'ullam','1987-12-18 09:58:36','2021-02-04 17:08:30'),(4,'totam','1996-04-18 02:09:36','2015-12-17 12:28:23'),(5,'eligendi','1990-12-13 15:46:37','2021-02-04 17:08:30'),(6,'laborum','1979-09-19 18:29:05','1993-09-13 08:06:03'),(7,'fugiat','2010-09-23 17:53:15','2021-02-04 17:08:30'),(8,'sit','1979-06-30 16:54:34','1999-06-30 19:51:35'),(9,'adipisci','1991-02-23 01:49:17','2021-02-04 17:08:30'),(10,'doloremque','2003-11-27 23:06:50','2021-02-04 17:08:30'),(11,'quasi','1972-11-09 12:40:14','2011-08-26 22:04:47'),(12,'perspiciatis','1977-02-21 01:14:11','1984-10-19 06:50:11'),(13,'ipsum','1998-01-05 04:53:04','2021-02-04 17:08:30'),(14,'at','1975-09-03 10:02:20','2021-02-04 17:08:30'),(15,'error','2004-12-05 22:06:12','2019-05-08 05:31:52'),(16,'nihil','1987-03-08 21:32:45','2021-02-04 17:08:30'),(17,'sit','2014-01-09 19:15:51','2014-08-03 17:33:14'),(18,'voluptas','2011-07-26 23:24:25','2021-02-04 17:08:30'),(19,'est','1971-10-21 15:59:16','1973-07-20 15:37:47'),(20,'autem','2013-06-22 01:18:37','2021-02-04 17:08:30'),(21,'dolorum','1976-03-15 16:50:07','2019-11-03 04:36:43'),(22,'quibusdam','1979-06-27 03:26:43','2009-07-26 01:15:42'),(23,'voluptate','1993-01-26 13:12:12','1997-09-24 00:02:22'),(24,'tempore','1985-02-04 12:37:48','2021-02-04 17:08:30'),(25,'qui','1991-04-27 07:51:36','2021-02-04 17:08:30'),(26,'quia','2014-03-10 00:09:20','2021-02-04 17:08:30'),(27,'cum','1971-03-14 10:16:54','1982-10-15 15:56:40'),(28,'sed','1985-03-18 00:46:01','2021-02-04 17:08:30'),(29,'voluptatum','2014-02-11 20:04:29','2021-02-04 17:08:30'),(30,'harum','2018-01-14 01:43:45','2021-02-04 17:08:30'),(31,'et','1973-09-29 17:16:00','1989-08-20 10:57:28'),(32,'et','1989-11-25 20:00:19','2021-02-04 17:08:30'),(33,'dolore','1996-02-10 00:52:29','2021-02-04 17:08:30'),(34,'ea','2009-06-26 23:25:04','2021-02-04 17:08:30'),(35,'consequatur','2011-04-25 05:35:33','2021-02-04 17:08:30'),(36,'dolores','1990-03-10 05:15:54','1996-03-19 22:32:48'),(37,'et','1972-02-14 20:21:58','1989-01-09 03:59:50'),(38,'nam','1980-07-09 08:11:50','2021-02-04 17:08:30'),(39,'velit','1971-05-26 13:49:50','2016-07-08 11:47:58'),(40,'ea','1971-05-22 02:28:04','2021-02-04 17:08:30'),(41,'eum','1994-01-13 00:13:46','2021-02-04 17:08:30'),(42,'nostrum','1998-08-26 10:13:48','2014-03-06 06:40:03'),(43,'nam','2016-11-04 06:13:30','2021-02-04 17:08:30'),(44,'aut','1973-02-28 13:17:56','1985-10-28 06:24:12'),(45,'id','2019-01-27 10:31:55','2021-02-04 17:08:30'),(46,'sunt','1991-03-07 04:09:38','2008-01-01 00:16:03'),(47,'qui','1997-07-09 12:15:02','2021-02-04 17:08:30'),(48,'impedit','2019-04-13 02:15:19','2021-02-04 17:08:30'),(49,'quod','1984-02-21 09:53:07','1991-05-20 08:32:30'),(50,'optio','1974-04-21 01:30:08','2006-07-05 07:51:08'),(51,'qui','1979-11-20 17:30:57','1990-08-26 16:56:19'),(52,'omnis','2005-01-26 10:55:07','2007-02-05 07:29:22'),(53,'pariatur','2020-01-02 16:37:33','2021-02-04 17:08:30'),(54,'voluptas','1975-03-08 15:37:03','2006-12-18 01:52:17'),(55,'dolore','2018-12-27 12:27:24','2021-02-04 17:08:30'),(56,'in','1976-04-22 16:24:38','1990-04-30 12:35:11'),(57,'nulla','1990-12-17 17:46:23','2021-02-04 17:08:30'),(58,'odio','2018-09-01 22:36:03','2021-02-04 17:08:30'),(59,'similique','1978-01-03 02:05:28','2003-10-25 23:44:18'),(60,'tempora','1979-08-11 10:18:10','2015-11-14 06:54:37'),(61,'officiis','2007-11-12 12:45:48','2021-02-04 17:08:30'),(62,'iusto','1975-10-06 01:27:24','2013-05-23 01:29:01'),(63,'et','2000-06-15 15:31:33','2021-02-04 17:08:30'),(64,'similique','1991-09-03 08:20:50','1999-06-13 14:51:23'),(65,'sed','1984-01-15 15:04:32','2003-03-18 01:11:27'),(66,'magnam','2009-09-03 06:39:15','2018-08-26 04:17:19'),(67,'autem','2019-05-05 11:33:15','2021-02-04 17:08:30'),(68,'qui','2010-03-29 04:50:21','2021-02-04 17:08:30'),(69,'autem','1992-05-05 18:35:35','2001-03-02 21:14:16'),(70,'non','2002-11-24 22:54:04','2013-01-08 07:12:14'),(71,'rerum','2012-03-05 13:20:16','2021-02-04 17:08:30'),(72,'consequatur','1989-09-09 17:25:14','2009-09-02 20:38:04'),(73,'provident','2011-07-05 00:04:23','2021-02-04 17:08:30'),(74,'laborum','2003-12-20 15:29:16','2021-02-04 17:08:30'),(75,'non','2004-05-26 03:03:09','2021-02-04 17:08:30'),(76,'qui','1989-12-28 00:10:10','2021-02-04 17:08:30'),(77,'vel','1990-05-20 13:40:32','1990-11-15 05:43:30'),(78,'omnis','1983-01-06 19:21:52','2005-10-11 06:27:37'),(79,'qui','1983-12-10 10:36:39','2018-08-05 21:02:40'),(80,'ut','1979-07-16 08:58:38','2020-01-27 06:54:09'),(81,'magni','2004-05-20 16:12:01','2008-09-27 01:45:50'),(82,'atque','2019-04-18 06:33:46','2021-02-04 17:08:30'),(83,'quas','1982-09-22 13:01:54','2013-06-16 16:02:27'),(84,'minima','2014-07-02 11:54:44','2021-02-04 17:08:30'),(85,'dignissimos','2016-11-12 04:02:33','2021-02-04 17:08:30'),(86,'modi','1987-10-30 18:24:46','2018-02-06 04:36:22'),(87,'pariatur','2007-11-11 17:57:07','2021-02-04 17:08:30'),(88,'quaerat','1973-07-30 08:55:25','1990-05-15 10:09:53'),(89,'voluptatem','2004-09-11 05:15:25','2021-02-04 17:08:30'),(90,'ratione','1989-03-26 06:42:36','2012-05-18 02:16:06'),(91,'ea','1991-01-29 10:11:57','2021-02-04 17:08:30'),(92,'delectus','1978-10-23 12:48:34','2021-02-04 17:08:30'),(93,'perferendis','1999-11-26 18:44:06','2021-02-04 17:08:30'),(94,'quis','1972-06-28 23:03:14','2014-10-21 15:06:06'),(95,'officia','2010-11-11 01:37:38','2021-02-04 17:08:30'),(96,'mollitia','1997-04-13 01:01:30','2021-02-04 17:08:30'),(97,'ab','1995-02-19 10:31:36','2003-04-11 14:09:15'),(98,'et','1978-07-10 10:42:51','2003-05-23 08:20:37'),(99,'illum','2017-10-22 03:28:56','2021-02-04 17:08:30'),(100,'minus','2002-06-20 22:56:14','2014-01-14 02:06:42');
/*!40000 ALTER TABLE `organizations` ENABLE KEYS */;
UNLOCK TABLES;

--
-- Table structure for table `profiles`
--

DROP TABLE IF EXISTS `profiles`;
/*!40101 SET @saved_cs_client     = @@character_set_client */;
/*!50503 SET character_set_client = utf8mb4 */;
CREATE TABLE `profiles` (
  `user_id` int unsigned NOT NULL COMMENT 'Ссылка на пользователя',
  `photo_id` int unsigned DEFAULT NULL COMMENT 'Ссылка на основную фотографию пользователя',
  `body` text CHARACTER SET utf8mb4 COLLATE utf8mb4_unicode_ci COMMENT 'Текст профиля',
  `cities_id` int unsigned NOT NULL COMMENT 'Ссылка на город проживания',
  `countries_id` int unsigned NOT NULL COMMENT 'Ссылка на страну проживания',
  `languages_id` int unsigned NOT NULL COMMENT 'Ссылка на родной язык',
  `organizations_id` int unsigned DEFAULT NULL COMMENT 'Ссылка на название организации',
  `listing_id` int unsigned DEFAULT NULL COMMENT 'Ссылка на объявление',
  `status` tinyint(1) NOT NULL COMMENT 'Текущий статус пользователя - подтвержден/не подтвержден',
  `created_at` datetime DEFAULT CURRENT_TIMESTAMP COMMENT 'Время создания строки',
  `updated_at` datetime DEFAULT CURRENT_TIMESTAMP ON UPDATE CURRENT_TIMESTAMP COMMENT 'Время обновления строки',
  PRIMARY KEY (`user_id`),
  KEY `photo_id` (`photo_id`),
  KEY `cities_id` (`cities_id`),
  KEY `countries_id` (`countries_id`),
  KEY `languages_id` (`languages_id`),
  KEY `organizations_id` (`organizations_id`),
  KEY `listing_id` (`listing_id`),
  CONSTRAINT `profiles_ibfk_1` FOREIGN KEY (`photo_id`) REFERENCES `media` (`id`),
  CONSTRAINT `profiles_ibfk_2` FOREIGN KEY (`cities_id`) REFERENCES `cities` (`id`),
  CONSTRAINT `profiles_ibfk_3` FOREIGN KEY (`countries_id`) REFERENCES `countries` (`id`),
  CONSTRAINT `profiles_ibfk_4` FOREIGN KEY (`languages_id`) REFERENCES `languages` (`id`),
  CONSTRAINT `profiles_ibfk_5` FOREIGN KEY (`organizations_id`) REFERENCES `organizations` (`id`),
  CONSTRAINT `profiles_ibfk_6` FOREIGN KEY (`listing_id`) REFERENCES `listing` (`id`)
) ENGINE=InnoDB DEFAULT CHARSET=utf8mb4 COLLATE=utf8mb4_unicode_ci COMMENT='Профили';
/*!40101 SET character_set_client = @saved_cs_client */;

--
-- Dumping data for table `profiles`
--

LOCK TABLES `profiles` WRITE;
/*!40000 ALTER TABLE `profiles` DISABLE KEYS */;
INSERT INTO `profiles` VALUES (0,45,'Bill! I wouldn\'t be in Bill\'s place for a few minutes, and she put her hand on the twelfth?\' Alice went timidly up to Alice, and she swam lazily about in a very little use without my shoulders. Oh,.',62,43,11,7,2,0,'1997-02-20 17:06:12','2021-02-04 17:12:17'),(1,21,'Dormouse,\' the Queen said to the jury. They were indeed a queer-looking party that assembled on the slate. \'Herald, read the accusation!\' said the Caterpillar, and the whole court was in the other..',99,56,82,35,14,0,'2014-08-18 17:13:04','2021-02-04 17:12:17'),(2,71,'While the Owl and the shrill voice of the lefthand bit of mushroom, and crawled away in the long hall, and wander about among those beds of bright flowers and those cool fountains, but she had grown.',9,53,74,56,61,0,'2014-11-10 11:48:17','2021-02-04 17:12:17'),(3,89,'And she thought to herself how this same little sister of hers that you weren\'t to talk nonsense. The Queen\'s argument was, that you never to lose YOUR temper!\' \'Hold your tongue, Ma!\' said the.',48,94,25,75,62,0,'1971-12-28 00:05:39','2021-02-04 17:12:17'),(5,30,'You see the earth takes twenty-four hours to turn into a line along the passage into the teapot. \'At any rate it would feel with all their simple sorrows, and find a pleasure in all my life!\' Just.',13,10,3,5,26,1,'1988-10-25 09:29:39','2021-02-04 17:12:17'),(6,84,'Alice, surprised at her feet, they seemed to Alice a good many little girls of her voice, and see how the game was in the other. \'I beg your pardon!\' cried Alice in a voice she had been of late much.',19,70,39,1,45,1,'1982-06-13 00:41:47','2021-02-04 17:12:17'),(8,30,'Caterpillar sternly. \'Explain yourself!\' \'I can\'t remember things as I tell you!\' But she waited patiently. \'Once,\' said the Lory, as soon as the door and went back to the other: the only difficulty.',58,19,87,90,47,0,'2013-07-24 23:23:43','2021-02-04 17:12:17'),(9,98,'Alice said; but was dreadfully puzzled by the hedge!\' then silence, and then the other, and growing sometimes taller and sometimes she scolded herself so severely as to go through next walking about.',30,83,16,47,98,0,'1980-11-24 14:50:41','2021-02-04 17:12:17'),(22,1,'Duchess. \'Everything\'s got a moral, if only you can find it.\' And she began thinking over other children she knew, who might do something better with the distant sobs of the miserable Mock Turtle..',77,58,18,65,50,1,'1997-09-02 02:11:33','2021-02-04 17:12:17'),(25,8,'Just then she heard a little scream, half of anger, and tried to speak, and no more of it in less than no time to be ashamed of yourself for asking such a capital one for catching mice you can\'t be.',96,42,43,81,57,1,'1982-08-30 14:20:32','2021-02-04 17:12:17'),(27,37,'Alice, and she looked down, was an immense length of neck, which seemed to be a footman because he was gone, and, by the whole party swam to the other bit. Her chin was pressed hard against it, that.',45,33,60,10,33,1,'2009-06-11 23:22:28','2021-02-04 17:12:17'),(29,62,'The Hatter shook his head contemptuously. \'I dare say there may be different,\' said Alice; \'that\'s not at all anxious to have no sort of idea that they must be the right distance--but then I wonder.',40,42,72,8,92,1,'2001-07-16 05:02:18','2021-02-04 17:12:17'),(35,97,'Dormouse began in a ring, and begged the Mouse in the schoolroom, and though this was his first speech. \'You should learn not to be full of smoke from one foot up the fan and a Dodo, a Lory and an.',63,8,80,7,62,1,'2000-03-13 11:08:03','2021-02-04 17:12:17'),(44,97,'I to do?\' said Alice. \'Why, you don\'t even know what a dear little puppy it was!\' said Alice, who felt very lonely and low-spirited. In a minute or two, she made out what she was surprised to see.',93,12,81,11,34,1,'1997-12-25 17:47:31','2021-02-04 17:12:17'),(46,96,'Pat, what\'s that in some alarm. This time there could be NO mistake about it: it was very nearly carried it out again, and all sorts of things--I can\'t remember half of fright and half believed.',75,38,67,34,83,0,'1978-11-20 20:17:52','2021-02-04 17:12:17'),(66,87,'Rabbit whispered in a minute. Alice began to cry again, for this time it all seemed quite natural to Alice for some way of speaking to it,\' she thought, \'and hand round the court and got behind.',96,53,92,36,11,0,'1976-09-10 20:36:06','2021-02-04 17:12:17'),(78,48,'Hatter, who turned pale and fidgeted. \'Give your evidence,\' the King triumphantly, pointing to the Mock Turtle a little before she had to pinch it to make personal remarks,\' Alice said to the shore..',56,52,57,76,7,1,'2003-05-24 14:09:54','2021-02-04 17:12:17'),(83,79,'King. \'It began with the other: the only difficulty was, that she had never been so much about a foot high: then she walked down the bottle, saying to her great disappointment it was looking about.',90,1,8,75,1,0,'1987-05-29 02:31:20','2021-02-04 17:12:17'),(94,48,'White Rabbit interrupted: \'UNimportant, your Majesty means, of course,\' the Gryphon added \'Come, let\'s hear some of them say, \'Look out now, Five! Don\'t go splashing paint over me like a mouse, you.',81,48,71,45,85,1,'1975-11-26 05:45:45','2021-02-04 17:12:17'),(199,5,'However, the Multiplication Table doesn\'t signify: let\'s try Geography. London is the capital of Rome, and Rome--no, THAT\'S all wrong, I\'m certain! I must be growing small again.\' She got up very.',34,36,28,97,21,1,'1997-05-19 21:23:55','2021-02-04 17:12:17'),(235,82,'Mock Turtle sang this, very slowly and sadly:-- \'\"Will you walk a little animal (she couldn\'t guess of what sort it was) scratching and scrambling about in the pool, \'and she sits purring so nicely.',26,38,27,53,50,0,'1998-08-17 19:05:20','2021-02-04 17:12:17'),(955,91,'Just at this corner--No, tie \'em together first--they don\'t reach half high enough yet--Oh! they\'ll do well enough; don\'t be particular--Here, Bill! catch hold of anything, but she gained courage as.',31,78,49,73,88,0,'2006-10-28 02:38:02','2021-02-04 17:12:17'),(969,10,'Hatter: \'I\'m on the ground as she stood looking at Alice the moment she appeared on the bank, with her head! Off--\' \'Nonsense!\' said Alice, in a very hopeful tone though), \'I won\'t indeed!\' said.',73,78,65,3,87,0,'2015-02-06 17:46:31','2021-02-04 17:12:17'),(979,77,'As soon as she was looking at the cook tulip-roots instead of onions.\' Seven flung down his cheeks, he went on, \'you throw the--\' \'The lobsters!\' shouted the Queen put on one side, to look over.',71,56,77,97,72,0,'1979-10-19 01:24:21','2021-02-04 17:12:17'),(991,55,'I\'d gone to see it written down: but I hadn\'t begun my tea--not above a week or so--and what with the edge of the month, and doesn\'t tell what o\'clock it is!\' As she said this, she came up to the.',38,46,91,75,96,1,'2005-05-12 02:01:53','2021-02-04 17:12:17'),(1325,41,'ME,\' said Alice in a coaxing tone, and she swam nearer to make herself useful, and looking at them with large round eyes, and feebly stretching out one paw, trying to find that she looked down, was.',76,60,22,82,65,1,'1997-12-13 16:55:14','2021-02-04 17:12:17'),(1883,42,'White Rabbit: it was all dark overhead; before her was another long passage, and the Hatter added as an explanation. \'Oh, you\'re sure to make SOME change in my kitchen AT ALL. Soup does very well to.',65,61,38,85,35,0,'2017-08-13 09:47:20','2021-02-04 17:12:17'),(2772,85,'She said this she looked down at her rather inquisitively, and seemed to have any rules in particular; at least, if there are, nobody attends to them--and you\'ve no idea what to do, so Alice went.',98,25,23,80,80,0,'2020-07-26 11:13:12','2021-02-04 17:12:17'),(3444,1,'O Mouse!\' (Alice thought this a very interesting dance to watch,\' said Alice, very earnestly. \'I\'ve had nothing yet,\' Alice replied eagerly, for she was holding, and she had forgotten the little.',92,43,100,44,96,0,'2012-11-08 00:39:27','2021-02-04 17:12:17'),(3654,47,'Alice, (she had grown to her in such confusion that she knew that it was too much pepper in that case I can remember feeling a little startled by seeing the Cheshire Cat sitting on the top of his.',65,37,31,77,39,0,'1993-10-03 19:55:09','2021-02-04 17:12:17'),(4705,31,'Don\'t let me hear the rattle of the baby?\' said the Hatter; \'so I can\'t understand it myself to begin again, it was done. They had a door leading right into a sort of meaning in it,\' said the.',48,58,55,56,5,1,'1972-09-20 11:10:28','2021-02-04 17:12:17'),(5273,16,'Caterpillar. \'Well, I never heard before, \'Sure then I\'m here! Digging for apples, yer honour!\' (He pronounced it \'arrum.\') \'An arm, you goose! Who ever saw in my kitchen AT ALL. Soup does very well.',45,77,79,46,10,1,'1996-10-13 02:23:50','2021-02-04 17:12:17'),(5337,86,'Duchess: \'and the moral of that is--\"The more there is of yours.\"\' \'Oh, I BEG your pardon!\' she exclaimed in a hurry that she might find another key on it, (\'which certainly was not easy to know.',82,13,32,62,33,0,'1973-03-13 05:44:09','2021-02-04 17:12:17'),(5958,81,'I wish you could only see her. She is such a curious feeling!\' said Alice; \'that\'s not at all a proper way of escape, and wondering what to say \'creatures,\' you see, as she picked up a little.',72,30,22,73,33,0,'1999-05-25 17:20:03','2021-02-04 17:12:17'),(6603,48,'WILL do next! As for pulling me out of a well--\' \'What did they draw the treacle from?\' \'You can draw water out of sight, they were nice grand words to say.) Presently she began nibbling at the.',16,13,13,77,67,0,'1983-06-01 16:18:14','2021-02-04 17:12:17'),(7259,95,'Alice. \'But you\'re so easily offended, you know!\' The Mouse did not much like keeping so close to her very much of a water-well,\' said the Caterpillar, and the Hatter grumbled: \'you shouldn\'t have.',61,74,1,65,34,1,'1997-01-30 04:10:00','2021-02-04 17:12:17'),(7920,32,'King, \'or I\'ll have you executed.\' The miserable Hatter dropped his teacup and bread-and-butter, and went on: \'But why did they live at the flowers and those cool fountains, but she did not sneeze,.',57,31,62,96,70,1,'1972-02-22 03:40:16','2021-02-04 17:12:17'),(8285,74,'Alice thoughtfully: \'but then--I shouldn\'t be hungry for it, while the rest of the wood for fear of their hearing her; and when she heard her voice close to the Knave was standing before them, in.',4,33,9,82,48,0,'2014-05-30 22:53:15','2021-02-04 17:12:17'),(9363,72,'Alice was beginning very angrily, but the tops of the leaves: \'I should have croqueted the Queen\'s ears--\' the Rabbit angrily. \'Here! Come and help me out of its mouth, and addressed her in an.',46,72,57,22,28,1,'1991-10-29 13:30:27','2021-02-04 17:12:17'),(9880,39,'King put on his spectacles. \'Where shall I begin, please your Majesty!\' the Duchess was sitting on a little recovered from the Queen had ordered. They very soon finished off the top of his pocket,.',18,59,56,63,96,0,'2016-07-24 19:39:10','2021-02-04 17:12:17'),(9938,78,'Queen! The Queen!\' and the baby violently up and rubbed its eyes: then it watched the Queen said severely \'Who is this?\' She said this she looked down at her own mind (as well as she leant against a.',52,78,11,50,94,1,'1977-08-20 06:50:31','2021-02-04 17:12:17'),(32737,71,'Mock Turtle in the last word two or three of the accident, all except the King, going up to Alice, very much confused, \'I don\'t quite understand you,\' she said, \'and see whether it\'s marked \"poison\".',5,12,84,59,81,0,'1973-04-03 11:34:31','2021-02-04 17:12:17'),(37686,23,'I suppose it doesn\'t mind.\' The table was a child,\' said the Mock Turtle, capering wildly about. \'Change lobsters again!\' yelled the Gryphon repeated impatiently: \'it begins \"I passed by his garden,.',70,26,90,45,22,1,'1986-05-01 00:55:44','2021-02-04 17:12:17'),(43022,2,'MINE.\' The Queen had ordered. They very soon found out a new kind of authority over Alice. \'Stand up and straightening itself out again, so she went on again:-- \'You may not have lived much under.',35,93,94,47,66,1,'2000-03-21 21:04:33','2021-02-04 17:12:17'),(45006,40,'Mouse, sharply and very nearly carried it off. \'If everybody minded their own business,\' the Duchess began in a deep voice, \'What are you thinking of?\' \'I beg your acceptance of this elegant.',62,85,2,100,66,1,'1989-07-10 19:31:29','2021-02-04 17:12:17'),(48423,93,'March Hare. \'Exactly so,\' said Alice. \'What IS the use of this elegant thimble\'; and, when it saw mine coming!\' \'How do you know I\'m mad?\' said Alice. \'Come on, then!\' roared the Queen, tossing her.',5,47,25,57,32,0,'2008-08-10 15:31:07','2021-02-04 17:12:17'),(49984,45,'At last the Mock Turtle, and to her feet as the large birds complained that they could not even get her head struck against the door, she found she could get to the door, staring stupidly up into a.',40,79,20,84,60,0,'1992-03-19 13:04:09','2021-02-04 17:12:17'),(55214,46,'I\'ve often seen them at dinn--\' she checked herself hastily, and said to the Gryphon. \'Turn a somersault in the middle. Alice kept her waiting!\' Alice felt a little house in it about four inches.',85,54,24,50,4,1,'1981-11-16 11:19:22','2021-02-04 17:12:17'),(56169,95,'And argued each case with MINE,\' said the Caterpillar contemptuously. \'Who are YOU?\' said the Queen. An invitation for the hedgehogs; and in another moment down went Alice like the look of the words.',3,34,58,98,40,0,'1971-02-04 12:53:17','2021-02-04 17:12:17'),(57864,36,'Alice rather unwillingly took the hookah out of sight, he said in a hurry: a large canvas bag, which tied up at the bottom of the legs of the officers: but the Gryphon said to the Cheshire Cat: now.',61,8,19,37,88,0,'1978-09-23 02:12:46','2021-02-04 17:12:17'),(59816,96,'Alice. \'Reeling and Writhing, of course, I meant,\' the King replied. Here the Dormouse followed him: the March Hare: she thought of herself, \'I wonder how many miles I\'ve fallen by this very sudden.',96,35,20,93,18,0,'2020-03-10 23:11:26','2021-02-04 17:12:17'),(66789,70,'Alice; \'that\'s not at all fairly,\' Alice began, in a very melancholy voice. \'Repeat, \"YOU ARE OLD, FATHER WILLIAM,\' to the Caterpillar, and the whole window!\' \'Sure, it does, yer honour: but it\'s an.',95,51,43,53,28,1,'2010-09-12 20:37:01','2021-02-04 17:12:17'),(75313,60,'Gryphon said, in a furious passion, and went on \'And how do you know that you\'re mad?\' \'To begin with,\' said the Caterpillar. Here was another puzzling question; and as Alice could hear the words:--.',88,49,53,87,84,0,'2013-06-07 21:33:47','2021-02-04 17:12:17'),(79877,93,'Queen. \'Well, I never understood what it might tell her something worth hearing. For some minutes the whole party swam to the jury, of course--\"I GAVE HER ONE, THEY GAVE HIM TWO--\" why, that must be.',55,93,35,76,36,0,'2019-12-17 21:44:30','2021-02-04 17:12:17'),(91240,81,'Alice thought over all she could not help thinking there MUST be more to come, so she waited. The Gryphon lifted up both its paws in surprise. \'What! Never heard of such a thing as \"I get what I.',10,19,16,17,29,1,'1999-03-18 13:51:11','2021-02-04 17:12:17'),(99757,26,'I should understand that better,\' Alice said nothing; she had looked under it, and yet it was done. They had a large arm-chair at one corner of it: \'No room! No room!\' they cried out when they had.',82,13,74,56,33,1,'1988-01-28 02:58:00','2021-02-04 17:12:17'),(151548,86,'I\'m here! Digging for apples, indeed!\' said the Footman. \'That\'s the most curious thing I ever heard!\' \'Yes, I think you\'d take a fancy to cats if you like!\' the Duchess by this time.) \'You\'re.',83,7,22,29,80,0,'1984-01-26 18:40:46','2021-02-04 17:12:17'),(319581,53,'And it\'ll fetch things when you come to an end! \'I wonder how many hours a day did you call him Tortoise--\' \'Why did you do lessons?\' said Alice, who was passing at the other paw, \'lives a March.',67,96,88,75,98,0,'2014-04-23 20:21:34','2021-02-04 17:12:17'),(413949,5,'White Rabbit. She was walking by the prisoner to--to somebody.\' \'It must have imitated somebody else\'s hand,\' said the Mouse, turning to the end of your flamingo. Shall I try the effect: the next.',85,57,75,91,51,0,'2015-07-12 16:23:32','2021-02-04 17:12:17'),(498123,67,'Soon her eye fell on a bough of a well?\' The Dormouse again took a minute or two, and the White Rabbit: it was impossible to say to itself \'Then I\'ll go round and get in at the stick, and held out.',23,99,9,26,62,0,'1978-01-28 11:16:35','2021-02-04 17:12:17'),(505958,17,'I know?\' said Alice, who always took a minute or two, looking for it, while the rest of it at all,\' said the White Rabbit blew three blasts on the Duchess\'s cook. She carried the pepper-box in her.',60,24,21,58,56,1,'1996-08-10 06:02:24','2021-02-04 17:12:17'),(717372,85,'Queen will hear you! You see, she came upon a time she heard a little snappishly. \'You\'re enough to drive one crazy!\' The Footman seemed to Alice as he shook his head contemptuously. \'I dare say.',30,23,75,12,95,0,'1977-10-30 17:56:17','2021-02-04 17:12:17'),(729853,75,'And the Gryphon added \'Come, let\'s hear some of YOUR adventures.\' \'I could tell you more than Alice could not think of anything else. CHAPTER V. Advice from a bottle marked \'poison,\' it is right?\'.',71,40,11,87,6,1,'1999-02-16 19:09:47','2021-02-04 17:12:17'),(835483,19,'Duchess, \'as pigs have to whisper a hint to Time, and round the table, but it all came different!\' the Mock Turtle. \'Certainly not!\' said Alice hastily; \'but I\'m not Ada,\' she said, \'and see whether.',62,30,31,98,43,1,'1970-08-31 03:44:36','2021-02-04 17:12:17'),(959434,68,'Queen. \'You make me smaller, I can reach the key; and if I shall have some fun now!\' thought Alice. \'I\'m glad they don\'t seem to be\"--or if you\'d like it very nice, (it had, in fact, a sort of idea.',97,31,20,27,96,1,'1974-02-10 12:51:04','2021-02-04 17:12:17'),(1304849,82,'WHAT are you?\' said the Pigeon. \'I can see you\'re trying to find it out, we should all have our heads cut off, you know. Which shall sing?\' \'Oh, YOU sing,\' said the March Hare. \'Yes, please do!\' but.',1,62,7,39,51,1,'1996-03-03 22:53:17','2021-02-04 17:12:17'),(1955858,6,'Alice heard the Queen\'s absence, and were quite silent, and looked at the place where it had some kind of authority over Alice. \'Stand up and bawled out, \"He\'s murdering the time! Off with his.',10,20,73,15,65,1,'2017-07-10 04:01:49','2021-02-04 17:12:17'),(2071866,83,'I had not gone much farther before she gave a look askance-- Said he thanked the whiting kindly, but he would not give all else for two Pennyworth only of beautiful Soup? Beau--ootiful Soo--oop!.',48,12,44,58,72,1,'2017-11-13 05:45:27','2021-02-04 17:12:17'),(2490801,99,'So they couldn\'t get them out of sight, they were nice grand words to say.) Presently she began nursing her child again, singing a sort of lullaby to it in the pictures of him), while the Dodo.',11,1,100,44,66,1,'2012-10-28 09:47:38','2021-02-04 17:12:17'),(3858785,43,'Alice, \'I\'ve often seen them so shiny?\' Alice looked at each other for some time busily writing in his note-book, cackled out \'Silence!\' and read out from his book, \'Rule Forty-two. ALL PERSONS MORE.',11,67,69,45,11,0,'2001-03-22 08:36:42','2021-02-04 17:12:17'),(4129140,17,'How neatly spread his claws, And welcome little fishes in With gently smiling jaws!\' \'I\'m sure those are not the same, the next verse,\' the Gryphon never learnt it.\' \'Hadn\'t time,\' said the one who.',22,34,45,94,58,1,'2018-08-21 07:35:56','2021-02-04 17:12:17'),(5242417,57,'I only knew the right distance--but then I wonder what CAN have happened to you? Tell us all about it!\' and he went on for some way, and then they both sat silent for a long hookah, and taking not.',75,65,15,34,55,0,'1973-11-25 22:17:18','2021-02-04 17:12:17'),(5469159,35,'Longitude either, but thought they were mine before. If I or she fell very slowly, for she could not answer without a cat! It\'s the most curious thing I know. Silence all round, if you only walk.',10,25,42,89,3,1,'2009-06-15 13:32:30','2021-02-04 17:12:17'),(6358992,3,'Alice was too small, but at last she spread out her hand, and Alice was soon left alone. \'I wish I hadn\'t to bring tears into her face, and large eyes like a telescope! I think you\'d take a fancy to.',24,29,63,40,49,1,'1991-06-11 22:41:36','2021-02-04 17:12:17'),(6758048,8,'I THINK I can do without lobsters, you know. So you see, Miss, this here ought to speak, and no room at all like the look of it appeared. \'I don\'t think they play at all a proper way of settling all.',88,70,89,34,36,0,'1984-02-27 20:12:24','2021-02-04 17:12:17'),(6919842,32,'Half-past one, time for dinner!\' (\'I only wish it was,\' the March Hare. \'Then it ought to be a walrus or hippopotamus, but then she walked on in a tone of great curiosity. \'Soles and eels, of.',70,60,56,50,30,0,'2015-12-29 13:49:43','2021-02-04 17:12:17'),(7448585,34,'Mock Turtle. \'Hold your tongue!\' added the Dormouse. \'Fourteenth of March, I think it would be wasting our breath.\" \"I\'ll be judge, I\'ll be jury,\" Said cunning old Fury: \"I\'ll try the first day,\'.',83,91,14,48,45,1,'1981-01-09 07:17:45','2021-02-04 17:12:17'),(8275882,74,'She waited for a great hurry. An enormous puppy was looking up into the jury-box, and saw that, in her hand, watching the setting sun, and thinking of little pebbles came rattling in at all?\' said.',4,75,99,91,32,0,'1981-02-08 17:52:03','2021-02-04 17:12:17'),(24205591,69,'Mock Turtle, and to wonder what they\'ll do next! If they had settled down again in a hurry. \'No, I\'ll look first,\' she said, by way of settling all difficulties, great or small. \'Off with his tea.',73,100,55,8,23,1,'2012-12-17 21:44:55','2021-02-04 17:12:17'),(27234917,20,'Be off, or I\'ll kick you down stairs!\' \'That is not said right,\' said the March Hare was said to Alice, that she wanted to send the hedgehog a blow with its arms folded, frowning like a mouse, That.',51,75,76,68,20,1,'1970-01-08 15:42:47','2021-02-04 17:12:17'),(30462308,93,'Alice thought she might as well say that \"I see what this bottle was NOT marked \'poison,\' so Alice soon came to ME, and told me he was gone, and the White Rabbit hurried by--the frightened Mouse.',35,73,16,15,31,0,'1983-07-19 20:06:08','2021-02-04 17:12:17'),(34513422,5,'Alice began to repeat it, but her head on her hand, and Alice heard the Rabbit hastily interrupted. \'There\'s a great hurry; \'and their names were Elsie, Lacie, and Tillie; and they walked off.',21,42,51,69,96,1,'1994-06-09 10:03:57','2021-02-04 17:12:17'),(44205411,48,'Alice, and looking at the stick, and held it out into the garden, and marked, with one eye; but to her great disappointment it was a very interesting dance to watch,\' said Alice, swallowing down her.',99,90,7,100,84,1,'1989-02-05 09:38:48','2021-02-04 17:12:17'),(51997129,21,'I THINK,\' said Alice. \'Why, SHE,\' said the White Rabbit put on your head-- Do you think you might do something better with the Mouse had changed his mind, and was looking at the Queen, who was.',34,25,82,95,33,1,'1982-08-03 21:56:54','2021-02-04 17:12:17'),(54591588,61,'There\'s no pleasing them!\' Alice was just possible it had finished this short speech, they all cheered. Alice thought this must ever be A secret, kept from all the way wherever she wanted to send.',70,54,88,71,12,0,'1980-01-28 06:36:34','2021-02-04 17:12:17'),(74473670,41,'Bill! I wouldn\'t say anything about it, you know.\' \'I don\'t know much,\' said Alice; \'it\'s laid for a minute, while Alice thought decidedly uncivil. \'But perhaps it was growing, and she tried hard to.',49,94,92,73,62,0,'2009-10-02 22:28:47','2021-02-04 17:12:17'),(81464038,21,'Soup,\" will you, old fellow?\' The Mock Turtle would be offended again. \'Mine is a very poor speaker,\' said the Mock Turtle had just begun to dream that she had plenty of time as she spoke. \'I must.',35,8,97,48,71,1,'1988-04-26 20:50:23','2021-02-04 17:12:17'),(86516685,83,'Good-bye, feet!\' (for when she looked up, and began smoking again. This time there were TWO little shrieks, and more puzzled, but she could see this, as she swam lazily about in the grass, merely.',29,59,7,22,68,1,'2015-02-14 11:03:37','2021-02-04 17:12:17'),(88102577,50,'Let this be a grin, and she went on, \'\"--found it advisable to go through next walking about at the end of the ground--and I should frighten them out again. The Mock Turtle interrupted, \'if you.',38,70,46,63,29,1,'1988-02-23 12:54:05','2021-02-04 17:12:17'),(93393639,3,'Oh, how I wish you would have made a memorandum of the court. (As that is enough,\' Said his father; \'don\'t give yourself airs! Do you think you might catch a bat, and that\'s all the while, and.',2,73,6,52,40,1,'1992-05-10 02:12:26','2021-02-04 17:12:17'),(191593383,62,'Fish-Footman was gone, and, by the soldiers, who of course was, how to spell \'stupid,\' and that you think you could keep it to the end: then stop.\' These were the two creatures, who had followed him.',94,53,91,69,13,0,'2004-08-19 11:52:21','2021-02-04 17:12:17'),(208334227,2,'Alice\'s side as she had never left off when they hit her; and when she found she could even make out which were the verses to himself: \'\"WE KNOW IT TO BE TRUE--\" that\'s the jury-box,\' thought Alice,.',65,44,39,91,43,0,'1991-09-07 05:48:18','2021-02-04 17:12:17'),(315276436,23,'Alice heard the Rabbit hastily interrupted. \'There\'s a great letter, nearly as she could not answer without a moment\'s delay would cost them their lives. All the time they were nowhere to be nothing.',44,62,20,44,77,0,'2007-07-14 08:09:22','2021-02-04 17:12:17'),(324213949,7,'She had not long to doubt, for the end of his Normans--\" How are you getting on now, my dear?\' it continued, turning to Alice, that she might find another key on it, and yet it was good practice to.',24,78,83,48,54,1,'1984-07-24 16:45:27','2021-02-04 17:12:17'),(379845395,66,'ARE OLD, FATHER WILLIAM,\' to the Mock Turtle with a melancholy air, and, after waiting till she fancied she heard one of the lefthand bit of the court, without even waiting to put down yet, before.',86,2,54,9,40,1,'2006-08-06 02:00:08','2021-02-04 17:12:17'),(392089628,11,'Alice. \'Oh, don\'t bother ME,\' said Alice in a low, trembling voice. \'There\'s more evidence to come upon them THIS size: why, I should think you could only hear whispers now and then; such as, that a.',58,77,20,98,35,0,'1979-05-07 05:45:10','2021-02-04 17:12:17'),(526703516,53,'Come on!\' So they began moving about again, and went to him,\' said Alice loudly. \'The idea of the house before she gave a little three-legged table, all made a snatch in the same thing, you know.\'.',32,77,37,63,57,0,'2006-04-20 19:02:39','2021-02-04 17:12:17'),(578725238,34,'The Duchess took no notice of her knowledge. \'Just think of anything to say, she simply bowed, and took the cauldron of soup off the mushroom, and her face in her life, and had to stop and untwist.',85,54,24,22,79,1,'2016-04-28 07:35:56','2021-02-04 17:12:17'),(592080377,8,'Hatter were having tea at it: a Dormouse was sitting on the bank, and of having nothing to do.\" Said the mouse to the Gryphon. \'Well, I hardly know--No more, thank ye; I\'m better now--but I\'m a.',28,37,7,20,24,1,'1988-10-29 08:52:07','2021-02-04 17:12:17'),(955431015,37,'So she began: \'O Mouse, do you know I\'m mad?\' said Alice. \'Nothing WHATEVER?\' persisted the King. \'Shan\'t,\' said the Mouse with an air of great surprise. \'Of course not,\' said the youth, \'as I.',86,25,66,32,81,0,'1982-09-01 23:32:48','2021-02-04 17:12:17');
/*!40000 ALTER TABLE `profiles` ENABLE KEYS */;
UNLOCK TABLES;

--
-- Table structure for table `reviews`
--

DROP TABLE IF EXISTS `reviews`;
/*!40101 SET @saved_cs_client     = @@character_set_client */;
/*!50503 SET character_set_client = utf8mb4 */;
CREATE TABLE `reviews` (
  `id` int unsigned NOT NULL AUTO_INCREMENT COMMENT 'Идентификатор строки',
  `from_user_id` int unsigned NOT NULL COMMENT 'Ссылка на пользователя',
  `listing_id` int unsigned DEFAULT NULL COMMENT 'Ссылка на объявление',
  `impressions_id` int unsigned DEFAULT NULL COMMENT 'Ссылка на впечатление',
  `body` text CHARACTER SET utf8mb4 COLLATE utf8mb4_unicode_ci NOT NULL COMMENT 'Текст отзыва',
  `rating` int unsigned NOT NULL COMMENT 'Оценка',
  `created_at` datetime DEFAULT CURRENT_TIMESTAMP COMMENT 'Время создания строки',
  `updated_at` datetime DEFAULT CURRENT_TIMESTAMP ON UPDATE CURRENT_TIMESTAMP COMMENT 'Время обновления строки',
  PRIMARY KEY (`id`),
  KEY `from_user_id` (`from_user_id`),
  KEY `listing_id` (`listing_id`),
  KEY `impressions_id` (`impressions_id`),
  CONSTRAINT `reviews_ibfk_1` FOREIGN KEY (`from_user_id`) REFERENCES `users` (`id`),
  CONSTRAINT `reviews_ibfk_2` FOREIGN KEY (`listing_id`) REFERENCES `listing` (`id`),
  CONSTRAINT `reviews_ibfk_3` FOREIGN KEY (`impressions_id`) REFERENCES `impressions` (`id`)
) ENGINE=InnoDB AUTO_INCREMENT=101 DEFAULT CHARSET=utf8mb4 COLLATE=utf8mb4_unicode_ci COMMENT='Отзывы';
/*!40101 SET character_set_client = @saved_cs_client */;

--
-- Dumping data for table `reviews`
--

LOCK TABLES `reviews` WRITE;
/*!40000 ALTER TABLE `reviews` DISABLE KEYS */;
INSERT INTO `reviews` VALUES (1,35,13,15,'Ab aperiam omnis doloremque quia. Quia quia et quis sint culpa. Ipsum ipsa quia eum consequatur.',3,'2006-03-13 03:59:40','2021-02-04 17:17:11'),(2,30,61,69,'Pariatur iste rerum distinctio dolorem nostrum in rem. Laudantium possimus eos id fugiat. Esse dolores repellendus quo. Corporis laboriosam ut aliquam voluptate voluptatibus quod.',1,'1975-01-06 02:06:37','2021-02-04 17:17:11'),(3,44,66,99,'Aut necessitatibus blanditiis qui saepe saepe. Facere ab rerum esse voluptatibus veniam ullam voluptates. Est commodi animi eos eligendi ut eaque excepturi. Saepe velit qui vel eligendi in.',4,'1991-04-21 16:25:11','2021-02-04 17:17:11'),(4,31,49,89,'Repellat nam est non consequatur ut aperiam soluta dolor. Aut nihil et quaerat consequatur quis occaecati. Omnis eum repudiandae corporis dolores qui harum. Aut dicta sint molestias at consequatur animi tempora.',4,'1986-02-06 08:18:05','2021-02-04 17:17:11'),(5,21,44,46,'Quisquam aliquam veniam et labore unde. Nihil aut sit magnam omnis dolor mollitia odit. Eius facilis aliquid rerum animi. Molestiae voluptas autem laudantium deserunt mollitia.',1,'2014-07-16 03:20:45','2021-02-04 17:17:11'),(6,10,75,61,'Non adipisci eum aut iusto. Eligendi qui quisquam ut fugiat et dignissimos. Id repellendus aliquam sit eveniet.',4,'1996-04-07 11:43:09','2021-02-04 17:17:11'),(7,87,42,70,'Earum facere modi ut voluptatem tempore dolorem eveniet. Omnis quidem numquam excepturi deleniti quis dolorum. Dolorem ea voluptatibus dolorem sed.',5,'1973-02-06 22:23:22','2021-02-04 17:17:11'),(8,7,82,64,'Ut animi ut est ipsam aliquid ut distinctio nemo. Et minus cumque voluptate qui eaque pariatur soluta. Deleniti consequatur corrupti beatae aspernatur ea et nemo inventore. Esse aut libero quasi similique accusamus consequatur.',3,'1978-09-25 08:21:54','2021-02-04 17:17:11'),(9,73,87,10,'Consequatur illo molestias quo voluptas. Ut accusamus nobis voluptates placeat tempore at cumque ab.',4,'1975-06-25 12:04:51','2021-02-04 17:17:11'),(10,43,85,56,'Dolor repudiandae soluta laudantium qui. Ut ea dolore commodi tenetur et. Perspiciatis aut at qui vel quos amet.',1,'1995-02-06 23:45:10','2021-02-04 17:17:11'),(11,96,65,50,'Rerum libero dolores animi optio sit perspiciatis id placeat. Consectetur atque consequatur id totam velit. Rem enim nulla et quidem debitis perferendis.',3,'1987-04-06 15:41:49','2021-02-04 17:17:11'),(12,51,71,82,'Consectetur aut ut voluptatibus est. Molestiae animi magnam debitis et omnis praesentium optio. Id debitis ut fugiat et.',5,'2020-02-26 22:55:45','2021-02-04 17:17:11'),(13,65,59,61,'Expedita quia sapiente itaque earum nam molestiae. Nobis quam similique ab hic sunt vel. Fugiat quo error veniam aliquid qui.',5,'1986-01-19 22:49:49','2021-02-04 17:17:11'),(14,72,80,57,'Iste illum aperiam accusamus ex illum. Delectus quo eius enim velit et dolorem. Eum saepe recusandae veniam.',4,'2000-11-02 16:21:44','2021-02-04 17:17:11'),(15,65,22,1,'Quod eligendi ut culpa delectus quibusdam reiciendis. Velit temporibus provident sit illum est. Similique voluptas adipisci ex id sed.',4,'1985-12-06 01:45:45','2021-02-04 17:17:11'),(16,9,70,33,'Adipisci voluptatem qui vitae vel. Eveniet non placeat minima libero vitae.',5,'1984-07-26 22:41:51','2021-02-04 17:17:11'),(17,49,83,61,'Inventore repellendus explicabo quaerat. A reiciendis quos ut consequatur aut nemo fugit.',1,'1981-11-15 04:04:17','2021-02-04 17:17:11'),(18,19,4,8,'Nobis asperiores exercitationem laborum et fugiat at id. Id unde quo totam minima enim dolorum.',4,'1983-07-12 02:33:17','2021-02-04 17:17:11'),(19,46,72,56,'Nisi voluptatem minus minus. Mollitia libero esse qui ut officiis dolor voluptate. Nisi non aut est reiciendis.',2,'1985-04-04 19:07:13','2021-02-04 17:17:11'),(20,72,46,54,'Architecto eveniet aut non aut et sit. Nisi dolor animi laboriosam architecto. Et enim eos explicabo non. Totam aut iste id dicta.',1,'1991-04-05 08:27:03','2021-02-04 17:17:11'),(21,24,16,100,'Explicabo fugiat qui nam laborum quos aliquid porro. Tempore quis possimus at qui nam. Necessitatibus ipsum consectetur molestiae omnis est. Consectetur officia nemo iste qui et ipsum. Eum nam aspernatur voluptas atque autem ea consequatur.',1,'1972-12-01 17:33:56','2021-02-04 17:17:11'),(22,3,39,41,'Et itaque expedita fugiat fugit. Cumque inventore repudiandae aliquam qui fuga reiciendis qui. Non qui maxime suscipit et voluptates. Quas porro veniam ea qui.',2,'2007-08-02 19:04:24','2021-02-04 17:17:11'),(23,42,46,4,'Qui et praesentium rem autem. Ab quod ducimus quisquam quos veritatis eaque cupiditate ipsam. Blanditiis distinctio odio quis aut.',1,'1970-08-22 02:55:00','2021-02-04 17:17:11'),(24,1,14,95,'Perspiciatis sit error tenetur adipisci. Porro nemo animi et expedita. Modi magni iste quod nihil.',1,'1992-11-04 17:45:34','2021-02-04 17:17:11'),(25,76,31,63,'Aut nemo quia quo consequatur culpa perspiciatis. Rerum maxime est alias beatae sunt et sunt asperiores. Dolorum eveniet fugiat qui. Deserunt pariatur quo cupiditate porro sed.',4,'2009-07-19 22:00:48','2021-02-04 17:17:11'),(26,79,11,30,'Sequi perferendis et et nemo libero omnis laboriosam. Dolorem quasi iusto distinctio perferendis sint rem omnis deleniti. Maxime veritatis reprehenderit quam explicabo amet. Iusto voluptate est itaque vel.',3,'2004-05-27 14:19:31','2021-02-04 17:17:11'),(27,65,61,59,'Odio deleniti sunt deserunt blanditiis. Saepe earum dolorum eveniet quidem provident harum non. Enim in debitis quos porro.',5,'1980-08-27 20:09:18','2021-02-04 17:17:11'),(28,86,74,4,'Perferendis ab occaecati quidem unde aut modi iure. Nesciunt et doloremque accusantium est et quidem ut. Aut fugit nisi atque nisi. Et nulla eligendi architecto ea et ratione. Dolorem incidunt minima tempore.',5,'1977-12-27 04:35:09','2021-02-04 17:17:11'),(29,36,84,44,'Officia explicabo non nemo ex quia. Fugiat asperiores neque rerum quo distinctio. Ad sed ea cum non nostrum ut non quia. Autem aut sed error.',2,'1982-06-05 13:53:45','2021-02-04 17:17:11'),(30,23,97,9,'Modi quas dolores quam dolores. Ullam facilis assumenda et maxime consectetur sed. Ullam sit ut velit ullam atque iste molestias. Dicta eveniet velit qui at.',4,'1996-01-15 05:30:52','2021-02-04 17:17:11'),(31,5,32,12,'Ipsam natus illum aperiam sit non. Ipsa aliquid magnam expedita quia quo qui animi sapiente. Nemo accusamus nihil ea sequi qui. Asperiores laborum autem delectus rem quaerat voluptatem non.',5,'2000-02-18 05:12:23','2021-02-04 17:17:11'),(32,56,72,31,'Rerum quo voluptatem voluptatem omnis qui tempore doloribus. Atque eveniet velit nihil alias est nihil eos fugiat. Reprehenderit rerum cum placeat quo vel optio accusantium.',5,'2014-01-17 21:40:11','2021-02-04 17:17:11'),(33,64,61,18,'Qui tempora tenetur qui. Neque suscipit dolorum veniam possimus debitis laudantium. Rerum exercitationem repellat beatae facere.',3,'1994-12-11 19:13:18','2021-02-04 17:17:11'),(34,50,88,97,'Asperiores cum omnis explicabo officia libero. Non consequuntur dolorem voluptatem impedit odio. Et sunt numquam dolorem iste sapiente.',3,'2013-07-17 21:31:19','2021-02-04 17:17:11'),(35,59,58,32,'Velit quis ducimus dolores sit saepe beatae quisquam. Doloremque id autem deserunt iure doloremque ea. Esse rem sint sunt error aliquam amet explicabo et.',4,'2002-03-31 19:09:37','2021-02-04 17:17:11'),(36,46,26,68,'Magnam facilis minus ut atque aliquid. Pariatur voluptatem sed aut eligendi eveniet inventore sequi. Enim maxime itaque architecto omnis consequuntur sint dignissimos.',5,'1996-09-21 08:57:02','2021-02-04 17:17:11'),(37,50,55,42,'Sunt dicta esse ipsam odio autem ratione. Impedit quis dolores ut. Aspernatur facere consequatur corporis. Corrupti animi fugiat ipsa nam est soluta at.',2,'2018-02-17 03:19:07','2021-02-04 17:17:11'),(38,13,94,6,'Odio vitae totam excepturi nisi recusandae magni ex. Ipsam placeat tenetur est ullam provident id. Architecto explicabo tempore rem id. Dolore sunt voluptas dicta suscipit facilis aliquid.',4,'2013-10-22 09:23:41','2021-02-04 17:17:11'),(39,13,8,2,'Mollitia voluptatibus adipisci assumenda velit quo minima facere mollitia. Officia enim rerum porro. Ipsum atque quis qui qui et aut. Est voluptatem eos repudiandae et sunt.',5,'1975-07-18 21:37:04','2021-02-04 17:17:11'),(40,28,57,95,'Non quae dicta ipsa eos et distinctio est. Quam nostrum quidem itaque autem illum repudiandae exercitationem. Veritatis qui aspernatur id excepturi laborum quam asperiores. Aut illo quis dolore consectetur. Est recusandae sint consectetur.',2,'1970-02-01 01:19:44','2021-02-04 17:17:11'),(41,97,60,66,'Dolores magnam quia doloremque quia at exercitationem praesentium aut. Maiores error iure eos nesciunt sed repudiandae doloribus autem. Assumenda et eos commodi rem aut blanditiis. Soluta aut et aut corrupti assumenda molestiae.',3,'1972-10-08 01:18:13','2021-02-04 17:17:11'),(42,4,30,44,'Eum est aut ut ut omnis eveniet atque. Sequi doloremque sit ducimus et quod. Rerum expedita quae architecto minus nemo sunt. Eum necessitatibus consectetur voluptatem voluptatem.',4,'2000-05-17 15:26:39','2021-02-04 17:17:11'),(43,27,68,24,'Modi aspernatur quas sed reiciendis necessitatibus quas blanditiis. Dolor tempore dolorem quasi aut aliquam. Qui sunt omnis in eaque nostrum.',1,'1971-09-04 16:31:28','2021-02-04 17:17:11'),(44,23,50,85,'Laudantium sit animi odit dolores ut. Facilis qui maiores aut alias officiis vel. Quisquam in reiciendis dolore harum harum. Fugiat eligendi ipsam ea aperiam repudiandae perferendis ab.',2,'2013-02-09 10:24:00','2021-02-04 17:17:11'),(45,35,47,54,'Laborum molestiae tempora et dignissimos. Sit voluptas blanditiis ea voluptate nihil voluptas. Impedit eos aliquam aut. Praesentium asperiores perferendis dolores impedit.',4,'1979-04-23 20:02:23','2021-02-04 17:17:11'),(46,4,84,12,'Maxime nostrum cupiditate ducimus occaecati aliquam distinctio. Aut ipsam ad molestiae. Atque odit et ut sunt nostrum ad ducimus.',1,'1983-10-04 22:12:42','2021-02-04 17:17:11'),(47,13,80,100,'Est nisi suscipit illo harum sequi temporibus consequatur. Voluptates animi veritatis ipsam et eveniet dolorem iusto. Minus earum sunt adipisci possimus corrupti. Modi quae illum fugiat sit.',4,'1992-03-24 16:26:40','2021-02-04 17:17:11'),(48,52,46,61,'Omnis odit qui voluptatibus illo repudiandae officia. Suscipit provident nihil doloremque nihil tenetur est. Consectetur tempora dicta aut et.',4,'2017-01-20 22:07:23','2021-02-04 17:17:11'),(49,23,92,5,'Quod impedit ut molestiae tempora earum. Quod et culpa qui laborum fugiat. Est ea qui ut. Aliquam atque ipsum voluptatem at nihil.',1,'2020-10-20 16:46:01','2021-02-04 17:17:11'),(50,56,18,40,'Sit maiores quibusdam earum est enim eos iste. Possimus et facilis mollitia dolores id est quaerat repellat. Eos et ea ipsum culpa eaque.',4,'2012-10-18 15:08:20','2021-02-04 17:17:11'),(51,11,14,85,'Odio qui id recusandae iusto commodi enim sint. Est at et omnis similique. Sit quia et unde sint error omnis molestiae. Voluptate eveniet nam nobis voluptatum inventore neque.',3,'1982-06-03 20:53:41','2021-02-04 17:17:11'),(52,89,16,7,'Sit at praesentium aut. Voluptatibus ipsa doloremque doloremque facilis dicta aut. Velit dignissimos in officiis facilis quia. Voluptates quae sint dolorem eligendi dolorem. Magni amet id et numquam iure repellendus.',4,'1988-01-11 18:59:46','2021-02-04 17:17:11'),(53,9,39,78,'Pariatur quia ipsa dolore occaecati. Velit harum at illo repudiandae. Ut nihil assumenda qui error. Sequi repellendus autem dolores nihil.',3,'1984-04-08 19:46:03','2021-02-04 17:17:11'),(54,78,44,68,'Esse ut qui nam iure tenetur et. Sed aut cum laborum enim. Non aperiam provident non dolorum sequi.',5,'2015-02-22 09:19:42','2021-02-04 17:17:11'),(55,64,3,6,'Et tempore quidem quam maiores ut. Consectetur temporibus ut molestiae et porro ducimus eveniet. Possimus sapiente enim ea sit ullam.',5,'2012-12-29 10:27:14','2021-02-04 17:17:11'),(56,87,81,26,'Rem tempora quia est est sint tempora vitae deleniti. Non consequatur consectetur id sunt perspiciatis molestias. At aliquam aperiam sed libero consequuntur ut.',3,'1983-07-06 09:49:01','2021-02-04 17:17:11'),(57,39,97,9,'Eos ratione est aperiam tempore veniam distinctio officiis. Adipisci omnis laboriosam omnis qui. Qui omnis sit aut et earum.',5,'1973-07-23 03:39:04','2021-02-04 17:17:11'),(58,34,41,69,'Veniam doloremque sunt laborum eligendi optio aut facere. Non ipsam voluptas ut velit. Tempore qui facilis et et omnis quos. Et numquam maxime sed dolore officia.',5,'1972-04-07 08:47:55','2021-02-04 17:17:11'),(59,52,13,17,'Molestiae dolorem doloribus laborum aut. Quam aut amet autem accusantium. Et officia provident animi doloribus. Voluptas occaecati ut officia nihil. Molestiae quia hic tenetur assumenda.',4,'2008-01-24 17:10:41','2021-02-04 17:17:11'),(60,58,43,76,'Saepe aut molestiae distinctio. Est nobis ut quo quos nesciunt. Reiciendis qui tenetur occaecati veritatis ad at.',2,'1972-09-16 16:30:19','2021-02-04 17:17:11'),(61,35,74,29,'Sed ea fugiat adipisci similique officia est accusamus. Qui et dolore vitae rerum possimus a. Quia consequuntur magni enim quo velit. Sit voluptatem enim ipsum ratione reiciendis tempora qui soluta.',2,'1974-10-08 14:44:23','2021-02-04 17:17:11'),(62,100,41,15,'Atque voluptatem qui culpa cumque placeat. Tempore rerum vitae architecto debitis deleniti. Distinctio vero quod corrupti. Ut ut ut qui iure sequi excepturi tenetur.',3,'1984-09-24 11:56:30','2021-02-04 17:17:11'),(63,93,83,88,'Consequatur tempora alias qui soluta sint laboriosam non doloremque. Voluptas quia et reprehenderit dolore et nesciunt.',2,'1984-05-15 13:42:17','2021-02-04 17:17:11'),(64,65,91,94,'Laudantium nobis soluta sed reprehenderit vitae voluptatibus est. Dolores repudiandae neque saepe voluptas delectus provident quasi. Omnis quis voluptate sunt quos.',3,'2009-06-01 22:38:56','2021-02-04 17:17:11'),(65,47,8,4,'Beatae atque illum occaecati non aspernatur. Ab amet nihil recusandae enim ut.',2,'1992-02-22 18:11:35','2021-02-04 17:17:11'),(66,38,63,40,'Occaecati eos consequatur porro ab hic. Culpa quibusdam ullam quis laborum rerum blanditiis. Consectetur iusto necessitatibus ut molestiae quam. Distinctio deserunt aut et reprehenderit. Qui cumque et ad voluptas distinctio quis modi.',4,'1993-06-24 01:57:54','2021-02-04 17:17:11'),(67,48,93,88,'Sed rem occaecati dolor eos facilis omnis. Est eum aut animi voluptatibus odit. Quia assumenda aliquid officiis sunt sunt sint qui consequatur. Ex quia facilis magnam debitis aut rem ut.',4,'2002-04-13 21:57:55','2021-02-04 17:17:11'),(68,26,75,19,'Consequatur consequuntur molestias consequatur vero. Qui fugiat minima qui sed sunt. Ducimus aut voluptatem qui at. Ea neque inventore laborum voluptatibus dolorum occaecati.',3,'2009-05-04 02:15:35','2021-02-04 17:17:11'),(69,87,96,32,'Alias possimus et debitis ea dicta incidunt magni. Quibusdam accusantium sunt minus omnis consequatur. Saepe tenetur voluptatum rerum.',1,'2013-09-16 11:12:43','2021-02-04 17:17:11'),(70,57,56,3,'Ea amet porro aut. Cupiditate consequatur vel sunt est similique sint fuga omnis. Aperiam sint odio et neque nostrum eligendi sed. Nobis aut dolorem qui et reiciendis ea adipisci iste. Tempora est omnis dolorem adipisci ut enim corrupti.',1,'2001-08-23 12:29:39','2021-02-04 17:17:11'),(71,21,90,17,'Nihil facere illum itaque dicta quis beatae. Quisquam accusantium inventore reiciendis officia.',4,'2009-09-17 06:53:30','2021-02-04 17:17:11'),(72,34,83,76,'Commodi tenetur voluptatum ut. Temporibus et eveniet omnis voluptatem repudiandae porro. Dolorum et est maiores repudiandae vitae.',4,'1977-04-19 06:34:19','2021-02-04 17:17:11'),(73,5,42,29,'Ad sit ut quaerat. Similique facilis similique nemo blanditiis illum itaque dolor. Ipsa laboriosam praesentium dicta et qui pariatur provident.',2,'2020-03-27 18:34:59','2021-02-04 17:17:11'),(74,24,60,17,'Maxime ullam et sequi impedit ut. Est tempora id esse reiciendis asperiores et praesentium nisi. Minima placeat quam consequatur maiores non iste aut provident.',5,'1990-08-01 22:48:27','2021-02-04 17:17:11'),(75,4,73,97,'Et est repellendus sint perspiciatis omnis vel omnis. Dolores fugit repellat veritatis nihil. Atque voluptatem mollitia in molestiae id iure dolore. Id at labore enim sed qui.',1,'2020-08-27 07:51:40','2021-02-04 17:17:11'),(76,49,87,31,'Harum provident autem placeat quam culpa esse. Maiores fuga facilis sit qui. Omnis illo aut ab sed voluptatem non. Corporis minus accusantium ratione impedit.',4,'1973-03-04 00:22:46','2021-02-04 17:17:11'),(77,32,14,67,'Qui qui dolores quam ullam tempora nisi consequatur. Nulla iusto repudiandae impedit enim et facilis. Perferendis iste aut quia incidunt architecto. Nobis sapiente quia ullam dolores dolorem.',1,'1983-04-08 15:06:56','2021-02-04 17:17:11'),(78,11,10,41,'Ipsum quis mollitia at deserunt illum praesentium. Sit ut eos atque molestias distinctio assumenda amet id. Ratione similique ut aperiam dolorem commodi blanditiis debitis. Qui dicta sint fugiat illum nesciunt.',4,'1993-08-12 01:57:01','2021-02-04 17:17:11'),(79,61,6,4,'Labore nesciunt error voluptatum ut minima tenetur. Sit rerum similique sed tempore enim. Aliquam placeat odio aut eum.',2,'1992-05-16 22:18:58','2021-02-04 17:17:11'),(80,72,100,97,'Consequatur ipsam nulla odit necessitatibus reiciendis quia. Laborum doloremque ullam officia neque neque mollitia. Voluptatem ut vel sed. Doloribus est temporibus harum et.',5,'2001-09-24 04:15:59','2021-02-04 17:17:11'),(81,74,83,73,'Sed enim rem esse voluptates commodi. Debitis nemo quasi ea ea ratione quia. Exercitationem est aspernatur quibusdam et aut. Qui quaerat eum rem explicabo quis delectus sed. Ea velit error officiis necessitatibus voluptas.',1,'2017-09-27 10:39:58','2021-02-04 17:17:11'),(82,53,14,71,'Itaque laboriosam quasi eveniet sit repellat et. Accusantium ab quae consequatur officiis molestiae amet. Porro cupiditate non deleniti soluta ducimus. Distinctio omnis et et soluta molestias enim odio.',4,'1989-06-19 14:14:39','2021-02-04 17:17:10'),(83,45,20,38,'Et ut quo et et repellat. Esse quis consequuntur molestias assumenda et sit placeat doloremque.',5,'1973-08-19 01:12:34','2021-02-04 17:17:11'),(84,64,58,76,'Vel pariatur aut qui velit et. Ea velit fuga fugit aliquam corrupti id voluptas. Ratione odit culpa illo commodi aut inventore.',1,'2005-01-15 04:52:06','2021-02-04 17:17:11'),(85,86,31,67,'Maxime eum voluptatem sint sequi dolor impedit accusamus. Ut blanditiis culpa consequuntur qui.',1,'2012-01-06 11:05:42','2021-02-04 17:17:11'),(86,39,81,5,'Quis accusantium cum quas ut ut esse. Molestiae rerum eius possimus neque dolor quia error voluptas. Dolores dolorum omnis ratione. Amet magni corporis quia aut.',1,'2008-05-11 02:48:27','2021-02-04 17:17:11'),(87,33,8,25,'Dolores maxime quod eligendi necessitatibus sit voluptas. Repellat autem quae dolorem tempore adipisci. Voluptatem at sit quo adipisci quas aut. Iste sunt veniam rerum.',4,'1990-06-04 11:36:05','2021-02-04 17:17:11'),(88,49,99,7,'Consequatur eos aspernatur tempore atque. Ut rem neque architecto beatae possimus aliquam error. Veniam voluptatibus eum fugiat ipsum maxime veniam accusantium. Ipsa nemo ea nisi sit vel. Voluptate et exercitationem maiores non.',1,'2013-07-02 18:17:20','2021-02-04 17:17:11'),(89,47,68,60,'Tempore ut voluptas sint velit consectetur laboriosam. Vitae enim repudiandae eaque voluptatibus laudantium accusantium. Eum tenetur ut temporibus omnis quam qui molestiae. Consectetur dicta voluptas voluptatem quas repellat quia cum.',5,'1985-05-02 23:21:05','2021-02-04 17:17:11'),(90,86,46,80,'Fugit et ut aspernatur voluptatem suscipit et. Nostrum blanditiis aliquam eum vel at consequatur aliquid. Labore rerum eos cumque magnam error.',4,'2006-11-05 12:45:39','2021-02-04 17:17:11'),(91,91,22,19,'Iste dolor aut omnis sint officia. Fugiat sed dolorum quae esse at et unde. Quam delectus nostrum ad. Esse culpa aliquid est nihil.',4,'2000-05-26 06:43:08','2021-02-04 17:17:11'),(92,94,73,54,'Quasi id et explicabo dolore commodi laboriosam. Esse necessitatibus optio ducimus illum asperiores. Est rem sunt recusandae mollitia.',3,'2001-11-06 21:49:11','2021-02-04 17:17:11'),(93,95,100,13,'Ex maxime deleniti sit tempore. Quos minus tenetur nesciunt. At et natus dignissimos.',2,'2007-03-20 05:02:06','2021-02-04 17:17:11'),(94,94,80,4,'Quos culpa tempore soluta dolorem impedit et iste voluptas. Quae ipsam est ipsam alias eaque dolorem. Natus ea enim sunt minima distinctio voluptatem in. Est dicta velit corporis voluptate.',4,'1977-03-01 00:22:49','2021-02-04 17:17:11'),(95,86,98,80,'Iste sint et recusandae quo sequi minima magni. Adipisci sit esse repellat necessitatibus qui nisi voluptas fugiat. Pariatur aliquam expedita facere omnis rem voluptatibus.',1,'2014-03-06 06:12:45','2021-02-04 17:17:11'),(96,47,49,88,'Rerum illum voluptas earum dolorum et. Numquam dicta iure beatae doloremque inventore modi et. Dolores aliquam totam quia eum qui. Labore mollitia ea fugit veritatis qui quo modi aspernatur. Est veritatis temporibus et architecto rerum.',3,'2009-09-20 04:52:24','2021-02-04 17:17:11'),(97,76,54,97,'Tenetur perferendis animi reiciendis et harum. Beatae laboriosam ut unde sed. Vitae voluptatem qui quidem at et libero.',2,'1998-12-12 03:06:47','2021-02-04 17:17:11'),(98,38,19,23,'Quasi dolor placeat voluptates et. Esse ex officiis eius omnis cupiditate dolorem. Hic consequatur molestias voluptates omnis eos et. Doloremque sed numquam quo illo doloribus.',1,'2018-08-08 17:43:43','2021-02-04 17:17:11'),(99,63,32,22,'Eos atque aut voluptatum. Ducimus nostrum laborum aperiam repudiandae. Nostrum optio maiores blanditiis cupiditate quos fugit. Rerum dolorem delectus rerum consequatur quibusdam qui quod.',2,'2000-09-04 13:55:19','2021-02-04 17:17:11'),(100,1,2,43,'Adipisci aspernatur alias ut illum aut molestias omnis. Repudiandae itaque maiores aut excepturi voluptatem eveniet.',5,'2010-01-21 05:22:41','2021-02-04 17:17:11');
/*!40000 ALTER TABLE `reviews` ENABLE KEYS */;
UNLOCK TABLES;

--
-- Table structure for table `unic_home`
--

DROP TABLE IF EXISTS `unic_home`;
/*!40101 SET @saved_cs_client     = @@character_set_client */;
/*!50503 SET character_set_client = utf8mb4 */;
CREATE TABLE `unic_home` (
  `id` int unsigned NOT NULL AUTO_INCREMENT COMMENT 'Идентификатор строки',
  `name` text CHARACTER SET utf8mb4 COLLATE utf8mb4_unicode_ci NOT NULL COMMENT 'Тип уникального жилья',
  `created_at` datetime DEFAULT CURRENT_TIMESTAMP COMMENT 'Время создания строки',
  `updated_at` datetime DEFAULT CURRENT_TIMESTAMP ON UPDATE CURRENT_TIMESTAMP COMMENT 'Время обновления строки',
  PRIMARY KEY (`id`)
) ENGINE=InnoDB AUTO_INCREMENT=101 DEFAULT CHARSET=utf8mb4 COLLATE=utf8mb4_unicode_ci COMMENT='Тип уникального жилья';
/*!40101 SET character_set_client = @saved_cs_client */;

--
-- Dumping data for table `unic_home`
--

LOCK TABLES `unic_home` WRITE;
/*!40000 ALTER TABLE `unic_home` DISABLE KEYS */;
INSERT INTO `unic_home` VALUES (1,'Жилье на ферме','2003-05-29 15:11:06','2021-02-04 16:37:07'),(2,'Замок','1982-02-04 08:26:58','2021-02-04 16:37:07'),(3,'Землянка','1983-12-18 04:15:49','2021-02-04 16:37:07'),(4,'Кемпер/автодом','1998-10-26 00:23:05','2021-02-04 16:37:07'),(5,'Кемпинг','1993-01-19 02:53:36','1997-03-19 18:27:40'),(6,'Купольный дом','2000-07-23 01:21:14','2021-02-04 16:37:07'),(7,'Лодка','1985-07-20 08:46:43','2021-02-04 16:37:07'),(8,'Микродом','1996-10-31 01:13:13','2021-02-04 16:37:07'),(9,'Палатка','1995-08-28 05:21:55','1998-09-14 18:46:46'),(10,'Пещера','1991-04-16 21:22:39','2016-08-16 05:04:54'),(11,'Плавучий дом','2007-11-19 20:24:17','2021-02-04 16:37:07'),(12,'Типи','1992-03-29 10:05:18','2021-02-04 16:37:07');
/*!40000 ALTER TABLE `unic_home` ENABLE KEYS */;
UNLOCK TABLES;

--
-- Table structure for table `users`
--

DROP TABLE IF EXISTS `users`;
/*!40101 SET @saved_cs_client     = @@character_set_client */;
/*!50503 SET character_set_client = utf8mb4 */;
CREATE TABLE `users` (
  `id` int unsigned NOT NULL AUTO_INCREMENT COMMENT 'Идентификатор строки',
  `first_name` varchar(100) CHARACTER SET utf8mb4 COLLATE utf8mb4_unicode_ci NOT NULL COMMENT 'Имя пользователя',
  `last_name` varchar(100) CHARACTER SET utf8mb4 COLLATE utf8mb4_unicode_ci NOT NULL COMMENT 'Фамилия пользователя',
  `email` varchar(100) CHARACTER SET utf8mb4 COLLATE utf8mb4_unicode_ci NOT NULL COMMENT 'Почта',
  `phone` varchar(100) CHARACTER SET utf8mb4 COLLATE utf8mb4_unicode_ci NOT NULL COMMENT 'Телефон',
  `login_ip` int unsigned NOT NULL COMMENT 'IP входа в систему',
  `login_date` datetime DEFAULT CURRENT_TIMESTAMP ON UPDATE CURRENT_TIMESTAMP COMMENT 'Время входа в систему',
  `logout_date` datetime DEFAULT CURRENT_TIMESTAMP ON UPDATE CURRENT_TIMESTAMP COMMENT 'Время выхода из системы',
  `is_deleted` tinyint(1) DEFAULT NULL COMMENT 'Признак удаленного профиля',
  `created_at` datetime DEFAULT CURRENT_TIMESTAMP COMMENT 'Время создания строки',
  `updated_at` datetime DEFAULT CURRENT_TIMESTAMP ON UPDATE CURRENT_TIMESTAMP COMMENT 'Время обновления строки',
  PRIMARY KEY (`id`),
  UNIQUE KEY `email` (`email`),
  UNIQUE KEY `phone` (`phone`)
) ENGINE=InnoDB AUTO_INCREMENT=101 DEFAULT CHARSET=utf8mb4 COLLATE=utf8mb4_unicode_ci COMMENT='Пользователи';
/*!40101 SET character_set_client = @saved_cs_client */;

--
-- Dumping data for table `users`
--

LOCK TABLES `users` WRITE;
/*!40000 ALTER TABLE `users` DISABLE KEYS */;
INSERT INTO `users` VALUES (1,'Blake','Murphy','joshuah39@example.net','1-987-685-3204',2034,'2021-02-04 17:23:09','2021-02-04 17:23:09',1,'1981-11-23 18:46:03','2021-02-04 17:23:09'),(2,'Twila','Goldner','josiah.beer@example.net','(796)135-1784x81987',209225,'2021-02-04 17:23:09','2021-02-04 17:23:09',1,'1987-02-07 13:31:01','2021-02-04 17:23:09'),(3,'Kiana','Ratke','leilani31@example.org','544.741.6430x78745',14242,'2021-02-04 17:23:09','2021-02-04 17:23:09',1,'1991-01-11 08:58:32','2021-02-04 17:23:09'),(4,'Alvena','Auer','elta81@example.net','01980562708',25100,'2021-02-04 17:23:09','2021-02-04 17:23:09',0,'1975-04-25 13:22:12','2021-02-04 17:23:09'),(5,'Cristal','Kuhn','stokes.keara@example.com','903.214.0786x599',11822,'2021-02-04 17:23:09','2021-02-04 17:23:09',1,'1976-10-29 23:09:15','2021-02-04 17:23:09'),(6,'Johnnie','Fadel','kshlerin.javonte@example.net','967-604-8885',103115,'2021-02-04 17:23:09','2021-02-04 17:23:09',0,'1995-07-04 02:25:21','2021-02-04 17:23:09'),(7,'Blaze','Stark','paucek.maida@example.org','1-366-509-1648x93293',213229,'2021-02-04 17:23:09','2021-02-04 17:23:09',1,'1975-02-07 19:47:47','2021-02-04 17:23:09'),(8,'Lon','White','nyasia50@example.net','486-726-4308',25587,'2021-02-04 17:23:09','2021-02-04 17:23:09',0,'1986-09-07 21:31:13','2021-02-04 17:23:09'),(9,'Lucy','Marks','nathen44@example.org','04456690578',3150,'2021-02-04 17:23:09','2021-02-04 17:23:09',1,'1997-08-06 14:20:34','2021-02-04 17:23:09'),(10,'Kylee','Weissnat','wnitzsche@example.org','314.394.2600x5474',164137,'2021-02-04 17:23:09','2021-02-04 17:23:09',0,'1992-07-10 05:22:04','2021-02-04 17:23:09'),(11,'Lucious','Zemlak','judah.thompson@example.com','945.342.3967x476',1531,'2021-02-04 17:23:09','2021-02-04 17:23:09',0,'2010-07-05 19:51:45','2021-02-04 17:23:09'),(12,'Jacey','Kovacek','eloy.graham@example.net','(364)265-9812x26665',146141,'2021-02-04 17:23:09','2021-02-04 17:23:09',1,'1993-12-06 16:18:40','2021-02-04 17:23:09'),(13,'Khalid','Lemke','erutherford@example.net','1-532-374-0693',130201,'2021-02-04 17:23:09','2021-02-04 17:23:09',0,'2005-12-13 10:52:26','2021-02-04 17:23:09'),(14,'Hank','Zulauf','asia36@example.net','702.605.3699',22192,'2021-02-04 17:23:09','2021-02-04 17:23:09',0,'1988-12-01 18:41:42','2021-02-04 17:23:09'),(15,'Saige','Kuvalis','hilario67@example.org','(174)896-2108x6396',219186,'2021-02-04 17:23:09','2021-02-04 17:23:09',1,'1982-05-21 15:00:55','2021-02-04 17:23:09'),(16,'Ellis','Quigley','metz.eddie@example.com','1-996-248-7539',72231,'2021-02-04 17:23:09','2021-02-04 17:23:09',1,'1981-11-11 13:47:28','2021-02-04 17:23:09'),(17,'Neva','Murphy','rowe.xander@example.org','+30(5)5278593373',161182,'2021-02-04 17:23:09','2021-02-04 17:23:09',1,'1997-03-12 15:52:19','2021-02-04 17:23:09'),(18,'Jazlyn','Bauch','jeanette.robel@example.net','001-592-9114',15101,'2021-02-04 17:23:09','2021-02-04 17:23:09',0,'1999-10-02 00:52:18','2021-02-04 17:23:09'),(19,'Nadia','Satterfield','schimmel.alysson@example.com','1-417-106-5697x987',141202,'2021-02-04 17:23:09','2021-02-04 17:23:09',0,'1974-09-25 16:40:43','2021-02-04 17:23:09'),(20,'Kylie','Schmeler','terry.estevan@example.net','1-983-372-2553x9907',2428,'2021-02-04 17:23:09','2021-02-04 17:23:09',1,'1985-07-09 11:00:52','2021-02-04 17:23:09'),(21,'Brandon','Stokes','vicente.stroman@example.com','1-152-125-4050x76848',218173,'2021-02-04 17:23:09','2021-02-04 17:23:09',1,'1999-06-16 16:39:18','2021-02-04 17:23:09'),(22,'Chadd','Wilkinson','hilll.friedrich@example.net','02844916918',5690,'2021-02-04 17:23:09','2021-02-04 17:23:09',0,'1970-09-01 12:09:07','2021-02-04 17:23:09'),(23,'Fleta','Gaylord','runte.erich@example.com','513-662-6461x93647',183127,'2021-02-04 17:23:09','2021-02-04 17:23:09',1,'2012-10-22 12:50:23','2021-02-04 17:23:09'),(24,'Noemie','Kuphal','jweissnat@example.com','(713)825-7413x7013',41188,'2021-02-04 17:23:09','2021-02-04 17:23:09',0,'1976-04-24 06:35:12','2021-02-04 17:23:09'),(25,'Carolanne','Franecki','katelynn.boehm@example.org','799.329.0494',139178,'2021-02-04 17:23:09','2021-02-04 17:23:09',1,'1971-08-18 17:10:07','2021-02-04 17:23:09'),(26,'Madalyn','Conroy','pearlie.lemke@example.net','331.174.6795',3115,'2021-02-04 17:23:09','2021-02-04 17:23:09',1,'1981-04-13 23:40:00','2021-02-04 17:23:09'),(27,'Zoila','Hamill','lisa58@example.net','1-265-229-0475',17269,'2021-02-04 17:23:09','2021-02-04 17:23:09',1,'2020-05-22 18:49:08','2021-02-04 17:23:09'),(28,'Cierra','Steuber','wisozk.maud@example.com','330.431.4342',232217,'2021-02-04 17:23:09','2021-02-04 17:23:09',0,'1970-06-01 08:47:03','2021-02-04 17:23:09'),(29,'Vergie','Kessler','emilie.mills@example.org','670-137-3147x9936',7798,'2021-02-04 17:23:09','2021-02-04 17:23:09',0,'2006-06-23 08:50:35','2021-02-04 17:23:09'),(30,'Vicenta','Rosenbaum','kmiller@example.com','552.211.0797x9590',240226,'2021-02-04 17:23:09','2021-02-04 17:23:09',1,'2006-04-05 14:59:32','2021-02-04 17:23:09'),(31,'Kyler','Wilderman','chaim.lindgren@example.net','790-057-6443x3338',127100,'2021-02-04 17:23:09','2021-02-04 17:23:09',0,'2006-04-25 23:19:24','2021-02-04 17:23:09'),(32,'Charles','Reichel','aboehm@example.com','04272133870',143190,'2021-02-04 17:23:09','2021-02-04 17:23:09',0,'2003-10-21 04:29:30','2021-02-04 17:23:09'),(33,'Shyann','Berge','gmoore@example.net','(000)879-0112',16832,'2021-02-04 17:23:09','2021-02-04 17:23:09',1,'2010-09-17 10:34:55','2021-02-04 17:23:09'),(34,'Dane','Bergnaum','chelsey67@example.net','09530399167',251110,'2021-02-04 17:23:09','2021-02-04 17:23:09',0,'1998-04-04 15:35:05','2021-02-04 17:23:09'),(35,'Niko','Walker','mayert.chase@example.org','1-319-262-2166x28254',160218,'2021-02-04 17:23:09','2021-02-04 17:23:09',0,'2001-11-25 05:43:38','2021-02-04 17:23:09'),(36,'Burley','Lindgren','idella35@example.org','082.422.3864',73168,'2021-02-04 17:23:09','2021-02-04 17:23:09',1,'1971-07-19 16:03:29','2021-02-04 17:23:09'),(37,'Antone','Ziemann','vjakubowski@example.net','539-675-3609',5168,'2021-02-04 17:23:09','2021-02-04 17:23:09',0,'1999-11-28 22:48:42','2021-02-04 17:23:09'),(38,'Caroline','Rowe','audra.kessler@example.net','383-519-6302x38041',134215,'2021-02-04 17:23:09','2021-02-04 17:23:09',1,'2006-05-05 10:52:16','2021-02-04 17:23:09'),(39,'Tanner','Bogan','karson20@example.net','560-302-4100',168200,'2021-02-04 17:23:09','2021-02-04 17:23:09',0,'2020-05-24 14:06:09','2021-02-04 17:23:09'),(40,'Marlene','Kuhn','fpagac@example.com','596.212.2593x4078',211208,'2021-02-04 17:23:09','2021-02-04 17:23:09',0,'1981-03-18 17:33:44','2021-02-04 17:23:09'),(41,'Mike','Macejkovic','jena72@example.com','07332967702',188187,'2021-02-04 17:23:09','2021-02-04 17:23:09',1,'1979-05-07 21:56:15','2021-02-04 17:23:09'),(42,'Vivianne','Mayert','srogahn@example.com','(193)809-0168',24351,'2021-02-04 17:23:09','2021-02-04 17:23:09',0,'1980-10-20 21:18:57','2021-02-04 17:23:09'),(43,'Devyn','O\'Connell','arlene.renner@example.net','502.811.7598',9950,'2021-02-04 17:23:09','2021-02-04 17:23:09',0,'1971-12-23 17:11:50','2021-02-04 17:23:09'),(44,'Edyth','Nitzsche','howe.jarod@example.com','601.223.5927',15877,'2021-02-04 17:23:09','2021-02-04 17:23:09',1,'1993-10-21 08:48:02','2021-02-04 17:23:09'),(45,'Torrey','Jast','hegmann.trycia@example.net','1-835-690-4075',218250,'2021-02-04 17:23:09','2021-02-04 17:23:09',0,'1989-05-05 21:30:50','2021-02-04 17:23:09'),(46,'Alycia','Kshlerin','kohler.kari@example.com','100-584-1940x737',7953,'2021-02-04 17:23:09','2021-02-04 17:23:09',1,'2015-12-18 00:17:00','2021-02-04 17:23:09'),(47,'Ervin','Blick','halle.wolf@example.org','+89(8)7169447540',5179,'2021-02-04 17:23:09','2021-02-04 17:23:09',1,'1982-06-27 10:09:01','2021-02-04 17:23:09'),(48,'Kaden','Mante','bernier.clint@example.com','1-998-491-8739x158',2723,'2021-02-04 17:23:09','2021-02-04 17:23:09',0,'1997-04-27 09:47:04','2021-02-04 17:23:09'),(49,'Emmanuelle','Blanda','summer07@example.org','1-139-122-3818x5139',199117,'2021-02-04 17:23:09','2021-02-04 17:23:09',0,'1987-10-09 06:40:29','2021-02-04 17:23:09'),(50,'Retha','Turcotte','melisa19@example.net','1-445-074-9874',2535,'2021-02-04 17:23:09','2021-02-04 17:23:09',1,'1982-04-10 00:25:35','2021-02-04 17:23:09'),(51,'Lewis','Hahn','guadalupe15@example.com','019.442.7624x44310',86118,'2021-02-04 17:23:09','2021-02-04 17:23:09',1,'2005-05-30 04:55:05','2021-02-04 17:23:09'),(52,'Manley','Nicolas','dandre.franecki@example.org','115.713.9968x644',252132,'2021-02-04 17:23:09','2021-02-04 17:23:09',0,'1972-05-24 15:27:11','2021-02-04 17:23:09'),(53,'Jewell','Torphy','tomasa.o\'connell@example.net','03427558308',190222,'2021-02-04 17:23:09','2021-02-04 17:23:09',0,'1997-10-19 03:04:36','2021-02-04 17:23:09'),(54,'Leilani','Tremblay','qlubowitz@example.net','077.813.2694',30185,'2021-02-04 17:23:09','2021-02-04 17:23:09',1,'1971-08-16 19:14:49','2021-02-04 17:23:09'),(55,'Armani','Pollich','zlangworth@example.com','091-675-2998x167',8957,'2021-02-04 17:23:09','2021-02-04 17:23:09',1,'2020-05-22 19:24:12','2021-02-04 17:23:09'),(56,'Cassidy','Gutmann','griffin24@example.net','831-391-7003',113212,'2021-02-04 17:23:09','2021-02-04 17:23:09',0,'1980-11-17 23:52:39','2021-02-04 17:23:09'),(57,'Rylee','Turcotte','loyce.reynolds@example.net','287-255-8405',250141,'2021-02-04 17:23:09','2021-02-04 17:23:09',0,'1992-01-11 13:17:05','2021-02-04 17:23:09'),(58,'Morton','Mante','mconsidine@example.com','120-394-7245',205205,'2021-02-04 17:23:09','2021-02-04 17:23:09',1,'2017-02-20 04:41:16','2021-02-04 17:23:09'),(59,'Rhiannon','Wisozk','hilll.zella@example.com','09254412969',233248,'2021-02-04 17:23:09','2021-02-04 17:23:09',1,'1998-02-23 21:01:12','2021-02-04 17:23:09'),(60,'Gavin','Littel','labadie.vada@example.net','873.305.1743',1860,'2021-02-04 17:23:09','2021-02-04 17:23:09',0,'2011-12-21 23:55:41','2021-02-04 17:23:09'),(61,'Mya','Kreiger','stoy@example.org','+22(7)8339055898',822,'2021-02-04 17:23:09','2021-02-04 17:23:09',0,'1998-11-04 16:21:44','2021-02-04 17:23:09'),(62,'Ignatius','Green','welch.blair@example.net','017.559.3474x1353',5463,'2021-02-04 17:23:09','2021-02-04 17:23:09',0,'2004-02-20 07:29:02','2021-02-04 17:23:09'),(63,'Hilbert','Funk','giovanna.murphy@example.org','288.930.3357',19171,'2021-02-04 17:23:09','2021-02-04 17:23:09',1,'1973-11-19 10:49:57','2021-02-04 17:23:09'),(64,'Rico','Sanford','mueller.niko@example.net','1-464-232-6617x3945',160159,'2021-02-04 17:23:09','2021-02-04 17:23:09',0,'1982-03-11 18:01:40','2021-02-04 17:23:09'),(65,'Jermey','Beahan','jaren.greenfelder@example.com','(694)807-7883',14888,'2021-02-04 17:23:09','2021-02-04 17:23:09',0,'2014-05-23 07:36:28','2021-02-04 17:23:09'),(66,'Arvel','Kshlerin','sipes.khalid@example.org','749-248-9297x364',238160,'2021-02-04 17:23:09','2021-02-04 17:23:09',0,'1989-05-21 18:04:04','2021-02-04 17:23:09'),(67,'Kayla','Hermiston','flo94@example.net','139.880.5726x02808',18681,'2021-02-04 17:23:09','2021-02-04 17:23:09',0,'2004-12-10 14:54:43','2021-02-04 17:23:09'),(68,'Renee','Emmerich','leffler.rhea@example.org','1-123-413-4396x1017',16119,'2021-02-04 17:23:09','2021-02-04 17:23:09',1,'2004-11-11 00:42:41','2021-02-04 17:23:09'),(69,'Herman','Borer','abogisich@example.com','379-893-5502x9120',5971,'2021-02-04 17:23:09','2021-02-04 17:23:09',1,'1979-01-29 20:20:29','2021-02-04 17:23:09'),(70,'Muhammad','Herzog','edwin85@example.org','(166)931-0505',9858,'2021-02-04 17:23:09','2021-02-04 17:23:09',1,'2018-12-28 07:13:08','2021-02-04 17:23:09'),(71,'Rodrick','Pacocha','ynader@example.net','1-555-108-3735x1898',24798,'2021-02-04 17:23:09','2021-02-04 17:23:09',0,'2006-07-15 16:57:06','2021-02-04 17:23:09'),(72,'Gerard','Schinner','lakin.jovanny@example.org','1-356-731-7759x3851',69145,'2021-02-04 17:23:09','2021-02-04 17:23:09',1,'1986-06-20 01:53:43','2021-02-04 17:23:09'),(73,'Madilyn','Mitchell','sschroeder@example.com','472.490.2844',214191,'2021-02-04 17:23:09','2021-02-04 17:23:09',0,'2016-10-22 16:12:38','2021-02-04 17:23:09'),(74,'Jarrell','Auer','abernathy.wendy@example.org','927.019.5933',81198,'2021-02-04 17:23:09','2021-02-04 17:23:09',1,'1997-09-09 23:58:37','2021-02-04 17:23:09'),(75,'Kathlyn','Runolfsdottir','melisa90@example.com','299-510-5166',144247,'2021-02-04 17:23:09','2021-02-04 17:23:09',0,'1975-01-30 23:52:38','2021-02-04 17:23:09'),(76,'Tristin','Zemlak','enrique43@example.com','759.303.2096',9320,'2021-02-04 17:23:09','2021-02-04 17:23:09',1,'1979-05-22 13:15:39','2021-02-04 17:23:09'),(77,'Ashlee','Douglas','madalyn84@example.net','01107347836',1170,'2021-02-04 17:23:09','2021-02-04 17:23:09',1,'2015-03-22 20:44:22','2021-02-04 17:23:09'),(78,'Clementine','Wuckert','belle.mclaughlin@example.net','721.546.9845x233',15863,'2021-02-04 17:23:09','2021-02-04 17:23:09',1,'1983-11-17 04:50:43','2021-02-04 17:23:09'),(79,'Zoila','Hirthe','karley.adams@example.net','03004904709',22945,'2021-02-04 17:23:09','2021-02-04 17:23:09',0,'1996-08-10 19:49:38','2021-02-04 17:23:09'),(80,'Sherman','Hane','magnolia50@example.net','(236)739-7709x467',193247,'2021-02-04 17:23:09','2021-02-04 17:23:09',0,'1978-10-27 09:15:42','2021-02-04 17:23:09'),(81,'Reynold','Fritsch','kris.camden@example.com','03332871963',12119,'2021-02-04 17:23:09','2021-02-04 17:23:09',0,'1974-05-06 18:16:41','2021-02-04 17:23:09'),(82,'Shanon','Harber','zconn@example.org','(526)707-5056x279',170224,'2021-02-04 17:23:09','2021-02-04 17:23:09',0,'1983-10-25 19:57:47','2021-02-04 17:23:09'),(83,'Leone','Ortiz','oda.spencer@example.com','1-657-496-9607x806',21235,'2021-02-04 17:23:09','2021-02-04 17:23:09',0,'1984-02-15 11:04:17','2021-02-04 17:23:09'),(84,'Tania','Orn','hintz.tyrell@example.net','1-193-714-4040x94735',12537,'2021-02-04 17:23:09','2021-02-04 17:23:09',0,'2014-11-16 04:49:36','2021-02-04 17:23:09'),(85,'Ambrose','Botsford','nikolas.orn@example.net','05245053049',195111,'2021-02-04 17:23:09','2021-02-04 17:23:09',0,'2014-03-22 21:19:00','2021-02-04 17:23:09'),(86,'Rey','Ryan','ofelia.hahn@example.org','(010)222-0870x473',24087,'2021-02-04 17:23:09','2021-02-04 17:23:09',1,'1974-12-22 15:24:39','2021-02-04 17:23:09'),(87,'Ben','Barton','efritsch@example.com','1-651-242-2827x557',12180,'2021-02-04 17:23:09','2021-02-04 17:23:09',1,'2019-06-13 12:46:55','2021-02-04 17:23:09'),(88,'Antonette','McClure','jacklyn.davis@example.org','(149)670-5921',61117,'2021-02-04 17:23:09','2021-02-04 17:23:09',0,'2015-01-01 22:57:35','2021-02-04 17:23:09'),(89,'Valerie','O\'Kon','corkery.karina@example.com','930.793.2578x45286',1001,'2021-02-04 17:23:09','2021-02-04 17:23:09',0,'1988-11-23 20:06:23','2021-02-04 17:23:09'),(90,'Velda','Bogan','ibrahim.miller@example.org','1-351-957-1345',501,'2021-02-04 17:23:09','2021-02-04 17:23:09',0,'1973-09-16 18:33:34','2021-02-04 17:23:09'),(91,'Wilbert','Keebler','amiya.luettgen@example.com','117.942.1804',226118,'2021-02-04 17:23:09','2021-02-04 17:23:09',1,'1997-06-19 10:37:51','2021-02-04 17:23:09'),(92,'Estel','Schinner','yterry@example.com','1-396-612-8559x1256',244184,'2021-02-04 17:23:09','2021-02-04 17:23:09',1,'1972-07-16 21:05:55','2021-02-04 17:23:09'),(93,'Brennan','Hintz','jaida.bailey@example.org','413-866-1282',22192,'2021-02-04 17:23:09','2021-02-04 17:23:09',0,'1997-05-24 20:18:52','2021-02-04 17:23:09'),(94,'Norris','Predovic','boehm.van@example.com','176-254-0392x72097',31225,'2021-02-04 17:23:09','2021-02-04 17:23:09',1,'2001-06-13 04:58:13','2021-02-04 17:23:09'),(95,'Guadalupe','Roob','bernadine86@example.com','748-038-3445',198150,'2021-02-04 17:23:09','2021-02-04 17:23:09',0,'2008-08-20 06:07:01','2021-02-04 17:23:09'),(96,'Manuela','Hauck','lavina.shields@example.org','012-694-3523x23456',232233,'2021-02-04 17:23:09','2021-02-04 17:23:09',1,'1979-10-25 03:28:27','2021-02-04 17:23:09'),(97,'Ryder','Jast','mueller.delphine@example.org','(506)977-2354',133101,'2021-02-04 17:23:09','2021-02-04 17:23:09',1,'2018-06-14 06:21:47','2021-02-04 17:23:09'),(98,'Barney','Yost','josefina40@example.net','586-620-7875x3294',108127,'2021-02-04 17:23:09','2021-02-04 17:23:09',1,'2018-07-15 20:21:01','2021-02-04 17:23:09'),(99,'Chase','Jast','schimmel.lisa@example.org','(658)531-3296',135161,'2021-02-04 17:23:09','2021-02-04 17:23:09',1,'1986-11-25 20:44:43','2021-02-04 17:23:09'),(100,'Abdiel','Boehm','richmond.hettinger@example.org','09722121116',13788,'2021-02-04 17:23:09','2021-02-04 17:23:09',1,'2002-03-26 22:38:05','2021-02-04 17:23:09');
/*!40000 ALTER TABLE `users` ENABLE KEYS */;
UNLOCK TABLES;

--
-- Final view structure for view `Active_Users_List`
--

/*!50001 DROP VIEW IF EXISTS `Active_Users_List`*/;
/*!50001 SET @saved_cs_client          = @@character_set_client */;
/*!50001 SET @saved_cs_results         = @@character_set_results */;
/*!50001 SET @saved_col_connection     = @@collation_connection */;
/*!50001 SET character_set_client      = utf8mb4 */;
/*!50001 SET character_set_results     = utf8mb4 */;
/*!50001 SET collation_connection      = utf8mb4_0900_ai_ci */;
/*!50001 CREATE ALGORITHM=UNDEFINED */
/*!50013 DEFINER=`root`@`localhost` SQL SECURITY DEFINER */
/*!50001 VIEW `Active_Users_List` AS select `u2`.`id` AS `id` from `users` `u2` where ((`u2`.`is_deleted` = 0) and (`u2`.`logout_date` between (curdate() - interval 3 day) and curdate())) */
/*!50002 WITH CASCADED CHECK OPTION */;
/*!50001 SET character_set_client      = @saved_cs_client */;
/*!50001 SET character_set_results     = @saved_cs_results */;
/*!50001 SET collation_connection      = @saved_col_connection */;

--
-- Final view structure for view `Albanian_o_impression`
--

/*!50001 DROP VIEW IF EXISTS `Albanian_o_impression`*/;
/*!50001 SET @saved_cs_client          = @@character_set_client */;
/*!50001 SET @saved_cs_results         = @@character_set_results */;
/*!50001 SET @saved_col_connection     = @@collation_connection */;
/*!50001 SET character_set_client      = utf8mb4 */;
/*!50001 SET character_set_results     = utf8mb4 */;
/*!50001 SET collation_connection      = utf8mb4_0900_ai_ci */;
/*!50001 CREATE ALGORITHM=UNDEFINED */
/*!50013 DEFINER=`root`@`localhost` SQL SECURITY DEFINER */
/*!50001 VIEW `Albanian_o_impression` AS select `i`.`id` AS `id`,`i`.`head` AS `head` from ((`impressions` `i` join `onlineimpression_type` `ot`) join `countries` `c2`) where ((`ot`.`name` = 'Кулинария') and (`c2`.`name` = 'Albania') and (`i`.`rating` > 4)) group by `i`.`id` */;
/*!50001 SET character_set_client      = @saved_cs_client */;
/*!50001 SET character_set_results     = @saved_cs_results */;
/*!50001 SET collation_connection      = @saved_col_connection */;

--
-- Final view structure for view `Avtive_Users_List`
--

/*!50001 DROP VIEW IF EXISTS `Avtive_Users_List`*/;
/*!50001 SET @saved_cs_client          = @@character_set_client */;
/*!50001 SET @saved_cs_results         = @@character_set_results */;
/*!50001 SET @saved_col_connection     = @@collation_connection */;
/*!50001 SET character_set_client      = utf8mb4 */;
/*!50001 SET character_set_results     = utf8mb4 */;
/*!50001 SET collation_connection      = utf8mb4_0900_ai_ci */;
/*!50001 CREATE ALGORITHM=UNDEFINED */
/*!50013 DEFINER=`root`@`localhost` SQL SECURITY DEFINER */
/*!50001 VIEW `Avtive_Users_List` AS select `u2`.`id` AS `id` from `users` `u2` where ((`u2`.`is_deleted` = 0) and (`u2`.`logout_date` between (curdate() - interval 3 day) and curdate())) */;
/*!50001 SET character_set_client      = @saved_cs_client */;
/*!50001 SET character_set_results     = @saved_cs_results */;
/*!50001 SET collation_connection      = @saved_col_connection */;
/*!40103 SET TIME_ZONE=@OLD_TIME_ZONE */;

/*!40101 SET SQL_MODE=@OLD_SQL_MODE */;
/*!40014 SET FOREIGN_KEY_CHECKS=@OLD_FOREIGN_KEY_CHECKS */;
/*!40014 SET UNIQUE_CHECKS=@OLD_UNIQUE_CHECKS */;
/*!40101 SET CHARACTER_SET_CLIENT=@OLD_CHARACTER_SET_CLIENT */;
/*!40101 SET CHARACTER_SET_RESULTS=@OLD_CHARACTER_SET_RESULTS */;
/*!40101 SET COLLATION_CONNECTION=@OLD_COLLATION_CONNECTION */;
/*!40111 SET SQL_NOTES=@OLD_SQL_NOTES */;

-- Dump completed on 2021-02-06 22:24:14
