-- MySQL dump 10.13  Distrib 8.0.22, for Linux (x86_64)
--
-- Host: localhost    Database: vk
-- ------------------------------------------------------
-- Server version	8.0.22-0ubuntu0.20.10.2

/*!40101 SET @OLD_CHARACTER_SET_CLIENT=@@CHARACTER_SET_CLIENT */;
/*!40101 SET @OLD_CHARACTER_SET_RESULTS=@@CHARACTER_SET_RESULTS */;
/*!40101 SET @OLD_COLLATION_CONNECTION=@@COLLATION_CONNECTION */;
/*!50503 SET NAMES utf8mb4 */;
/*!40103 SET @OLD_TIME_ZONE=@@TIME_ZONE */;
/*!40103 SET TIME_ZONE='+00:00' */;
/*!40014 SET @OLD_UNIQUE_CHECKS=@@UNIQUE_CHECKS, UNIQUE_CHECKS=0 */;
/*!40014 SET @OLD_FOREIGN_KEY_CHECKS=@@FOREIGN_KEY_CHECKS, FOREIGN_KEY_CHECKS=0 */;
/*!40101 SET @OLD_SQL_MODE=@@SQL_MODE, SQL_MODE='NO_AUTO_VALUE_ON_ZERO' */;
/*!40111 SET @OLD_SQL_NOTES=@@SQL_NOTES, SQL_NOTES=0 */;

--
-- Table structure for table `communities`
--

DROP TABLE IF EXISTS `communities`;
/*!40101 SET @saved_cs_client     = @@character_set_client */;
/*!50503 SET character_set_client = utf8mb4 */;
CREATE TABLE `communities` (
  `id` int unsigned NOT NULL AUTO_INCREMENT COMMENT 'Идентификатор сроки',
  `name` varchar(150) CHARACTER SET utf8 COLLATE utf8_unicode_ci NOT NULL COMMENT 'Название группы',
  `created_at` datetime DEFAULT CURRENT_TIMESTAMP COMMENT 'Время создания строки',
  `updated_at` datetime DEFAULT CURRENT_TIMESTAMP ON UPDATE CURRENT_TIMESTAMP COMMENT 'Время обновления строки',
  PRIMARY KEY (`id`),
  UNIQUE KEY `name` (`name`)
) ENGINE=InnoDB AUTO_INCREMENT=101 DEFAULT CHARSET=utf8 COLLATE=utf8_unicode_ci COMMENT='Группы';
/*!40101 SET character_set_client = @saved_cs_client */;

--
-- Dumping data for table `communities`
--

LOCK TABLES `communities` WRITE;
/*!40000 ALTER TABLE `communities` DISABLE KEYS */;
INSERT INTO `communities` VALUES (1,'repellat','1978-02-14 12:25:18','2000-06-02 22:09:29'),(2,'qui','1998-07-26 23:41:08','2020-12-29 15:30:01'),(3,'asperiores','2010-11-23 02:19:54','2019-12-11 09:42:23'),(4,'modi','1994-04-28 13:06:16','2013-11-24 04:25:10'),(5,'et','1994-03-11 03:59:23','2004-09-30 20:35:14'),(6,'odit','2001-06-28 02:20:10','2005-08-16 17:31:50'),(7,'itaque','1985-12-01 02:46:39','2020-12-21 12:21:45'),(8,'sit','1986-01-23 21:45:09','2009-03-03 13:51:35'),(9,'error','2013-08-13 11:50:48','2014-10-27 06:07:38'),(10,'dolores','2005-10-03 00:09:53','2020-12-29 15:30:01'),(11,'ea','2000-01-14 00:23:37','2016-11-20 02:11:15'),(12,'minus','2016-11-05 08:11:38','2020-12-29 15:30:01'),(13,'commodi','2003-12-26 11:40:46','2009-10-04 23:12:27'),(14,'optio','1984-10-14 18:28:00','2009-06-15 06:57:15'),(15,'nihil','2002-08-26 19:46:13','2020-12-29 15:30:01'),(16,'inventore','1973-08-11 23:33:31','1995-02-02 21:49:30'),(17,'quasi','1973-11-27 20:33:11','1982-03-05 23:56:53'),(18,'distinctio','2019-08-10 13:45:45','2020-12-29 15:30:01'),(19,'natus','2020-09-12 11:58:19','2020-12-29 15:30:01'),(20,'consequatur','1990-08-25 04:03:09','2006-10-26 14:14:16'),(21,'dolore','1974-12-02 12:37:56','1986-02-01 06:31:39'),(22,'accusantium','2010-11-27 13:40:08','2020-10-20 22:15:54'),(23,'sunt','1974-09-14 02:00:28','1995-07-27 07:49:51'),(24,'sed','1981-01-16 00:53:52','2004-11-09 17:17:22'),(25,'voluptatum','1996-05-17 03:11:11','2015-08-03 01:09:32'),(26,'deserunt','1982-12-03 02:29:16','2000-08-21 10:04:55'),(27,'ut','1985-07-02 05:15:45','1987-12-23 23:38:08'),(28,'nobis','2014-11-10 16:38:59','2020-12-29 15:30:01'),(29,'cum','1978-07-19 11:46:27','1986-04-14 03:13:19'),(30,'expedita','2013-11-06 21:01:12','2020-12-29 15:30:01'),(31,'enim','2006-12-01 19:07:11','2020-12-29 15:30:01'),(32,'dolorem','2003-11-01 00:22:54','2020-12-29 15:30:01'),(33,'aut','1994-09-18 23:56:35','2020-12-29 15:30:01'),(34,'autem','2003-03-11 21:10:06','2020-12-29 15:30:01'),(35,'temporibus','1997-02-04 02:58:47','2020-12-29 15:30:01'),(36,'dignissimos','1977-01-23 14:41:24','1991-12-29 18:02:03'),(37,'dolor','2004-03-21 06:59:28','2020-12-29 15:30:01'),(38,'officia','2009-12-30 07:18:29','2011-09-19 13:07:02'),(39,'reprehenderit','2006-05-23 02:48:14','2020-12-29 15:30:01'),(40,'ducimus','2011-06-07 06:07:29','2020-12-29 15:30:01'),(41,'rem','2010-04-28 09:57:11','2020-12-29 15:30:01'),(42,'non','1985-12-23 02:44:57','1997-01-25 17:49:31'),(43,'unde','1995-08-25 14:32:03','2006-05-08 09:39:27'),(44,'veritatis','1985-06-27 23:37:49','2009-08-26 05:58:49'),(45,'voluptatem','1970-02-21 23:04:30','1985-01-04 22:45:04'),(46,'vero','1986-05-19 14:22:59','1990-12-06 20:56:47'),(47,'est','1977-07-24 20:01:11','1981-04-26 21:15:56'),(48,'vel','1985-02-02 18:42:17','2020-12-29 15:30:01'),(49,'officiis','1996-09-22 16:02:31','2019-05-25 20:49:30'),(50,'ipsum','2003-07-13 02:26:40','2020-12-29 15:30:01'),(51,'eum','2006-12-16 12:25:11','2020-12-29 15:30:01'),(52,'in','2014-01-25 00:54:09','2020-12-29 15:30:01'),(53,'atque','1973-06-03 19:45:05','1990-11-10 16:46:34'),(54,'molestiae','1982-07-23 03:32:17','2000-08-05 17:46:20'),(55,'quia','1978-11-24 18:53:27','1999-09-10 23:26:17'),(56,'repudiandae','1980-10-05 11:43:07','1998-08-27 00:29:16'),(57,'animi','1998-06-11 16:29:44','2019-02-20 17:08:23'),(58,'vitae','1983-01-17 13:32:22','2020-12-29 15:30:01'),(59,'eos','1999-06-26 15:18:52','2018-09-20 17:03:11'),(60,'tempora','2004-03-16 16:20:32','2020-12-29 15:30:01'),(61,'suscipit','2007-06-12 08:20:03','2020-12-29 15:30:01'),(62,'laboriosam','2010-07-14 19:49:24','2020-12-29 15:30:01'),(63,'nesciunt','2011-08-31 14:08:20','2020-12-29 15:30:01'),(64,'sequi','1976-08-18 05:52:24','2014-11-03 04:33:02'),(65,'libero','1989-05-18 02:27:14','2003-03-11 23:53:17'),(66,'id','1971-12-17 16:11:48','1988-04-28 01:53:42'),(67,'voluptas','1992-03-25 06:46:27','2020-12-29 15:30:01'),(68,'voluptate','1977-01-29 11:09:59','2020-12-29 15:30:01'),(69,'molestias','1999-11-17 14:17:11','2020-12-29 15:30:01'),(70,'deleniti','1999-04-20 10:28:00','2012-02-29 17:01:15'),(71,'odio','2013-06-21 13:58:45','2020-12-29 15:30:01'),(72,'alias','1980-10-22 15:45:28','2012-07-30 19:02:17'),(73,'similique','2015-03-15 17:15:15','2020-12-29 15:30:01'),(74,'voluptatibus','2003-09-21 11:19:32','2020-12-29 15:30:01'),(75,'aperiam','1999-06-12 00:44:54','2004-06-23 21:31:05'),(76,'aliquid','1997-10-24 23:08:22','2020-12-29 15:30:01'),(77,'reiciendis','1975-07-13 04:08:16','2001-06-19 05:22:33'),(78,'dolorum','1992-02-10 14:18:06','2020-12-29 15:30:01'),(79,'rerum','1981-10-22 14:59:37','1989-04-13 02:40:19'),(80,'ratione','2014-05-08 01:05:32','2020-12-29 15:30:01'),(81,'praesentium','1985-08-16 06:02:18','1989-11-25 23:15:56'),(82,'labore','1977-10-14 18:31:26','2020-12-29 15:30:01'),(83,'facilis','2010-02-26 07:45:28','2020-12-29 15:30:01'),(84,'omnis','1981-05-21 15:29:43','1990-06-27 16:37:03'),(85,'fuga','1971-08-15 18:54:06','2001-02-16 12:03:51'),(86,'aspernatur','1970-07-16 13:34:42','1983-02-20 16:04:40'),(87,'facere','1975-03-31 01:41:26','1986-07-14 10:02:54'),(88,'cupiditate','2019-11-14 21:10:57','2020-12-29 15:30:01'),(89,'quo','2011-03-05 05:38:02','2020-08-19 20:28:50'),(90,'esse','1992-07-20 19:29:18','2005-05-31 14:25:34'),(91,'repellendus','2006-01-12 21:02:05','2016-03-13 06:44:51'),(92,'necessitatibus','1977-10-03 04:49:54','2002-10-10 08:42:07'),(93,'aliquam','1987-03-21 03:06:42','2020-12-29 15:30:01'),(94,'at','1970-09-20 00:41:16','1995-09-03 13:30:31'),(95,'laborum','2004-02-21 10:12:06','2012-06-26 01:09:52'),(96,'nostrum','1986-05-11 04:38:54','2015-09-05 21:39:53'),(97,'beatae','2003-07-08 14:00:54','2015-04-21 23:31:00'),(98,'a','1978-10-01 18:30:20','2020-12-29 15:30:01'),(99,'laudantium','2019-11-27 08:33:43','2020-12-29 15:30:01'),(100,'eveniet','1978-04-04 13:21:48','1984-01-21 10:29:46');
/*!40000 ALTER TABLE `communities` ENABLE KEYS */;
UNLOCK TABLES;

--
-- Table structure for table `communities_users`
--

DROP TABLE IF EXISTS `communities_users`;
/*!40101 SET @saved_cs_client     = @@character_set_client */;
/*!50503 SET character_set_client = utf8mb4 */;
CREATE TABLE `communities_users` (
  `community_id` int unsigned NOT NULL COMMENT 'Ссылка на группу',
  `user_id` int unsigned NOT NULL COMMENT 'Ссылка на пользователя',
  `created_at` datetime DEFAULT CURRENT_TIMESTAMP COMMENT 'Время создания строки',
  PRIMARY KEY (`community_id`,`user_id`) COMMENT 'Составной первичный ключ'
) ENGINE=InnoDB DEFAULT CHARSET=utf8 COLLATE=utf8_unicode_ci COMMENT='Участники групп, связь между пользователями и группами';
/*!40101 SET character_set_client = @saved_cs_client */;

--
-- Dumping data for table `communities_users`
--

LOCK TABLES `communities_users` WRITE;
/*!40000 ALTER TABLE `communities_users` DISABLE KEYS */;
INSERT INTO `communities_users` VALUES (0,56,'1978-07-28 05:38:41'),(2,4,'1982-10-05 18:41:47'),(3,53,'1970-01-05 12:27:30'),(4,52,'2013-11-18 02:18:17'),(5,1,'2008-11-20 01:47:55'),(6,46,'1997-12-03 18:43:34'),(8,28,'1996-06-19 21:55:52'),(9,3,'1982-03-21 00:29:58'),(13,29,'2019-02-28 15:22:55'),(29,35,'1993-09-06 02:44:59'),(45,89,'1972-06-13 21:13:38'),(49,38,'2005-10-21 11:21:12'),(58,22,'2009-01-01 15:39:05'),(59,96,'2016-05-26 18:56:51'),(66,13,'1973-05-21 23:48:22'),(82,78,'1999-01-17 17:32:01'),(168,48,'2004-09-24 04:09:10'),(171,8,'2013-09-11 18:57:13'),(209,96,'1990-09-23 06:18:40'),(260,55,'1981-12-30 21:15:45'),(467,85,'2018-06-05 02:25:47'),(572,58,'1993-05-23 17:37:16'),(705,37,'1996-09-23 04:53:09'),(774,10,'1987-05-09 10:22:09'),(856,37,'2007-10-18 10:43:01'),(924,57,'1993-04-07 01:58:36'),(1230,74,'1983-03-02 12:49:38'),(2514,100,'1974-02-05 00:36:58'),(3518,74,'2000-11-29 20:13:01'),(3691,69,'1981-09-01 01:28:55'),(3990,23,'1988-05-04 00:30:28'),(6617,10,'2002-08-30 03:22:48'),(7030,77,'2001-12-06 12:25:10'),(7261,58,'2005-10-27 19:04:01'),(7824,56,'1972-07-24 08:47:31'),(7854,5,'1990-02-18 08:36:09'),(8622,58,'1990-01-01 23:26:59'),(8919,74,'1991-12-21 04:02:36'),(9708,96,'1984-10-10 04:14:08'),(9771,59,'2015-06-20 02:35:33'),(9896,6,'2000-05-16 13:46:24'),(25582,50,'2007-11-19 19:32:13'),(32465,34,'2000-11-15 17:06:24'),(39285,20,'1989-03-31 08:18:44'),(42794,97,'2001-03-15 13:50:11'),(78784,24,'1987-04-21 04:26:01'),(83744,28,'1993-11-15 23:15:52'),(94725,68,'2010-12-25 22:03:20'),(97422,57,'1984-09-21 23:13:14'),(263363,78,'1981-11-03 10:03:20'),(442885,18,'1990-06-09 00:08:33'),(541441,55,'1983-11-07 14:13:58'),(712905,19,'2000-07-20 00:47:14'),(766897,33,'1977-10-21 12:25:16'),(830731,7,'1976-06-22 11:44:42'),(899556,36,'2013-10-12 22:17:38'),(902128,59,'2017-12-09 05:25:14'),(1205451,85,'2005-10-18 22:35:37'),(1543492,49,'2012-07-23 05:28:22'),(1914178,88,'1992-07-16 09:48:31'),(2517493,95,'1991-06-25 20:56:55'),(2946831,10,'1976-03-25 23:27:57'),(3788172,63,'2000-06-04 08:20:44'),(5609707,84,'2012-12-23 04:39:57'),(6762895,32,'2005-03-07 22:02:44'),(6946640,7,'2006-03-14 16:59:44'),(7178332,39,'2004-10-22 12:40:40'),(7525306,74,'1992-08-16 23:37:13'),(7605845,52,'2005-11-24 20:18:55'),(7704241,39,'2016-02-05 13:05:46'),(7806120,37,'2006-01-07 21:26:15'),(8220254,67,'1984-08-13 08:01:18'),(8247447,26,'1980-10-22 16:56:39'),(8368189,25,'2002-07-13 19:28:54'),(8738850,48,'1974-08-03 17:43:09'),(9875886,66,'1980-02-27 01:32:34'),(15180230,86,'1997-06-27 14:56:04'),(15458418,31,'1993-09-28 01:49:31'),(16697612,96,'2006-06-19 06:38:41'),(42448615,87,'1994-08-22 07:41:41'),(44791943,48,'2001-04-30 23:28:08'),(51626468,76,'1982-07-19 12:19:16'),(52000896,36,'1990-06-17 19:22:42'),(52644372,53,'1975-11-06 03:27:49'),(56232026,54,'1979-01-22 08:21:39'),(65717917,13,'2015-12-18 22:04:02'),(82983388,3,'1985-10-10 12:49:24'),(87125008,73,'1988-05-05 10:08:11'),(89573882,57,'1970-07-04 14:55:30'),(155003366,67,'1971-03-30 18:15:05'),(345733297,63,'1974-08-08 09:38:36'),(395627763,15,'1991-06-23 11:20:55'),(401643448,83,'2014-01-30 10:51:25'),(452718164,69,'1986-06-17 15:59:57'),(507396619,98,'2010-04-18 23:17:33'),(650598171,80,'1985-11-08 07:53:30'),(664297563,8,'2018-01-09 14:45:28'),(696253663,98,'1998-06-30 02:36:22'),(778595331,68,'2007-07-24 02:15:02'),(891869147,43,'1990-08-03 19:00:57');
/*!40000 ALTER TABLE `communities_users` ENABLE KEYS */;
UNLOCK TABLES;

--
-- Table structure for table `friendship_statuses`
--

DROP TABLE IF EXISTS `friendship_statuses`;
/*!40101 SET @saved_cs_client     = @@character_set_client */;
/*!50503 SET character_set_client = utf8mb4 */;
CREATE TABLE `friendship_statuses` (
  `id` int unsigned NOT NULL AUTO_INCREMENT COMMENT 'Идентификатор строки',
  `name` varchar(150) CHARACTER SET utf8 COLLATE utf8_unicode_ci NOT NULL COMMENT 'Название статуса',
  `created_at` datetime DEFAULT CURRENT_TIMESTAMP COMMENT 'Время создания строки',
  `updated_at` datetime DEFAULT CURRENT_TIMESTAMP ON UPDATE CURRENT_TIMESTAMP COMMENT 'Время обновления строки',
  PRIMARY KEY (`id`),
  UNIQUE KEY `name` (`name`)
) ENGINE=InnoDB AUTO_INCREMENT=4 DEFAULT CHARSET=utf8 COLLATE=utf8_unicode_ci COMMENT='Статусы дружбы';
/*!40101 SET character_set_client = @saved_cs_client */;

--
-- Dumping data for table `friendship_statuses`
--

LOCK TABLES `friendship_statuses` WRITE;
/*!40000 ALTER TABLE `friendship_statuses` DISABLE KEYS */;
INSERT INTO `friendship_statuses` VALUES (1,'Requested','2020-12-29 15:48:10','2020-12-29 15:48:10'),(2,'Confirmed','2020-12-29 15:48:10','2020-12-29 15:48:10'),(3,'Rejected','2020-12-29 15:48:10','2020-12-29 15:48:10');
/*!40000 ALTER TABLE `friendship_statuses` ENABLE KEYS */;
UNLOCK TABLES;

--
-- Table structure for table `friendships`
--

DROP TABLE IF EXISTS `friendships`;
/*!40101 SET @saved_cs_client     = @@character_set_client */;
/*!50503 SET character_set_client = utf8mb4 */;
CREATE TABLE `friendships` (
  `user_id` int unsigned NOT NULL COMMENT 'Ссылка на инициатора дружеских отношений',
  `friend_id` int unsigned NOT NULL COMMENT 'Ссылка на получателя приглашения дружить',
  `status_id` int unsigned NOT NULL COMMENT 'Ссылка на статус (текущее состояние) отношений',
  `requested_at` datetime DEFAULT CURRENT_TIMESTAMP COMMENT 'Время отправления приглашения дружить',
  `confirmed_at` datetime DEFAULT NULL COMMENT 'Время подтверждения приглашения',
  `created_at` datetime DEFAULT CURRENT_TIMESTAMP COMMENT 'Время создания строки',
  `updated_at` datetime DEFAULT CURRENT_TIMESTAMP ON UPDATE CURRENT_TIMESTAMP COMMENT 'Время обновления строки',
  PRIMARY KEY (`user_id`,`friend_id`) COMMENT 'Составной первичный ключ'
) ENGINE=InnoDB DEFAULT CHARSET=utf8 COLLATE=utf8_unicode_ci COMMENT='Таблица дружбы';
/*!40101 SET character_set_client = @saved_cs_client */;

--
-- Dumping data for table `friendships`
--

LOCK TABLES `friendships` WRITE;
/*!40000 ALTER TABLE `friendships` DISABLE KEYS */;
INSERT INTO `friendships` VALUES (1,82,1,'1986-10-12 10:23:17','2020-12-29 15:45:45','1997-07-04 19:39:24','2020-12-29 15:45:45'),(2,75,2,'1993-02-28 08:27:48','2006-03-10 17:36:37','2012-01-01 18:53:21','2020-12-29 15:42:26'),(2,76,3,'1976-04-09 08:53:38','1994-08-07 09:51:29','1994-07-18 20:04:49','2020-12-29 15:42:26'),(5,83,1,'2006-12-09 06:56:59','2020-12-29 15:45:45','2005-03-26 23:50:06','2020-12-29 15:45:45'),(6,94,1,'1995-03-13 14:32:31','2020-12-29 15:45:45','1989-05-20 18:12:51','2020-12-29 15:45:45'),(8,24,2,'1983-02-11 17:35:28','2020-12-29 15:45:45','1995-05-29 18:02:08','2020-12-29 15:45:45'),(8,92,3,'2015-12-20 03:41:12','2020-12-29 15:45:45','1974-04-11 21:26:27','2020-12-29 15:45:45'),(9,99,1,'1993-07-07 06:47:02','1999-12-02 17:13:24','2008-09-21 09:58:50','2020-12-29 15:42:26'),(11,2,1,'1972-07-19 05:19:04','1989-04-02 12:33:14','1976-09-09 22:48:14','2020-12-29 15:42:26'),(11,34,2,'2002-02-08 16:42:51','2020-12-29 15:45:45','2003-05-11 15:59:01','2020-12-29 15:45:45'),(11,84,1,'2013-09-25 18:00:42','2015-07-06 23:39:36','1974-02-02 00:08:09','2020-12-29 15:42:26'),(12,30,1,'2009-03-09 06:31:09','2020-12-29 15:45:45','1983-10-19 19:53:37','2020-12-29 15:45:45'),(14,41,2,'1999-03-23 17:09:39','2020-12-29 15:45:45','1982-06-07 18:44:39','2020-12-29 15:45:45'),(14,62,1,'2013-11-26 20:27:14','2020-12-29 15:45:45','1997-12-14 07:21:00','2020-12-29 15:45:45'),(14,78,3,'1991-08-25 14:13:14','2020-12-29 15:45:45','1973-04-25 10:45:00','2020-12-29 15:45:45'),(15,56,3,'1995-11-30 06:53:00','1996-09-13 15:48:25','2010-12-15 00:50:21','2020-12-29 15:42:26'),(17,15,1,'1990-04-04 19:08:36','2012-02-10 20:56:40','2013-09-20 09:06:40','2020-12-29 15:42:26'),(17,34,3,'2012-06-05 19:44:33','2020-12-29 15:45:45','1992-01-20 04:21:05','2020-12-29 15:45:45'),(17,85,3,'1994-04-16 21:45:12','2020-12-29 15:45:45','2014-12-14 01:15:06','2020-12-29 15:45:45'),(17,90,3,'2010-10-18 01:32:53','2020-12-29 15:45:45','2006-10-15 02:49:55','2020-12-29 15:45:45'),(18,90,3,'1976-10-07 08:47:26','1990-09-29 00:23:37','2015-06-26 20:20:56','2020-12-29 15:42:26'),(21,66,2,'1972-09-18 10:42:09','2001-04-28 11:55:07','2002-11-02 16:42:07','2020-12-29 15:42:26'),(26,85,1,'1974-05-02 19:06:29','1997-06-05 12:14:40','1977-07-01 21:59:13','2020-12-29 15:42:26'),(28,90,1,'2001-04-01 17:22:16','2020-12-29 15:45:45','2001-12-05 07:00:36','2020-12-29 15:45:45'),(30,50,2,'1979-02-11 09:02:15','1983-03-27 18:33:35','1977-04-25 19:25:55','2020-12-29 15:42:26'),(33,12,2,'1970-03-30 17:20:52','1971-07-09 19:30:10','2008-11-08 13:36:44','2020-12-29 15:42:26'),(33,42,2,'1999-12-17 08:52:02','2020-12-29 15:45:45','1994-10-09 14:42:25','2020-12-29 15:45:45'),(33,96,3,'1985-01-27 20:12:29','2002-03-18 05:15:12','1970-10-02 14:57:12','2020-12-29 15:42:26'),(34,70,3,'2018-01-08 07:26:51','2020-12-29 15:45:45','1982-09-15 10:21:22','2020-12-29 15:45:45'),(35,1,2,'1982-12-04 08:38:02','1992-09-22 05:45:15','1976-08-25 13:20:06','2020-12-29 15:42:26'),(36,77,2,'2012-07-20 08:24:19','2013-03-07 18:35:02','1981-02-08 02:35:09','2020-12-29 15:42:26'),(37,93,2,'2001-04-14 08:39:16','2014-05-29 20:13:32','1972-03-06 17:39:53','2020-12-29 15:42:26'),(39,78,2,'2008-08-19 22:53:10','2020-12-29 15:45:45','2006-07-14 19:53:29','2020-12-29 15:45:45'),(40,34,3,'1970-12-13 22:24:15','1973-02-24 14:20:43','2005-08-08 09:04:48','2020-12-29 15:42:26'),(44,37,2,'2020-04-02 18:23:54','2020-12-29 15:45:45','2018-06-01 14:19:42','2020-12-29 15:45:45'),(44,65,3,'2011-09-15 22:00:44','2020-12-29 15:45:45','2017-11-09 06:18:21','2020-12-29 15:45:45'),(47,12,1,'1983-08-12 22:15:37','1989-01-15 01:30:58','1984-06-13 09:41:52','2020-12-29 15:42:26'),(47,23,3,'1993-09-12 15:18:24','2002-10-23 06:37:01','1970-06-24 06:19:10','2020-12-29 15:42:26'),(48,6,2,'1996-01-21 11:56:04','1996-07-26 15:51:42','2006-05-11 14:14:58','2020-12-29 15:42:26'),(49,33,1,'1973-09-09 12:39:44','2015-08-08 00:31:35','1996-01-22 14:27:11','2020-12-29 15:42:26'),(49,42,1,'1998-02-11 12:26:47','2010-11-06 18:21:07','1974-08-17 11:19:25','2020-12-29 15:42:26'),(49,65,3,'2007-01-01 09:52:09','2020-12-29 15:45:45','2017-08-11 11:57:15','2020-12-29 15:45:45'),(51,8,1,'1981-03-24 09:41:28','2020-12-29 15:45:45','2013-09-20 11:43:27','2020-12-29 15:45:45'),(51,17,3,'1992-05-24 08:56:11','1994-09-30 14:09:14','2017-11-18 01:56:11','2020-12-29 15:42:26'),(52,47,1,'1998-11-10 07:46:21','2003-01-23 10:29:04','2009-07-21 03:31:28','2020-12-29 15:42:26'),(52,71,1,'2019-02-20 04:18:33','2020-12-29 15:45:45','1984-06-19 17:29:50','2020-12-29 15:45:45'),(53,62,1,'1971-09-28 04:00:13','1998-10-30 12:50:50','1989-12-05 23:10:56','2020-12-29 15:42:26'),(53,88,3,'1991-04-18 07:38:01','2020-12-29 15:45:45','1986-01-20 17:03:15','2020-12-29 15:45:45'),(55,53,2,'1987-10-15 08:26:57','1992-05-02 02:59:45','2019-04-25 15:15:46','2020-12-29 15:42:26'),(56,3,1,'2001-02-11 19:25:01','2020-12-29 15:45:45','2000-05-29 09:09:59','2020-12-29 15:45:45'),(56,33,2,'1997-02-18 14:33:11','2020-12-29 15:45:45','2020-09-15 07:36:00','2020-12-29 15:45:45'),(57,13,1,'2018-05-11 02:41:24','2020-12-29 15:45:45','1990-10-07 03:57:28','2020-12-29 15:45:45'),(59,46,2,'1971-12-05 23:25:53','1991-10-10 16:42:26','1997-11-29 23:46:50','2020-12-29 15:42:26'),(60,63,1,'1995-03-17 15:08:40','2007-09-12 03:30:58','1999-08-02 14:42:28','2020-12-29 15:42:26'),(61,80,3,'2008-10-04 02:27:35','2020-12-29 15:45:45','1983-06-22 19:07:54','2020-12-29 15:45:45'),(62,77,1,'1987-09-09 10:23:12','2020-12-29 15:45:45','1997-11-25 05:49:22','2020-12-29 15:45:45'),(63,10,3,'1994-12-21 04:57:22','2020-12-29 15:45:45','1970-09-30 21:52:53','2020-12-29 15:45:45'),(63,49,2,'1970-06-08 23:28:10','2015-03-30 19:10:48','2005-03-18 21:58:11','2020-12-29 15:42:26'),(63,84,2,'1982-09-24 03:46:05','1993-06-14 20:01:10','2002-11-19 07:18:59','2020-12-29 15:42:26'),(64,48,1,'2017-07-29 03:35:41','2020-12-29 15:45:45','2019-07-15 11:51:02','2020-12-29 15:45:45'),(64,95,1,'1986-02-23 01:04:17','2020-12-29 15:45:45','2004-11-30 18:22:02','2020-12-29 15:45:45'),(65,2,1,'2018-11-25 19:17:58','2020-12-29 15:45:45','1976-01-16 22:27:50','2020-12-29 15:45:45'),(65,28,3,'2009-05-31 13:53:22','2020-12-29 15:45:45','1993-11-30 02:56:46','2020-12-29 15:45:45'),(66,33,2,'1978-12-19 08:13:08','1991-09-09 09:39:00','1973-09-29 01:43:26','2020-12-29 15:42:26'),(66,67,3,'2004-08-13 13:45:45','2006-04-01 15:43:11','2009-06-06 05:12:50','2020-12-29 15:42:26'),(68,41,2,'2014-11-06 01:42:08','2020-12-29 15:45:45','2010-03-14 11:43:41','2020-12-29 15:45:45'),(69,58,3,'2020-06-07 10:28:58','2020-12-29 15:45:45','1976-02-08 03:03:00','2020-12-29 15:45:45'),(70,18,3,'1987-12-15 23:25:52','1994-10-15 21:03:34','1975-08-06 12:30:43','2020-12-29 15:42:26'),(72,7,1,'2014-06-18 13:09:17','2020-12-29 15:45:45','1970-06-28 03:00:28','2020-12-29 15:45:45'),(72,34,1,'1985-03-07 23:34:14','2020-12-29 15:45:45','1975-06-18 23:13:53','2020-12-29 15:45:45'),(72,60,3,'2012-01-22 14:59:23','2012-12-05 16:02:52','1998-04-11 22:34:42','2020-12-29 15:42:26'),(74,1,2,'2009-02-15 00:18:09','2020-12-29 15:45:45','1999-07-17 09:05:57','2020-12-29 15:45:45'),(74,6,3,'2000-05-02 11:29:04','2020-12-29 15:45:45','2011-06-26 10:19:16','2020-12-29 15:45:45'),(75,83,3,'1983-12-10 16:18:17','2016-06-06 23:13:49','2012-01-03 23:01:07','2020-12-29 15:42:26'),(77,33,3,'1989-07-21 11:33:10','2020-12-29 15:45:45','1993-10-21 14:28:59','2020-12-29 15:45:45'),(78,48,1,'1991-09-09 11:57:49','1998-10-28 09:58:49','1983-08-04 15:34:19','2020-12-29 15:42:26'),(78,58,1,'1975-09-07 16:11:30','1981-02-06 21:32:23','1991-08-11 09:09:15','2020-12-29 15:42:26'),(78,73,2,'1977-07-01 00:11:24','2000-07-17 19:03:33','1975-12-31 03:05:22','2020-12-29 15:42:26'),(79,31,2,'2014-01-22 20:00:53','2020-12-29 15:45:45','2009-06-17 13:42:42','2020-12-29 15:45:45'),(80,90,2,'1986-11-12 13:13:41','1996-08-04 14:05:47','2005-08-31 16:41:04','2020-12-29 15:39:09'),(81,1,1,'1977-11-23 01:14:49','2020-12-29 15:45:45','2007-03-13 01:03:52','2020-12-29 15:45:45'),(82,22,3,'1983-10-09 20:06:07','2020-12-29 15:45:45','1983-11-07 00:09:58','2020-12-29 15:45:45'),(83,41,1,'1989-10-27 20:16:48','2007-08-05 03:02:11','2015-12-20 05:37:00','2020-12-29 15:42:26'),(84,40,1,'2007-08-07 19:28:15','2018-10-18 14:14:28','2004-11-17 18:54:50','2020-12-29 15:42:26'),(85,39,3,'1982-04-14 20:44:59','1985-05-19 16:56:56','2002-01-26 11:26:12','2020-12-29 15:42:26'),(85,73,3,'1996-10-26 15:57:36','1997-12-16 10:09:07','1970-12-09 05:24:57','2020-12-29 15:42:26'),(86,12,3,'1983-02-09 21:08:57','1984-03-15 22:33:35','1978-10-21 07:48:01','2020-12-29 15:42:26'),(87,88,3,'2001-11-09 01:43:25','2014-01-08 04:25:42','1991-09-15 10:09:56','2020-12-29 15:42:26'),(88,15,2,'2009-03-30 09:02:17','2012-11-15 10:31:58','1995-02-03 17:54:17','2020-12-29 15:42:26'),(91,17,3,'1980-03-11 02:02:02','2019-06-06 14:58:59','1979-06-17 07:53:37','2020-12-29 15:42:26'),(92,89,3,'2003-09-27 03:15:22','2020-12-29 15:45:45','2018-07-09 16:03:38','2020-12-29 15:45:45'),(94,72,3,'1982-11-16 05:18:50','2011-07-09 06:40:48','1976-05-15 18:07:04','2020-12-29 15:42:26'),(96,10,2,'1995-01-04 23:00:57','2020-12-29 15:45:45','1978-09-21 01:17:40','2020-12-29 15:45:45'),(96,79,1,'2020-11-30 10:19:20','2020-12-29 15:45:45','1975-07-29 11:58:43','2020-12-29 15:45:45'),(97,39,3,'1971-06-23 14:31:19','1997-03-03 07:48:15','1978-03-30 10:52:32','2020-12-29 15:42:26'),(98,22,1,'2016-12-20 13:30:53','2020-12-29 15:45:45','1983-08-01 07:24:39','2020-12-29 15:45:45'),(99,34,2,'1988-11-28 12:36:18','2020-12-29 15:45:45','1979-12-24 06:19:24','2020-12-29 15:45:45'),(99,91,1,'1970-02-24 22:21:50','2011-08-15 21:56:53','1975-04-15 20:35:09','2020-12-29 15:42:26'),(100,83,2,'2008-02-01 03:34:10','2020-12-29 15:45:45','2014-07-07 09:09:17','2020-12-29 15:45:45'),(100,88,3,'1995-05-29 20:28:56','2020-12-29 15:45:45','2011-07-10 20:26:42','2020-12-29 15:45:45');
/*!40000 ALTER TABLE `friendships` ENABLE KEYS */;
UNLOCK TABLES;

--
-- Table structure for table `likes`
--

DROP TABLE IF EXISTS `likes`;
/*!40101 SET @saved_cs_client     = @@character_set_client */;
/*!50503 SET character_set_client = utf8mb4 */;
CREATE TABLE `likes` (
  `id` int unsigned NOT NULL AUTO_INCREMENT COMMENT 'Идентификатор строки',
  `from_user_id` int unsigned NOT NULL COMMENT 'Ссылка на отправителя лайка',
  `to_user_id` int unsigned DEFAULT NULL COMMENT 'Ссылка на получателя лайка',
  `to_media_id` int unsigned DEFAULT NULL COMMENT 'Ссылка на медиафайл',
  `to_messages_id` int unsigned DEFAULT NULL COMMENT 'Ссылка на сообщение',
  `to_posts_id` int unsigned DEFAULT NULL COMMENT 'Ссылка на пост',
  `created_at` datetime DEFAULT CURRENT_TIMESTAMP COMMENT 'Время создания строки',
  `updated_at` datetime DEFAULT CURRENT_TIMESTAMP ON UPDATE CURRENT_TIMESTAMP COMMENT 'Время обновления строки',
  PRIMARY KEY (`id`)
) ENGINE=InnoDB AUTO_INCREMENT=101 DEFAULT CHARSET=utf8 COLLATE=utf8_unicode_ci COMMENT='Лайки';
/*!40101 SET character_set_client = @saved_cs_client */;

--
-- Dumping data for table `likes`
--

LOCK TABLES `likes` WRITE;
/*!40000 ALTER TABLE `likes` DISABLE KEYS */;
INSERT INTO `likes` VALUES (1,86,12,55,67,68,'1993-09-29 04:41:36','2020-12-29 16:06:45'),(2,98,57,39,92,43,'2002-02-05 13:51:44','2020-12-29 16:06:45'),(3,89,73,39,63,100,'2013-05-03 23:34:50','2020-12-29 16:06:45'),(4,96,61,11,53,31,'2018-10-29 14:08:42','2020-12-29 16:06:45'),(5,16,98,95,80,17,'1972-12-19 10:17:50','2020-12-29 16:06:45'),(6,40,5,44,69,14,'1977-03-13 13:39:52','2020-12-29 16:06:45'),(7,5,10,60,57,4,'1973-09-14 00:00:09','2020-12-29 16:06:45'),(8,36,47,50,36,31,'1978-02-04 05:09:01','2020-12-29 16:06:45'),(9,26,91,45,30,18,'1971-10-13 15:17:08','2020-12-29 16:06:45'),(10,76,8,97,30,60,'1981-10-18 01:24:15','2020-12-29 16:06:45'),(11,11,31,8,60,74,'2016-08-22 05:21:39','2020-12-29 16:06:45'),(12,22,16,90,28,70,'1999-06-14 12:24:46','2020-12-29 16:06:45'),(13,15,26,67,24,16,'1984-02-21 16:25:08','2020-12-29 16:06:45'),(14,83,38,10,99,66,'1983-04-20 04:56:08','2020-12-29 16:06:45'),(15,39,79,34,71,52,'1994-12-24 02:32:38','2020-12-29 16:06:45'),(16,80,62,46,74,33,'1986-10-03 15:28:01','2020-12-29 16:06:45'),(17,69,60,43,16,49,'1987-03-16 14:19:01','2020-12-29 16:06:45'),(18,94,86,96,34,79,'1980-01-04 12:01:43','2020-12-29 16:06:45'),(19,50,91,96,39,8,'1983-02-10 01:32:11','2020-12-29 16:06:45'),(20,4,46,21,81,41,'1985-01-25 03:07:35','2020-12-29 16:06:45'),(21,19,56,62,89,55,'2012-04-20 15:34:53','2020-12-29 16:06:45'),(22,22,43,10,83,87,'1993-02-18 02:06:46','2020-12-29 16:06:45'),(23,47,4,84,60,47,'1974-02-04 03:58:06','2020-12-29 16:06:45'),(24,81,93,54,28,77,'2017-05-20 09:10:42','2020-12-29 16:06:45'),(25,22,28,99,66,33,'2015-09-16 17:55:47','2020-12-29 16:06:45'),(26,76,97,64,20,8,'1975-07-26 22:49:45','2020-12-29 16:06:45'),(27,53,73,80,77,43,'1973-01-07 12:45:58','2020-12-29 16:06:45'),(28,8,20,83,87,85,'1986-08-31 22:47:59','2020-12-29 16:06:45'),(29,76,20,65,69,49,'2010-04-26 22:02:09','2020-12-29 16:06:45'),(30,69,86,38,41,93,'1982-01-16 21:59:19','2020-12-29 16:06:45'),(31,21,45,42,28,16,'1978-11-13 21:43:12','2020-12-29 16:06:45'),(32,64,86,94,22,26,'1978-10-09 12:41:37','2020-12-29 16:06:45'),(33,35,18,64,40,9,'1985-11-19 07:48:34','2020-12-29 16:06:45'),(34,86,73,26,99,19,'1970-02-23 06:55:32','2020-12-29 16:06:45'),(35,6,12,97,28,48,'1988-03-28 23:13:41','2020-12-29 16:06:45'),(36,40,63,55,31,91,'1999-12-01 17:46:02','2020-12-29 16:06:45'),(37,94,81,59,21,27,'1996-06-30 19:10:14','2020-12-29 16:06:45'),(38,21,65,73,85,4,'1986-06-23 17:51:35','2020-12-29 16:06:45'),(39,58,96,65,11,61,'1990-12-25 05:00:18','2020-12-29 16:06:45'),(40,7,48,72,77,67,'1998-09-08 03:40:11','2020-12-29 16:06:45'),(41,15,30,5,24,2,'1970-01-04 21:29:47','2020-12-29 16:06:45'),(42,6,40,41,95,52,'2015-08-20 19:56:11','2020-12-29 16:06:45'),(43,79,78,77,28,6,'2001-03-13 19:02:22','2020-12-29 16:06:45'),(44,50,16,49,24,73,'1999-01-01 07:52:24','2020-12-29 16:06:45'),(45,28,94,91,37,12,'1982-11-18 15:17:15','2020-12-29 16:06:45'),(46,82,31,49,6,85,'1995-09-27 08:06:23','2020-12-29 16:06:45'),(47,8,45,7,80,76,'1972-03-29 21:05:34','2020-12-29 16:06:45'),(48,100,67,41,78,64,'2017-09-12 09:38:38','2020-12-29 16:06:45'),(49,33,66,87,42,48,'1985-12-19 17:51:00','2020-12-29 16:06:45'),(50,27,37,15,28,98,'1979-04-09 16:26:42','2020-12-29 16:06:45'),(51,6,16,2,18,83,'2000-02-29 18:34:10','2020-12-29 16:06:45'),(52,63,67,60,50,70,'2010-12-01 03:51:06','2020-12-29 16:06:45'),(53,45,23,98,80,4,'1997-03-27 09:12:21','2020-12-29 16:06:45'),(54,80,32,83,100,51,'2014-09-26 20:09:40','2020-12-29 16:06:45'),(55,18,95,57,28,70,'1991-12-19 21:27:01','2020-12-29 16:06:45'),(56,19,10,65,15,81,'1981-10-08 12:05:57','2020-12-29 16:06:45'),(57,94,40,59,50,72,'2006-05-16 13:06:06','2020-12-29 16:06:45'),(58,15,54,9,28,13,'2002-10-03 18:04:57','2020-12-29 16:06:45'),(59,27,73,81,64,77,'1997-09-16 03:38:01','2020-12-29 16:06:45'),(60,82,90,93,34,92,'2011-08-27 04:18:26','2020-12-29 16:06:45'),(61,6,56,56,2,44,'1986-08-23 07:29:55','2020-12-29 16:06:45'),(62,64,53,11,22,78,'1988-09-12 09:49:22','2020-12-29 16:06:45'),(63,71,94,23,79,27,'1992-09-08 05:20:29','2020-12-29 16:06:45'),(64,59,13,95,96,92,'2007-10-31 19:57:23','2020-12-29 16:06:45'),(65,88,100,73,86,14,'1985-07-30 19:00:44','2020-12-29 16:06:45'),(66,36,80,9,3,87,'1996-01-02 18:17:09','2020-12-29 16:06:45'),(67,89,4,27,71,75,'2002-10-08 20:46:41','2020-12-29 16:06:45'),(68,54,56,62,84,35,'1989-02-05 11:54:09','2020-12-29 16:06:45'),(69,20,32,23,9,75,'2017-12-10 05:41:45','2020-12-29 16:06:45'),(70,96,87,48,15,31,'2017-03-29 20:54:01','2020-12-29 16:06:45'),(71,46,70,9,52,31,'2009-05-11 10:33:58','2020-12-29 16:06:45'),(72,10,41,97,94,80,'1979-09-11 00:51:47','2020-12-29 16:06:45'),(73,73,42,15,35,31,'1996-10-11 14:03:54','2020-12-29 16:06:45'),(74,88,17,47,42,67,'1984-06-06 17:37:00','2020-12-29 16:06:45'),(75,20,49,11,54,34,'2002-04-15 12:13:11','2020-12-29 16:06:45'),(76,82,64,7,32,38,'1980-02-19 17:40:00','2020-12-29 16:06:45'),(77,75,82,96,64,34,'1994-11-15 21:40:23','2020-12-29 16:06:45'),(78,83,69,76,76,51,'2004-01-16 09:16:53','2020-12-29 16:06:45'),(79,95,69,27,82,29,'1999-11-13 14:27:49','2020-12-29 16:06:45'),(80,59,88,99,7,38,'1980-11-14 06:32:19','2020-12-29 16:06:45'),(81,64,53,68,24,16,'2020-04-25 07:32:45','2020-12-29 16:06:45'),(82,72,2,8,89,24,'2004-04-27 15:02:41','2020-12-29 16:06:45'),(83,94,61,49,75,25,'1986-12-31 06:28:09','2020-12-29 16:06:45'),(84,23,31,3,37,76,'2011-01-09 00:43:59','2020-12-29 16:06:45'),(85,85,31,67,8,40,'1970-12-27 20:21:05','2020-12-29 16:06:45'),(86,2,13,73,44,100,'2015-12-30 05:00:47','2020-12-29 16:06:45'),(87,62,70,69,45,17,'1986-02-15 08:20:29','2020-12-29 16:06:45'),(88,63,5,51,100,50,'1988-02-09 18:08:51','2020-12-29 16:06:45'),(89,35,59,47,85,86,'2005-11-21 14:40:21','2020-12-29 16:06:45'),(90,90,74,72,4,3,'2001-01-30 07:35:19','2020-12-29 16:06:45'),(91,100,77,3,3,7,'2011-11-08 08:57:15','2020-12-29 16:06:45'),(92,86,98,24,1,31,'1997-03-22 03:10:04','2020-12-29 16:06:45'),(93,29,53,50,57,33,'1972-08-20 01:37:24','2020-12-29 16:06:45'),(94,76,20,95,74,85,'1971-02-23 05:23:16','2020-12-29 16:06:45'),(95,72,1,1,52,57,'1977-11-25 17:04:00','2020-12-29 16:06:45'),(96,86,28,27,66,46,'2015-09-22 12:24:57','2020-12-29 16:06:45'),(97,82,27,31,17,91,'1984-11-27 10:34:27','2020-12-29 16:06:45'),(98,87,52,5,52,42,'2008-06-19 21:03:47','2020-12-29 16:06:45'),(99,99,39,56,55,3,'1979-06-21 11:41:59','2020-12-29 16:06:45'),(100,97,70,51,46,76,'2018-01-17 19:19:46','2020-12-29 16:06:45');
/*!40000 ALTER TABLE `likes` ENABLE KEYS */;
UNLOCK TABLES;

--
-- Table structure for table `media`
--

DROP TABLE IF EXISTS `media`;
/*!40101 SET @saved_cs_client     = @@character_set_client */;
/*!50503 SET character_set_client = utf8mb4 */;
CREATE TABLE `media` (
  `id` int unsigned NOT NULL AUTO_INCREMENT COMMENT 'Идентификатор строки',
  `user_id` int unsigned NOT NULL COMMENT 'Ссылка на пользователя, который загрузил файл',
  `filename` varchar(255) CHARACTER SET utf8 COLLATE utf8_unicode_ci NOT NULL COMMENT 'Путь к файлу',
  `size` int NOT NULL COMMENT 'Размер файла',
  `metadata` json DEFAULT NULL,
  `media_type_id` int unsigned NOT NULL COMMENT 'Ссылка на тип контента',
  `created_at` datetime DEFAULT CURRENT_TIMESTAMP COMMENT 'Время создания строки',
  `updated_at` datetime DEFAULT CURRENT_TIMESTAMP ON UPDATE CURRENT_TIMESTAMP COMMENT 'Время обновления строки',
  PRIMARY KEY (`id`),
  CONSTRAINT `media_chk_1` CHECK (json_valid(`metadata`))
) ENGINE=InnoDB AUTO_INCREMENT=101 DEFAULT CHARSET=utf8 COLLATE=utf8_unicode_ci COMMENT='Медиафайлы';
/*!40101 SET character_set_client = @saved_cs_client */;

--
-- Dumping data for table `media`
--

LOCK TABLES `media` WRITE;
/*!40000 ALTER TABLE `media` DISABLE KEYS */;
INSERT INTO `media` VALUES (1,43,'https://box.net/vk/sintVolkman.png',507905252,'{\"owner\": \"Raheem Corwin\"}',3,'1972-09-10 07:48:51','2020-12-29 16:16:06'),(2,86,'https://box.net/vk/eaSipes.png',370478,'{\"owner\": \"Anissa Senger\"}',1,'2001-05-28 03:46:55','2020-12-29 16:16:06'),(3,2,'https://box.net/vk/estGutkowski.png',19119,'{\"owner\": \"Shayne Hahn\"}',3,'1974-01-02 22:32:17','2020-12-29 16:16:06'),(4,51,'https://box.net/vk/sitLindgren.png',78354150,'{\"owner\": \"Emery West\"}',1,'2006-06-25 16:03:37','2020-12-29 16:16:06'),(5,47,'https://box.net/vk/consequaturKuhn.avi',370504,'{\"owner\": \"Herminio Trantow\"}',3,'1985-05-19 05:12:04','2020-12-29 16:16:06'),(6,84,'https://box.net/vk/enimWillms.mpeg',547477,'{\"owner\": \"Koby Dare\"}',1,'2017-11-09 01:57:56','2020-12-29 16:16:06'),(7,76,'https://box.net/vk/corruptiMertz.avi',906321863,'{\"owner\": \"Presley Franecki\"}',2,'2010-06-26 01:49:24','2020-12-29 16:16:06'),(8,28,'https://box.net/vk/etTromp.png',951825,'{\"owner\": \"Jared Metz\"}',1,'2017-11-20 02:18:18','2020-12-29 16:16:06'),(9,14,'https://box.net/vk/maximeCummings.jpeg',74603623,'{\"owner\": \"Dee Pagac\"}',2,'2001-09-02 18:27:01','2020-12-29 16:16:06'),(10,82,'https://box.net/vk/voluptatemDietrich.jpeg',615952,'{\"owner\": \"Lilian Morissette\"}',3,'1981-08-17 14:08:18','2020-12-29 16:16:06'),(11,69,'https://box.net/vk/autMuller.png',427327,'{\"owner\": \"Danial Wunsch\"}',1,'1997-08-10 18:41:45','2020-12-29 16:16:06'),(12,100,'https://box.net/vk/iureOkuneva.avi',96628118,'{\"owner\": \"Brett Volkman\"}',3,'1999-05-11 11:49:57','2020-12-29 16:16:06'),(13,90,'https://box.net/vk/pariaturStoltenberg.mpeg',693243949,'{\"owner\": \"Stewart Reinger\"}',2,'2019-02-16 02:00:04','2020-12-29 16:16:06'),(14,49,'https://box.net/vk/estBins.jpeg',278779,'{\"owner\": \"Euna Klein\"}',2,'1971-10-24 02:54:56','2020-12-29 16:16:06'),(15,76,'https://box.net/vk/consecteturLangworth.avi',101915,'{\"owner\": \"Presley Franecki\"}',2,'1984-05-03 08:43:00','2020-12-29 16:16:06'),(16,33,'https://box.net/vk/impeditDuBuque.png',663238,'{\"owner\": \"Yasmine Barrows\"}',2,'1978-10-21 01:41:35','2020-12-29 16:16:06'),(17,37,'https://box.net/vk/repellatWillms.jpeg',4289407,'{\"owner\": \"Andres Nienow\"}',1,'1981-07-18 22:28:34','2020-12-29 16:16:06'),(18,83,'https://box.net/vk/hicKuhn.png',50604644,'{\"owner\": \"Stanford Luettgen\"}',3,'1984-06-07 23:17:18','2020-12-29 16:16:06'),(19,4,'https://box.net/vk/veritatisDuBuque.mpeg',1000444,'{\"owner\": \"Wyman Fahey\"}',1,'1971-01-27 13:46:33','2020-12-29 16:16:06'),(20,71,'https://box.net/vk/velBoyer.jpeg',368117402,'{\"owner\": \"Madge West\"}',3,'1975-07-22 22:44:57','2020-12-29 16:16:06'),(21,44,'https://box.net/vk/etSchinner.jpeg',55395013,'{\"owner\": \"Trystan Kshlerin\"}',3,'2004-01-25 21:09:12','2020-12-29 16:16:06'),(22,6,'https://box.net/vk/corruptiFarrell.mpeg',1002510,'{\"owner\": \"Maude Runte\"}',1,'1971-09-06 16:54:29','2020-12-29 16:16:06'),(23,99,'https://box.net/vk/fugaFranecki.png',1001217,'{\"owner\": \"Annabell Wilkinson\"}',1,'2007-05-14 22:14:19','2020-12-29 16:16:06'),(24,76,'https://box.net/vk/etNienow.mpeg',988554,'{\"owner\": \"Presley Franecki\"}',2,'1981-04-22 20:44:52','2020-12-29 16:16:06'),(25,82,'https://box.net/vk/nequeAbernathy.png',929120,'{\"owner\": \"Lilian Morissette\"}',2,'2015-07-17 14:52:29','2020-12-29 16:16:06'),(26,81,'https://box.net/vk/quiaToy.jpeg',669941,'{\"owner\": \"Ethan Willms\"}',3,'2012-12-27 14:39:22','2020-12-29 16:16:06'),(27,58,'https://box.net/vk/dolorHauck.avi',42376,'{\"owner\": \"Deshawn Toy\"}',1,'1985-08-07 01:26:40','2020-12-29 16:16:06'),(28,47,'https://box.net/vk/inJaskolski.jpeg',552342,'{\"owner\": \"Herminio Trantow\"}',1,'1989-10-15 15:12:16','2020-12-29 16:16:06'),(29,60,'https://box.net/vk/aliquidOrn.jpeg',741891,'{\"owner\": \"Mona Bashirian\"}',3,'2002-08-17 10:07:59','2020-12-29 16:16:06'),(30,57,'https://box.net/vk/consequaturHilll.jpeg',42427,'{\"owner\": \"Andres Jones\"}',3,'1997-06-07 21:32:01','2020-12-29 16:16:06'),(31,8,'https://box.net/vk/autGutkowski.mpeg',90618,'{\"owner\": \"Edgar Gutkowski\"}',3,'1992-07-02 10:16:44','2020-12-29 16:16:06'),(32,66,'https://box.net/vk/etDaniel.mpeg',32988,'{\"owner\": \"Ephraim DuBuque\"}',3,'2004-03-25 22:00:19','2020-12-29 16:16:06'),(33,6,'https://box.net/vk/deseruntTromp.mpeg',976463,'{\"owner\": \"Maude Runte\"}',3,'1983-03-22 11:39:02','2020-12-29 16:16:06'),(34,34,'https://box.net/vk/iureMuller.jpeg',95882879,'{\"owner\": \"Melyna Orn\"}',3,'1986-03-03 23:13:05','2020-12-29 16:16:06'),(35,48,'https://box.net/vk/sitHomenick.avi',29053366,'{\"owner\": \"Marlin Tromp\"}',2,'1971-02-18 18:54:12','2020-12-29 16:16:06'),(36,38,'https://box.net/vk/etKuhn.avi',745036,'{\"owner\": \"Myrtice Lakin\"}',1,'1987-01-13 12:08:06','2020-12-29 16:16:06'),(37,48,'https://box.net/vk/illumGutkowski.mpeg',3476,'{\"owner\": \"Marlin Tromp\"}',3,'2014-01-16 20:18:00','2020-12-29 16:16:06'),(38,24,'https://box.net/vk/debitisMurazik.png',2424775,'{\"owner\": \"Rosemary Pacocha\"}',2,'1999-10-12 12:03:45','2020-12-29 16:16:06'),(39,75,'https://box.net/vk/consequaturTrantow.jpeg',454729497,'{\"owner\": \"Twila Abernathy\"}',2,'2002-02-19 00:45:34','2020-12-29 16:16:06'),(40,4,'https://box.net/vk/estSchmeler.mpeg',153084662,'{\"owner\": \"Wyman Fahey\"}',1,'1983-07-08 04:11:52','2020-12-29 16:16:06'),(41,95,'https://box.net/vk/consequaturTurcotte.png',81669,'{\"owner\": \"Susana Schmeler\"}',2,'1987-08-16 05:21:45','2020-12-29 16:16:06'),(42,64,'https://box.net/vk/nostrumReinger.avi',785789,'{\"owner\": \"Alycia Wisozk\"}',2,'1993-04-27 05:32:37','2020-12-29 16:16:06'),(43,31,'https://box.net/vk/doloresTromp.avi',9013,'{\"owner\": \"Jammie Bins\"}',3,'1980-05-15 22:50:01','2020-12-29 16:16:06'),(44,63,'https://box.net/vk/expeditaSipes.avi',72725,'{\"owner\": \"Brandyn Homenick\"}',1,'1989-11-19 01:05:22','2020-12-29 16:16:06'),(45,24,'https://box.net/vk/etLuettgen.avi',66254,'{\"owner\": \"Rosemary Pacocha\"}',3,'1990-11-05 19:06:15','2020-12-29 16:16:06'),(46,29,'https://box.net/vk/suscipitDietrich.mpeg',683839,'{\"owner\": \"Olen Schinner\"}',1,'1974-12-28 12:21:17','2020-12-29 16:16:06'),(47,73,'https://box.net/vk/vitaeCummings.jpeg',5675,'{\"owner\": \"Bridgette Kuhic\"}',1,'1975-07-14 21:59:48','2020-12-29 16:16:06'),(48,76,'https://box.net/vk/suntFranecki.jpeg',51827,'{\"owner\": \"Presley Franecki\"}',2,'1998-04-22 05:33:10','2020-12-29 16:16:06'),(49,63,'https://box.net/vk/sitGutkowski.jpeg',197619,'{\"owner\": \"Brandyn Homenick\"}',2,'2019-01-28 17:22:39','2020-12-29 16:16:06'),(50,85,'https://box.net/vk/autBashirian.mpeg',822613,'{\"owner\": \"Albertha Beatty\"}',3,'1989-01-10 16:24:04','2020-12-29 16:16:06'),(51,35,'https://box.net/vk/omnisGutkowski.png',510210,'{\"owner\": \"Emelia Roberts\"}',3,'2009-03-30 13:19:09','2020-12-29 16:16:06'),(52,19,'https://box.net/vk/aliasMaggio.mpeg',544746528,'{\"owner\": \"Leonie Champlin\"}',2,'2018-06-24 05:29:33','2020-12-29 16:16:06'),(53,89,'https://box.net/vk/quisReinger.avi',4179946,'{\"owner\": \"Dayana Orn\"}',2,'2008-05-10 21:01:09','2020-12-29 16:16:06'),(54,89,'https://box.net/vk/estOrn.avi',5646756,'{\"owner\": \"Dayana Orn\"}',1,'2006-08-25 18:52:00','2020-12-29 16:16:06'),(55,79,'https://box.net/vk/quosSipes.avi',73212,'{\"owner\": \"Barney Lesch\"}',1,'2015-02-08 22:45:26','2020-12-29 16:16:06'),(56,25,'https://box.net/vk/commodiMurazik.mpeg',47621,'{\"owner\": \"Sarai Sipes\"}',1,'2019-12-24 02:29:04','2020-12-29 16:16:06'),(57,89,'https://box.net/vk/explicaboWest.avi',7459178,'{\"owner\": \"Dayana Orn\"}',2,'2017-05-20 03:34:04','2020-12-29 16:16:06'),(58,70,'https://box.net/vk/facilisRunte.jpeg',825428,'{\"owner\": \"Marjory Streich\"}',2,'1974-06-28 07:35:12','2020-12-29 16:16:06'),(59,82,'https://box.net/vk/autWest.jpeg',897508,'{\"owner\": \"Lilian Morissette\"}',2,'1987-04-29 07:01:17','2020-12-29 16:16:06'),(60,99,'https://box.net/vk/providentO\'Keefe.mpeg',767382,'{\"owner\": \"Annabell Wilkinson\"}',1,'2016-03-25 13:05:25','2020-12-29 16:16:06'),(61,48,'https://box.net/vk/distinctioWiza.png',81139601,'{\"owner\": \"Marlin Tromp\"}',1,'1983-03-27 06:53:40','2020-12-29 16:16:06'),(62,41,'https://box.net/vk/iureFranecki.png',1001254,'{\"owner\": \"Keeley Stoltenberg\"}',2,'2018-11-18 06:34:21','2020-12-29 16:16:06'),(63,62,'https://box.net/vk/voluptatemCummings.jpeg',5834,'{\"owner\": \"Iliana Shanahan\"}',3,'2020-04-23 12:25:02','2020-12-29 16:16:06'),(64,88,'https://box.net/vk/voluptatibusBechtelar.mpeg',303746,'{\"owner\": \"Jovany Wyman\"}',3,'2016-12-05 17:42:44','2020-12-29 16:16:06'),(65,54,'https://box.net/vk/facereHirthe.png',2846007,'{\"owner\": \"Geovany Skiles\"}',1,'2002-03-15 10:37:41','2020-12-29 16:16:06'),(66,3,'https://box.net/vk/doloremqueDaniel.mpeg',88013448,'{\"owner\": \"Zackery Luettgen\"}',1,'2016-07-23 17:06:04','2020-12-29 16:16:06'),(67,53,'https://box.net/vk/cumquePacocha.mpeg',512414,'{\"owner\": \"Josiane Maggio\"}',3,'1993-08-25 08:56:54','2020-12-29 16:16:06'),(68,56,'https://box.net/vk/laborumWisozk.avi',504970,'{\"owner\": \"Raphael Wiza\"}',3,'2004-04-14 22:38:16','2020-12-29 16:16:06'),(69,22,'https://box.net/vk/omnisTrantow.jpeg',137591,'{\"owner\": \"Margret O\'Hara\"}',3,'2006-02-20 21:13:03','2020-12-29 16:16:06'),(70,39,'https://box.net/vk/nequeWunsch.mpeg',7515006,'{\"owner\": \"Anabel Mertz\"}',1,'1990-02-25 20:43:33','2020-12-29 16:16:06'),(71,30,'https://box.net/vk/quiaDietrich.mpeg',603613,'{\"owner\": \"Jordy Rempel\"}',2,'1977-12-23 02:58:41','2020-12-29 16:16:06'),(72,34,'https://box.net/vk/fugitBeatty.png',2784629,'{\"owner\": \"Melyna Orn\"}',2,'2005-05-14 04:02:30','2020-12-29 16:16:06'),(73,79,'https://box.net/vk/quisquamBarrows.png',493153,'{\"owner\": \"Barney Lesch\"}',1,'2018-08-12 20:45:52','2020-12-29 16:16:06'),(74,90,'https://box.net/vk/sedBins.mpeg',780881,'{\"owner\": \"Stewart Reinger\"}',2,'1982-08-15 14:02:57','2020-12-29 16:16:06'),(75,14,'https://box.net/vk/doloresBeatty.mpeg',25865626,'{\"owner\": \"Dee Pagac\"}',2,'1984-12-07 22:47:26','2020-12-29 16:16:06'),(76,1,'https://box.net/vk/fugiatHahn.jpeg',644928,'{\"owner\": \"Wendell Crooks\"}',1,'2004-07-15 00:03:48','2020-12-29 16:16:06'),(77,63,'https://box.net/vk/quasLindgren.avi',484455,'{\"owner\": \"Brandyn Homenick\"}',3,'1989-02-10 10:53:45','2020-12-29 16:16:06'),(78,12,'https://box.net/vk/dictaCrooks.avi',92460762,'{\"owner\": \"Angus Hartmann\"}',3,'2004-10-14 23:19:52','2020-12-29 16:16:06'),(79,69,'https://box.net/vk/nonFarrell.png',4138,'{\"owner\": \"Danial Wunsch\"}',3,'1982-06-12 02:18:27','2020-12-29 16:16:06'),(80,9,'https://box.net/vk/quiaDare.avi',3496,'{\"owner\": \"Danielle Spencer\"}',3,'1990-10-29 23:46:39','2020-12-29 16:16:06'),(81,35,'https://box.net/vk/voluptatemLangworth.jpeg',16876272,'{\"owner\": \"Emelia Roberts\"}',2,'2010-01-31 01:32:20','2020-12-29 16:16:06'),(82,51,'https://box.net/vk/omnisStreich.avi',68725051,'{\"owner\": \"Emery West\"}',3,'1982-05-25 18:40:32','2020-12-29 16:16:06'),(83,48,'https://box.net/vk/cupiditateAbernathy.png',4930,'{\"owner\": \"Marlin Tromp\"}',3,'2001-08-03 21:33:05','2020-12-29 16:16:06'),(84,86,'https://box.net/vk/consecteturMorissette.png',40869,'{\"owner\": \"Anissa Senger\"}',3,'2005-11-12 05:25:35','2020-12-29 16:16:06'),(85,85,'https://box.net/vk/consequaturSkiles.jpeg',24427790,'{\"owner\": \"Albertha Beatty\"}',1,'1980-01-24 08:25:33','2020-12-29 16:16:06'),(86,68,'https://box.net/vk/officiaHirthe.mpeg',735180,'{\"owner\": \"Valerie Willms\"}',1,'1990-08-18 05:06:23','2020-12-29 16:16:06'),(87,84,'https://box.net/vk/ipsamRoberts.avi',731118,'{\"owner\": \"Koby Dare\"}',1,'2012-09-18 01:26:10','2020-12-29 16:16:06'),(88,15,'https://box.net/vk/molestiaeO\'Keefe.jpeg',41284042,'{\"owner\": \"Reba Dooley\"}',3,'1999-05-02 10:42:45','2020-12-29 16:16:06'),(89,25,'https://box.net/vk/velFranecki.mpeg',102538,'{\"owner\": \"Sarai Sipes\"}',3,'2017-05-13 10:35:40','2020-12-29 16:16:06'),(90,77,'https://box.net/vk/utFahey.png',562468013,'{\"owner\": \"Gussie Green\"}',1,'1993-12-08 09:19:58','2020-12-29 16:16:06'),(91,11,'https://box.net/vk/sedWiza.mpeg',9289,'{\"owner\": \"Cortney Feil\"}',2,'2012-12-17 20:54:11','2020-12-29 16:16:06'),(92,22,'https://box.net/vk/consequaturGrady.jpeg',5683741,'{\"owner\": \"Margret O\'Hara\"}',2,'1991-07-11 08:30:20','2020-12-29 16:16:06'),(93,76,'https://box.net/vk/placeatAbernathy.png',18884,'{\"owner\": \"Presley Franecki\"}',2,'1983-12-31 02:37:26','2020-12-29 16:16:06'),(94,14,'https://box.net/vk/esseBeatty.avi',682862624,'{\"owner\": \"Dee Pagac\"}',1,'1991-05-02 17:42:27','2020-12-29 16:16:06'),(95,43,'https://box.net/vk/sitEbert.jpeg',21783,'{\"owner\": \"Raheem Corwin\"}',1,'1980-07-19 00:58:14','2020-12-29 16:16:06'),(96,70,'https://box.net/vk/quaeHomenick.png',440051,'{\"owner\": \"Marjory Streich\"}',2,'2003-01-03 08:45:26','2020-12-29 16:16:06'),(97,23,'https://box.net/vk/totamNienow.avi',79158940,'{\"owner\": \"Candice Robel\"}',1,'1993-09-25 04:02:25','2020-12-29 16:16:06'),(98,2,'https://box.net/vk/estReinger.mpeg',996900,'{\"owner\": \"Shayne Hahn\"}',2,'2014-06-14 10:49:22','2020-12-29 16:16:06'),(99,42,'https://box.net/vk/voluptatemWest.avi',18605,'{\"owner\": \"Kaycee Cummings\"}',2,'2012-11-13 18:20:24','2020-12-29 16:16:06'),(100,3,'https://box.net/vk/velGutkowski.mpeg',18355561,'{\"owner\": \"Zackery Luettgen\"}',2,'2006-01-14 05:43:21','2020-12-29 16:16:06');
/*!40000 ALTER TABLE `media` ENABLE KEYS */;
UNLOCK TABLES;

--
-- Table structure for table `media_types`
--

DROP TABLE IF EXISTS `media_types`;
/*!40101 SET @saved_cs_client     = @@character_set_client */;
/*!50503 SET character_set_client = utf8mb4 */;
CREATE TABLE `media_types` (
  `id` int unsigned NOT NULL AUTO_INCREMENT COMMENT 'Идентификатор строки',
  `name` varchar(255) CHARACTER SET utf8 COLLATE utf8_unicode_ci NOT NULL COMMENT 'Название типа',
  `created_at` datetime DEFAULT CURRENT_TIMESTAMP COMMENT 'Время создания строки',
  `updated_at` datetime DEFAULT CURRENT_TIMESTAMP ON UPDATE CURRENT_TIMESTAMP COMMENT 'Время обновления строки',
  PRIMARY KEY (`id`),
  UNIQUE KEY `name` (`name`)
) ENGINE=InnoDB AUTO_INCREMENT=4 DEFAULT CHARSET=utf8 COLLATE=utf8_unicode_ci COMMENT='Типы медиафайлов';
/*!40101 SET character_set_client = @saved_cs_client */;

--
-- Dumping data for table `media_types`
--

LOCK TABLES `media_types` WRITE;
/*!40000 ALTER TABLE `media_types` DISABLE KEYS */;
INSERT INTO `media_types` VALUES (1,'photo','2020-12-29 16:26:03','2020-12-29 16:26:03'),(2,'video','2020-12-29 16:26:03','2020-12-29 16:26:03'),(3,'audio','2020-12-29 16:26:03','2020-12-29 16:26:03');
/*!40000 ALTER TABLE `media_types` ENABLE KEYS */;
UNLOCK TABLES;

--
-- Table structure for table `messages`
--

DROP TABLE IF EXISTS `messages`;
/*!40101 SET @saved_cs_client     = @@character_set_client */;
/*!50503 SET character_set_client = utf8mb4 */;
CREATE TABLE `messages` (
  `id` int unsigned NOT NULL AUTO_INCREMENT COMMENT 'Идентификатор строки',
  `from_user_id` int unsigned NOT NULL COMMENT 'Ссылка на отправителя сообщения',
  `to_user_id` int unsigned NOT NULL COMMENT 'Ссылка на получателя сообщения',
  `body` text CHARACTER SET utf8 COLLATE utf8_unicode_ci NOT NULL COMMENT 'Текст сообщения',
  `is_important` tinyint(1) DEFAULT NULL COMMENT 'Признак важности',
  `is_delivered` tinyint(1) DEFAULT NULL COMMENT 'Признак доставки',
  `created_at` datetime DEFAULT CURRENT_TIMESTAMP COMMENT 'Время создания строки',
  `updated_at` datetime DEFAULT CURRENT_TIMESTAMP ON UPDATE CURRENT_TIMESTAMP COMMENT 'Время обновления строки',
  PRIMARY KEY (`id`)
) ENGINE=InnoDB AUTO_INCREMENT=101 DEFAULT CHARSET=utf8 COLLATE=utf8_unicode_ci COMMENT='Сообщения';
/*!40101 SET character_set_client = @saved_cs_client */;

--
-- Dumping data for table `messages`
--

LOCK TABLES `messages` WRITE;
/*!40000 ALTER TABLE `messages` DISABLE KEYS */;
INSERT INTO `messages` VALUES (1,65,27,'Velit esse libero ut ea aliquam id. Id sed enim autem provident laborum. Omnis similique at facilis delectus fugit delectus qui.',0,0,'1992-01-24 00:50:26','2020-12-29 16:56:34'),(2,38,8,'Enim nam neque aut unde deleniti maiores temporibus. Dolor eum magnam et recusandae quia qui sequi. Vel et delectus recusandae hic recusandae et consequuntur.',1,1,'1999-06-02 00:24:59','2020-12-29 16:56:34'),(3,28,13,'Dolor earum consequatur perspiciatis qui labore sed voluptatibus. Quae et placeat sequi a nostrum dolores. Quisquam distinctio incidunt et rerum. Suscipit dolor ullam itaque et.',0,0,'1990-02-23 07:27:09','2020-12-29 16:56:34'),(4,82,69,'Est ullam pariatur et modi libero incidunt. Vitae omnis hic laboriosam ut consequatur earum explicabo sed. Illo aspernatur nihil odit vero eum temporibus.',0,1,'1978-02-09 07:19:15','2020-12-29 16:56:34'),(5,98,84,'Ipsa aut tenetur excepturi et rerum rerum quia est. Reprehenderit aut sed quos fugiat similique totam. Praesentium optio dolore eum. Sit dolor et ea commodi sint ut minus.',0,0,'1979-02-07 13:51:04','2020-12-29 16:56:34'),(6,27,80,'Autem qui doloremque cupiditate voluptas voluptate sed. Architecto repudiandae qui corrupti. Debitis et alias aut reprehenderit. Molestiae voluptatem a sit est.',1,0,'1978-10-19 06:36:26','2020-12-29 16:56:34'),(7,21,65,'Aut corporis laborum voluptatibus porro suscipit natus voluptas. Consectetur sed doloribus inventore libero eaque amet. Consequatur magnam aliquid atque expedita laboriosam molestias. Magnam minus vero neque in quia voluptatem.',1,0,'2008-01-01 07:02:26','2020-12-29 16:56:34'),(8,61,11,'Aut harum occaecati quos modi. Unde mollitia quae suscipit adipisci sapiente.',0,0,'1987-04-21 12:59:22','2020-12-29 16:56:34'),(9,69,14,'Mollitia eos quia ea autem consequatur. Distinctio enim perferendis id repudiandae ratione velit. Hic non esse sed et. Omnis aspernatur accusamus sint quia a eius qui.',0,0,'1980-03-15 14:36:44','2020-12-29 16:56:34'),(10,63,70,'Molestias aperiam est molestias consequatur. Cumque ratione atque voluptatem.',0,0,'1988-12-28 19:02:01','2020-12-29 16:56:34'),(11,60,92,'Et quaerat velit voluptatum est quam accusantium qui in. Et ipsum quae omnis eligendi repellendus. Voluptatum aliquid eos et inventore distinctio minus aut. Itaque tenetur placeat error ducimus omnis asperiores aspernatur.',0,1,'1995-02-13 01:08:26','2020-12-29 16:56:34'),(12,80,22,'Eum ullam velit eum sint odit. Voluptatem deleniti repellendus id doloremque in. Rem aliquid omnis doloribus non totam nihil eius. Nihil dolores nemo doloremque harum qui rerum et quasi.',1,1,'1983-08-06 14:12:34','2020-12-29 16:56:34'),(13,71,89,'Iste laboriosam sequi eos sunt. Occaecati quia incidunt reiciendis nihil. Sapiente nulla rerum ea est enim quia. Sunt laborum alias maiores aut vel aut et et.',0,0,'2007-12-30 23:26:39','2020-12-29 16:56:34'),(14,32,90,'Reiciendis ut beatae ullam provident voluptatibus voluptatem enim. Quibusdam quo in nam fugiat. Delectus non rerum ut esse. Et repellat consequatur autem optio fuga cupiditate vel.',1,1,'2014-05-23 16:30:46','2020-12-29 16:56:34'),(15,56,7,'Veritatis expedita eos illo ut vero eaque. Voluptatem pariatur et autem. Dolores totam possimus eveniet dolore quas. Voluptatem dolores rerum necessitatibus omnis.',0,0,'2005-06-30 13:19:13','2020-12-29 16:56:34'),(16,68,19,'Ducimus et voluptate animi nisi autem saepe ab laborum. Ducimus est error deserunt dicta.',0,0,'2015-05-28 21:33:25','2020-12-29 16:56:34'),(17,90,92,'In voluptatem vitae veritatis sint. Doloribus velit eum est distinctio earum aspernatur et. Quos eum quia quisquam qui.',1,1,'2015-06-03 23:19:20','2020-12-29 16:56:34'),(18,88,66,'Perspiciatis vitae voluptatum iusto qui aut rem quo. Adipisci fuga ut et et. Velit quis est sunt.',1,0,'1978-01-06 10:25:43','2020-12-29 16:56:34'),(19,65,26,'Repellat saepe qui repellat nam totam aliquam vitae. Minus voluptatum a id. Laboriosam eum pariatur unde non ipsam error qui quod. Laborum ullam quos ullam molestiae voluptatem minus.',1,1,'1998-11-17 21:18:57','2020-12-29 16:56:34'),(20,33,86,'Fugiat dolorum dignissimos aut. Odit quia harum accusamus et repellat fugiat. Aspernatur nobis laborum ratione nihil sint.',0,1,'1975-11-13 12:08:38','2020-12-29 16:56:34'),(21,33,7,'Explicabo similique esse non et. Ut enim perspiciatis est excepturi dolore labore facilis. Quaerat aut maiores repellat aut incidunt corporis est.',0,1,'1976-08-01 11:25:27','2020-12-29 16:56:34'),(22,35,54,'Alias culpa ipsam aperiam dolores officia. Sed dolorem nihil saepe ipsum accusantium non. Quis itaque deleniti laboriosam mollitia repellendus eveniet enim. Omnis numquam odit unde. Similique est enim unde eligendi.',1,1,'2015-11-26 09:37:36','2020-12-29 16:56:34'),(23,64,58,'Sit quas et alias ad. Omnis perspiciatis enim eligendi eligendi. Totam in quaerat quaerat sit itaque. Quaerat magnam magni blanditiis vero blanditiis ea aut. Temporibus nihil sed repellat est.',1,1,'1987-06-02 00:53:09','2020-12-29 16:56:34'),(24,98,16,'Odio eligendi excepturi officiis non delectus quia quia. Possimus quam pariatur quia ducimus. Doloremque quisquam non doloribus quae temporibus in. Aut officia porro aliquam et temporibus dolor.',1,1,'1991-12-16 19:43:32','2020-12-29 16:56:34'),(25,85,77,'Dolorem sit ullam rerum et. Non qui omnis eos officiis. Quos dolorem ullam quia rem mollitia.',1,0,'1995-12-01 22:26:08','2020-12-29 16:56:34'),(26,28,10,'Rerum harum praesentium consequatur excepturi id aut. Necessitatibus alias nobis quaerat perferendis sunt. Cupiditate in nulla amet ut est possimus esse est. Modi et sit totam eos temporibus eum.',0,1,'2012-03-30 15:53:32','2020-12-29 16:56:34'),(27,64,91,'Qui eius et distinctio neque cupiditate fugiat aut. Delectus minima odit in consectetur quisquam error. Ut maiores provident impedit et voluptate asperiores laboriosam.',0,1,'2006-05-18 20:56:19','2020-12-29 16:56:34'),(28,60,27,'Fugiat sint in dolor dignissimos. Eum esse et vero occaecati quisquam. Quasi minus debitis consequatur repellat. Consequatur dignissimos accusantium voluptatem dicta.',0,0,'2001-02-02 15:52:35','2020-12-29 16:56:34'),(29,56,99,'Ut voluptatem maxime expedita eaque nihil sint velit. Labore recusandae consequuntur porro commodi voluptates non. Aliquid est eveniet sequi aut cum a aut. Corrupti voluptas facilis repellat dolore aut minima provident.',1,1,'2017-09-07 00:06:40','2020-12-29 16:56:34'),(30,24,25,'Illum sint accusantium consectetur. Dicta repellat excepturi voluptatem facilis vitae necessitatibus. Omnis aut nam enim. Omnis pariatur ipsam ut ea est mollitia corporis delectus.',1,1,'1974-03-06 21:22:09','2020-12-29 16:58:01'),(31,46,60,'Et porro eveniet voluptatum sunt et. Ut nisi ipsum fugiat. Odit ea natus voluptatem id ea molestias. Voluptatem atque quia reprehenderit et quidem.',1,1,'1990-12-31 08:31:13','2020-12-29 16:56:34'),(32,62,29,'Sequi autem ratione fugiat voluptas. Hic assumenda numquam rerum omnis.',1,0,'2009-03-02 02:20:37','2020-12-29 16:56:34'),(33,60,11,'Aliquam mollitia voluptatem odio fugit porro iure. Assumenda et deserunt dolorem ipsa ut nihil. Doloremque dolores praesentium repudiandae voluptas. Qui excepturi minima in facere aut.',0,1,'1984-08-01 00:03:39','2020-12-29 16:56:34'),(34,75,41,'Non molestiae sint numquam et fuga. Facilis nostrum aut vel enim. Rerum corporis eveniet provident culpa voluptates nemo. Quod placeat iste autem et vel ut unde.',0,1,'2000-07-22 07:48:01','2020-12-29 16:56:34'),(35,82,84,'Eaque quas quos quos et rerum fugit. Nisi nostrum praesentium eveniet laborum quia quasi error dignissimos. Qui debitis animi voluptatem voluptate dolore. Doloribus ex alias odit recusandae quia sint.',0,0,'1986-09-10 12:00:46','2020-12-29 16:56:34'),(36,73,11,'Cumque ut velit qui dolor quis repellendus. Et at esse magni a. Et sequi ab distinctio blanditiis.',1,0,'1992-01-14 13:36:13','2020-12-29 16:56:34'),(37,38,54,'Non commodi dolorem doloremque quia dolore dolor. Consectetur voluptate dicta voluptatem sint.',1,0,'1985-07-30 08:41:23','2020-12-29 16:56:34'),(38,58,26,'Optio laudantium perspiciatis vitae nihil qui maxime. Quia perspiciatis totam sint quasi ullam. Et vel dolorum similique quos.',1,1,'1991-02-08 20:33:13','2020-12-29 16:56:34'),(39,58,9,'Laboriosam quo ut veritatis cumque incidunt recusandae. Iste est quia nemo ad mollitia dolorem labore. Doloremque aspernatur ullam facilis unde sunt. Eveniet aliquam rerum maxime ut. Distinctio culpa perferendis sit maiores fugiat labore a.',1,1,'2010-12-24 00:23:47','2020-12-29 16:56:34'),(40,71,26,'Quis modi quis doloribus laudantium et. Perferendis beatae voluptatibus inventore odit. Voluptas est sit blanditiis temporibus quaerat. Nesciunt rerum facere rem unde itaque iure velit.',1,0,'2006-03-10 02:37:38','2020-12-29 16:56:34'),(41,19,17,'Est in sit eaque dolorem. Optio minima eum facilis laudantium voluptatem earum dolores. Fugit neque quia iure explicabo magni. Tempore enim quia et non voluptatem deleniti. Molestiae officia consequatur reprehenderit iure.',1,1,'2007-12-11 06:20:14','2020-12-29 16:56:34'),(42,25,76,'Iure aut enim eos quaerat vel fugiat enim. Iusto maiores hic pariatur dolores laudantium ratione aut in. Est dignissimos perferendis quas placeat possimus quaerat non.',1,0,'1999-04-23 18:51:14','2020-12-29 16:56:34'),(43,2,81,'At repellat odit alias voluptatem et. Et enim eos corporis voluptatem voluptatum. Commodi ea facere est et excepturi natus tempora. Reprehenderit libero temporibus accusamus enim qui deserunt doloribus.',1,0,'2017-07-02 23:02:28','2020-12-29 16:56:34'),(44,100,55,'Assumenda mollitia et nesciunt. Aspernatur sed qui dolor ipsum ipsa quae vero cum. Debitis aut saepe ipsam quibusdam totam.',1,1,'1974-01-11 23:16:01','2020-12-29 16:56:34'),(45,74,4,'Ratione inventore ea amet non odit. Eos enim ex et aperiam. Nisi libero sed dolorem. Sequi modi dolor doloremque aut exercitationem est voluptas qui.',0,0,'2009-10-26 13:56:53','2020-12-29 16:56:34'),(46,100,88,'Velit non rerum assumenda voluptatum quos eligendi. Sapiente velit molestiae voluptatem incidunt quod et dignissimos.',1,0,'1999-05-16 08:48:46','2020-12-29 16:56:34'),(47,37,20,'Corrupti qui hic placeat et sed porro et ut. Natus optio aliquam quasi vel illo quasi sit. Suscipit doloribus veritatis sint minima omnis recusandae libero. Ipsam magni et optio sint hic ipsam.',0,1,'2007-07-24 08:24:13','2020-12-29 16:56:34'),(48,89,86,'Tempore ut ut temporibus. Ut nostrum fuga fugit rerum ipsum perferendis facere. Ipsa non accusantium quisquam et qui. Ut quos qui esse vitae.',1,0,'1974-07-14 05:16:54','2020-12-29 16:56:34'),(49,64,58,'Fugit sint consequatur ut velit consequuntur. Non itaque impedit eum inventore.',0,0,'1972-05-19 22:05:49','2020-12-29 16:56:34'),(50,99,19,'Autem ipsum accusamus amet quos eius. Sit dicta illum in aut mollitia. Eum et praesentium nam fuga ipsum dolor. Accusantium illo eos sint.',1,0,'2005-06-12 04:32:10','2020-12-29 16:56:34'),(51,98,32,'Aut in quisquam velit et quibusdam voluptatem dicta fugit. Dolorum consectetur ea aut dolor sint dicta.',0,0,'1975-05-16 01:11:57','2020-12-29 16:56:34'),(52,64,25,'Id sit enim nesciunt sunt. Eius molestias et maiores enim molestiae temporibus. Repellendus architecto deleniti tempore commodi. Hic dolores quam illo odit est id quidem.',1,1,'2002-03-28 08:45:10','2020-12-29 16:56:34'),(53,33,91,'Tenetur et tempore vel at. Voluptate corporis enim dolor. Sunt eligendi reiciendis repudiandae et qui odit molestiae.',0,1,'1996-04-26 12:28:43','2020-12-29 16:56:34'),(54,55,1,'Impedit aut labore nobis asperiores. Molestias necessitatibus sint ullam vel ex. Repellendus in velit quia veritatis repellendus officiis. Placeat et sit vel labore laboriosam minima.',0,1,'2005-08-27 10:29:38','2020-12-29 16:56:34'),(55,40,98,'Sed libero dolorum aut totam velit dolorum. Rerum perspiciatis sint deleniti odit et. Molestiae pariatur aliquam ut iste eum odio velit.',1,0,'1999-03-25 09:11:43','2020-12-29 16:56:34'),(56,67,40,'Ad nulla natus soluta ipsum. Qui voluptatem voluptatem eaque ratione est quo aut. Et quia qui non quidem ex architecto. Quod id et animi qui.',1,0,'1991-05-02 05:48:10','2020-12-29 16:56:34'),(57,99,76,'Eligendi quia quas quia et provident inventore ad voluptas. Laborum aut quod dolores et sed autem. Quis quisquam neque libero tempora aut. Totam ex ad sint autem cumque. Suscipit in ipsum est facere deserunt iure.',0,0,'1997-05-08 02:03:37','2020-12-29 16:56:34'),(58,80,74,'Est et quia dolor incidunt reiciendis minima necessitatibus. Iusto sint et illum ut quas error sint. Sit dolorem omnis architecto accusamus iusto. Unde dolor omnis maiores fugiat velit reiciendis.',0,0,'2011-12-21 04:57:31','2020-12-29 16:56:34'),(59,27,13,'Quod quae sit tempore maxime minima odio. Omnis necessitatibus quaerat ullam dignissimos modi nesciunt. Modi libero velit voluptates voluptas ratione. Molestiae perspiciatis nisi harum maxime.',1,1,'1970-07-24 02:56:14','2020-12-29 16:56:34'),(60,83,77,'Praesentium qui similique rerum itaque doloribus quia voluptatem provident. Ducimus numquam est a quasi dolorem veniam iusto. Sed mollitia placeat esse natus ipsam. Qui error eum doloribus.',1,1,'2002-07-02 09:08:40','2020-12-29 16:56:34'),(61,35,45,'Non nostrum sunt laboriosam sequi blanditiis quisquam porro. Facilis distinctio perferendis voluptatem voluptate veniam iure iste. Voluptatem ducimus officia aspernatur autem exercitationem. Et iusto suscipit nihil nostrum asperiores.',0,0,'1994-08-04 01:30:01','2020-12-29 16:56:34'),(62,18,53,'Rerum vel illo velit aut. Rerum deserunt dicta et maiores dolores. Eos dolores neque sed quia veniam. Cum nihil aut qui beatae blanditiis eius et.',1,1,'1988-03-20 22:00:54','2020-12-29 16:56:34'),(63,13,4,'Modi accusamus est beatae sunt tempore totam architecto. Qui at praesentium occaecati similique est fugiat. Assumenda eos ut cumque earum.',1,0,'2019-05-19 02:35:23','2020-12-29 16:56:34'),(64,81,94,'Tempora est sed aut consequatur qui quia. Delectus eos et illo. Nesciunt repellendus illum in voluptas quis.',1,0,'2002-07-21 20:58:38','2020-12-29 16:56:34'),(65,27,49,'Aut corporis magni ut sapiente placeat quaerat dicta. Ea ut sequi beatae aliquid error quis rerum. Explicabo enim dolorem pariatur velit voluptatem in maiores. Exercitationem unde rerum saepe et.',0,0,'1974-04-09 04:26:37','2020-12-29 16:56:34'),(66,67,84,'Facere illum consequuntur asperiores nihil praesentium incidunt quos distinctio. Et vel cupiditate nostrum officiis. Exercitationem harum et dolorum et non nemo dolore. Blanditiis est ut in voluptates pariatur eveniet omnis.',0,1,'1983-12-14 11:32:25','2020-12-29 16:56:34'),(67,20,49,'Ea non repellat impedit molestiae. Sed est quis ullam aliquid dolorum dolores atque ipsa. Eaque omnis aut velit tenetur qui.',1,1,'2009-04-24 02:22:13','2020-12-29 16:56:34'),(68,85,76,'Rerum qui harum illo ducimus. Adipisci omnis consequuntur ipsum quo doloremque dolore. Atque ut libero et eius ex reiciendis dignissimos voluptatum. Enim soluta inventore minus et sed et.',0,1,'2012-07-19 12:21:14','2020-12-29 16:56:34'),(69,24,92,'Culpa accusamus occaecati commodi ea. Perspiciatis qui alias et nisi ut. Nam mollitia mollitia expedita quos.',0,1,'1984-04-23 00:47:47','2020-12-29 16:56:34'),(70,88,65,'Ut quo deleniti labore ipsum fugit qui. Nihil cumque fuga cum maxime repudiandae qui. Nemo reprehenderit est nisi.',1,0,'1989-01-27 11:37:48','2020-12-29 16:56:34'),(71,60,5,'Delectus laudantium autem doloremque rem repudiandae nostrum nostrum rerum. Nisi cupiditate est necessitatibus delectus. Dolorem magni eos sed officiis non.',0,0,'2017-07-02 12:21:18','2020-12-29 16:56:34'),(72,44,2,'Itaque voluptatem deserunt dicta molestiae. Consequatur quae cupiditate et atque nemo sint et. In autem ut quod alias assumenda. Consequatur vel fugit fugiat quam molestiae voluptate.',1,0,'2010-02-18 16:26:02','2020-12-29 16:56:34'),(73,80,94,'Quia fuga nisi sequi ut animi est. Vel ab sed velit dolorum rerum exercitationem. Consequatur molestias ullam iure consequatur velit. Fuga omnis a dolorem.',1,0,'2015-12-17 10:36:05','2020-12-29 16:56:34'),(74,28,59,'Magnam numquam odit et aut quo pariatur cum numquam. Dignissimos facilis vero quis deserunt. Consectetur aperiam et voluptas neque et provident in soluta. Maiores fugiat maiores quidem libero quam.',0,0,'1975-01-13 19:26:58','2020-12-29 16:56:34'),(75,10,74,'Cumque quo beatae quod repudiandae corporis laudantium laboriosam. Officia vel aspernatur sunt cumque suscipit magni. Qui voluptas ullam nisi. A aut dolore reprehenderit consectetur assumenda consequuntur.',0,1,'1981-05-10 20:28:53','2020-12-29 16:56:34'),(76,40,76,'Dolores in vitae quia eos impedit. Iusto dolore iure suscipit. Reprehenderit id odit voluptates fugiat laborum magnam. Consequatur occaecati a ea et debitis ut blanditiis. Qui omnis molestias quia nihil.',1,1,'1980-06-07 15:17:32','2020-12-29 16:56:34'),(77,58,65,'Explicabo cupiditate mollitia autem et in deserunt rerum eum. Illo modi reprehenderit qui et itaque. Temporibus animi ut sed placeat consequatur doloremque enim. Vero dolores et labore quos dolorum commodi.',1,1,'2015-03-12 01:49:35','2020-12-29 16:56:34'),(78,47,40,'Tempore cum dolores ipsum ut asperiores illo et. Quia sequi eum sed ex maxime et quo. Suscipit autem culpa soluta. Expedita magni qui dolorum labore inventore.',0,0,'1971-07-20 11:21:18','2020-12-29 16:56:34'),(79,58,72,'Rerum rem ex vel nulla. Voluptatem et quo recusandae eos sed quae. Ea quam ipsum animi aut non voluptatibus dolor hic. Temporibus ducimus illo incidunt qui qui.',1,0,'1976-06-29 11:10:11','2020-12-29 16:56:34'),(80,83,1,'Nam in rerum nulla aut et facilis eligendi. Quisquam aliquid cum aut reprehenderit earum porro reprehenderit. Iste occaecati ut ut dignissimos sed dolorum. Quis nulla repellat labore omnis repellat beatae laborum.',0,0,'2015-09-13 02:56:27','2020-12-29 16:56:34'),(81,57,78,'Molestiae et debitis ea enim perferendis tenetur nesciunt explicabo. Nemo ipsum sint et voluptatum voluptatibus qui. Non ab rem quas cumque consectetur et.',1,0,'1983-11-10 07:20:34','2020-12-29 16:56:34'),(82,18,55,'Est ipsum dolor tenetur eos cumque velit non. Tempora et qui quis officiis. Eos placeat et rem est omnis ad soluta.',0,1,'1971-01-29 22:06:30','2020-12-29 16:56:34'),(83,22,44,'Qui aut repudiandae quas. Aperiam commodi rerum et similique adipisci ab. Et et tempore doloremque occaecati. Qui aliquam reprehenderit aut assumenda aut.',1,0,'1983-08-17 11:45:45','2020-12-29 16:56:34'),(84,55,40,'Pariatur et saepe inventore labore veritatis molestiae accusamus ut. Nihil rerum quo nulla doloribus impedit nesciunt. Est enim ex fugit qui unde maiores natus quis. Dolores non saepe aliquid quos et modi est. Eveniet aut qui sed.',0,0,'2007-04-21 14:44:27','2020-12-29 16:56:34'),(85,36,60,'Sit qui ut autem incidunt. Mollitia perferendis sequi provident sit. Temporibus et vel minus quis. Corporis enim sit ut. Tempore non vitae numquam.',1,0,'2017-09-22 16:46:58','2020-12-29 16:56:34'),(86,91,76,'Vel consequatur deleniti et excepturi. Quia explicabo quia sint suscipit quae quo repudiandae id. Dolor facere omnis ex quibusdam ea libero et. Saepe beatae ratione non nihil.',0,1,'2003-03-06 12:00:18','2020-12-29 16:56:34'),(87,5,97,'Rerum quia earum suscipit saepe est tenetur enim. Maxime porro dolorem omnis placeat. Et dolores dolorum quis earum nisi laboriosam. In voluptatem debitis alias eos aut accusamus similique aut.',0,1,'1978-12-30 09:38:10','2020-12-29 16:56:34'),(88,70,59,'Eum ea ut ratione. Corporis in et officiis occaecati error. Ut nihil tempore officia vitae ut sed. Quo ea odit et eum fugit enim mollitia.',0,0,'2008-08-30 08:35:37','2020-12-29 16:56:34'),(89,85,45,'Voluptate fugiat iste et dolorum ab ut voluptatem. Illum pariatur aspernatur sequi. Provident inventore eum cupiditate voluptas iste quos vel.',0,1,'2004-12-12 20:13:04','2020-12-29 16:56:34'),(90,72,23,'Et qui aut consectetur dolorum rerum esse. At alias officia aut at totam sit voluptatem placeat. Illo soluta assumenda quia maxime. Sequi fuga quibusdam repudiandae dolorem et.',0,0,'2008-12-13 08:47:09','2020-12-29 16:56:34'),(91,97,18,'Assumenda iure quia dicta aliquid tenetur. Rerum maiores aut dolorum deleniti corporis. Non corporis et ipsum libero cumque.',0,1,'1982-03-07 04:22:31','2020-12-29 16:56:34'),(92,99,40,'Harum eos optio odio temporibus. Illum autem ullam qui amet dolorum accusantium explicabo ex. Omnis architecto ea et dolor fugit nostrum. Non qui ipsum id incidunt non sit voluptatum. Quidem nihil ullam at omnis iusto quia blanditiis.',0,0,'2015-01-21 21:32:01','2020-12-29 16:56:34'),(93,3,95,'Voluptas sit minus laudantium dolores quibusdam. Eaque repellendus voluptatibus magni nihil dolore natus nihil cumque. Placeat quia voluptas consectetur sed quia recusandae.',1,1,'1972-09-16 11:46:27','2020-12-29 16:56:34'),(94,66,44,'Itaque dicta rerum beatae facilis ut. Ut at modi qui et est. Et quis aut molestias odio voluptas. Quia esse quia omnis.',1,0,'1977-08-10 08:53:45','2020-12-29 16:56:34'),(95,23,80,'Explicabo quia ut maiores provident iste qui. Mollitia voluptatem esse est. Sed provident incidunt sit mollitia consequatur.',1,0,'1975-11-01 03:41:51','2020-12-29 16:56:34'),(96,31,16,'Inventore maiores sit praesentium ut. Voluptates debitis repellendus neque dolorum et. Quis qui repellendus mollitia officia nostrum voluptatem velit. Velit quaerat eligendi iusto labore ipsam.',1,0,'2009-01-12 15:30:44','2020-12-29 16:56:34'),(97,87,84,'Vel libero neque cum nulla earum quia ratione dolores. Nisi non labore vel dolores.',1,1,'2006-05-13 01:14:08','2020-12-29 16:56:34'),(98,62,54,'Similique occaecati cupiditate est hic aut. Cumque quibusdam odit et eos. Fuga voluptate expedita voluptas dolores. Similique aliquam architecto nulla eum eum at laudantium assumenda.',0,1,'1981-04-16 17:43:55','2020-12-29 16:56:34'),(99,84,60,'Optio in aut omnis et nesciunt. Sint omnis a ipsum adipisci. Repudiandae ullam quasi dicta ex ut mollitia dolores.',1,1,'2000-11-09 03:54:32','2020-12-29 16:56:34'),(100,46,51,'Voluptatem ducimus tenetur quae beatae aut. Praesentium laborum harum aliquid id. Dolorum veritatis commodi saepe facilis. Ut error saepe facilis autem aliquam aut.',0,0,'2009-11-12 06:49:54','2020-12-29 16:56:34');
/*!40000 ALTER TABLE `messages` ENABLE KEYS */;
UNLOCK TABLES;

--
-- Table structure for table `post_themes`
--

DROP TABLE IF EXISTS `post_themes`;
/*!40101 SET @saved_cs_client     = @@character_set_client */;
/*!50503 SET character_set_client = utf8mb4 */;
CREATE TABLE `post_themes` (
  `id` int unsigned NOT NULL AUTO_INCREMENT COMMENT 'Идентификатор строки',
  `themes` varchar(50) CHARACTER SET utf8 COLLATE utf8_unicode_ci DEFAULT NULL COMMENT 'Название темы',
  `created_at` datetime DEFAULT CURRENT_TIMESTAMP COMMENT 'Время создания строки',
  `updated_at` datetime DEFAULT CURRENT_TIMESTAMP ON UPDATE CURRENT_TIMESTAMP COMMENT 'Время обновления строки',
  PRIMARY KEY (`id`)
) ENGINE=InnoDB AUTO_INCREMENT=12 DEFAULT CHARSET=utf8 COLLATE=utf8_unicode_ci COMMENT='Тематика постов';
/*!40101 SET character_set_client = @saved_cs_client */;

--
-- Dumping data for table `post_themes`
--

LOCK TABLES `post_themes` WRITE;
/*!40000 ALTER TABLE `post_themes` DISABLE KEYS */;
INSERT INTO `post_themes` VALUES (1,'science','2020-12-29 17:26:34','2020-12-29 17:26:34'),(2,'art','2020-12-29 17:26:34','2020-12-29 17:26:34'),(3,'music','2020-12-29 17:26:34','2020-12-29 17:26:34'),(4,'style','2020-12-29 17:26:34','2020-12-29 17:26:34'),(5,'photo','2020-12-29 17:26:34','2020-12-29 17:26:34'),(6,'movie','2020-12-29 17:26:34','2020-12-29 17:26:34'),(7,'sport','2020-12-29 17:26:34','2020-12-29 17:26:34'),(8,'tourism','2020-12-29 17:26:34','2020-12-29 17:26:34'),(9,'IT','2020-12-29 17:26:34','2020-12-29 17:26:34'),(10,'humor','2020-12-29 17:26:34','2020-12-29 17:26:34'),(11,'games','2020-12-29 17:26:34','2020-12-29 17:26:34');
/*!40000 ALTER TABLE `post_themes` ENABLE KEYS */;
UNLOCK TABLES;

--
-- Table structure for table `posts`
--

DROP TABLE IF EXISTS `posts`;
/*!40101 SET @saved_cs_client     = @@character_set_client */;
/*!50503 SET character_set_client = utf8mb4 */;
CREATE TABLE `posts` (
  `id` int unsigned NOT NULL AUTO_INCREMENT COMMENT 'Идентификатор строки',
  `from_user_id` int unsigned NOT NULL COMMENT 'Ссылка на создателя поста',
  `body` text CHARACTER SET utf8 COLLATE utf8_unicode_ci NOT NULL COMMENT 'Текст поста',
  `is_visible` tinyint(1) DEFAULT NULL COMMENT 'Признак видимости поста',
  `is_shedule_message` tinyint(1) DEFAULT NULL COMMENT 'Отложенный пост',
  `shedule_message` datetime DEFAULT NULL COMMENT 'Время отложенного поста',
  `media_id` int unsigned DEFAULT NULL COMMENT 'Ссылка на медиафайл',
  `post_themes_id` int unsigned NOT NULL COMMENT 'Ссылка на темы поста',
  `mentioned_friend_nickname_id` int unsigned DEFAULT NULL COMMENT 'Ссылка на никнеймы друзей',
  `counter_likes` int unsigned DEFAULT NULL COMMENT 'Количество лайков',
  `created_at` datetime DEFAULT CURRENT_TIMESTAMP COMMENT 'Время создания строки',
  `updated_at` datetime DEFAULT CURRENT_TIMESTAMP ON UPDATE CURRENT_TIMESTAMP COMMENT 'Время обновления строки',
  PRIMARY KEY (`id`)
) ENGINE=InnoDB AUTO_INCREMENT=101 DEFAULT CHARSET=utf8 COLLATE=utf8_unicode_ci COMMENT='Посты пользователя';
/*!40101 SET character_set_client = @saved_cs_client */;

--
-- Dumping data for table `posts`
--

LOCK TABLES `posts` WRITE;
/*!40000 ALTER TABLE `posts` DISABLE KEYS */;
INSERT INTO `posts` VALUES (1,14,'Accusamus et maiores sunt nemo facere voluptas. Consequuntur soluta et modi omnis id quis. Voluptatem explicabo qui ut eius totam autem natus ducimus.',0,1,'1986-12-24 13:53:08',15,3,75,155,'1976-04-18 05:50:01','2020-12-29 17:38:52'),(2,20,'Est exercitationem soluta ut blanditiis saepe cupiditate velit consequuntur. Recusandae quo fuga totam fugiat assumenda. Sint ad eligendi qui tempora. Quae aut velit voluptas accusamus ut est praesentium in. Dolor nostrum ab aliquid ut aut odit.',1,0,NULL,83,1,91,4551,'1982-04-28 21:42:09','2020-12-29 17:38:52'),(3,54,'Et possimus fuga magnam vitae illum dolore. Voluptas quos sequi voluptatem inventore. Autem ab saepe et id id. Omnis dicta eveniet id iste magnam ad.',0,0,NULL,81,2,11,3305,'1999-10-25 17:16:15','2020-12-29 17:38:52'),(4,11,'Molestiae sunt repudiandae fuga ipsa ipsum. Porro nobis rerum sit saepe sed accusamus quas.',1,1,'2015-08-17 06:47:18',79,3,96,19,'2004-02-03 06:53:02','2020-12-29 17:38:52'),(5,93,'Voluptatibus earum pariatur dolorem perferendis. Consequatur ipsam temporibus earum dolores vel pariatur. Quam vel autem repellat neque voluptatum odit. Accusamus possimus voluptatem dolor.',0,1,'1970-09-25 04:27:05',14,8,92,8748,'2011-11-02 17:27:25','2020-12-29 17:38:52'),(6,32,'Omnis et explicabo veritatis fugiat optio provident. Quaerat omnis ea autem qui est quas. Ut est veniam et ab. Ipsum pariatur et deserunt cupiditate quos. Modi facere est nulla.',1,0,NULL,18,2,6,14008,'1976-02-15 16:54:40','2020-12-29 17:38:52'),(7,80,'Quis iste occaecati voluptas excepturi vero. Illo ad consectetur natus dolor eius tempora. Omnis molestiae eum sit. Autem quo numquam qui sit excepturi ex nulla.',0,1,'1986-02-14 04:29:47',51,8,5,1104,'2005-02-12 06:16:35','2020-12-29 17:38:52'),(8,4,'Nesciunt quo nihil voluptatem totam amet deserunt natus. Reiciendis et autem enim non. Qui quam nihil illo. Facilis quis est sed odit voluptatem qui et. Corporis eos unde occaecati praesentium porro aut.',0,0,NULL,25,1,33,9026,'2007-11-14 14:04:54','2020-12-29 17:38:52'),(9,81,'Porro nostrum quibusdam qui qui fugit dolorem exercitationem. Maiores et sequi voluptatem atque consequatur. Voluptate exercitationem nam accusantium sint doloribus.',1,1,'2007-12-24 02:26:30',3,4,48,6490,'1992-08-21 12:53:39','2020-12-29 17:38:52'),(10,89,'Quod assumenda et consequatur aliquid voluptatem. Et omnis numquam sunt blanditiis natus omnis quaerat. Nobis voluptatem nisi esse atque incidunt accusamus.',1,1,'2013-10-31 02:54:27',75,5,1,9819,'1972-08-04 21:32:43','2020-12-29 17:38:52'),(11,3,'Corporis esse nemo voluptatem aliquam nihil voluptas. Id voluptatem beatae atque rerum. Sint quidem placeat fuga velit corporis qui laboriosam.',0,1,'2015-12-18 17:05:56',28,5,13,6983,'1976-10-29 11:05:14','2020-12-29 17:38:52'),(12,49,'Error ut qui culpa nihil. Ad sunt molestiae officia. Minus ullam cupiditate quisquam non cumque dignissimos.',1,1,'1971-11-12 07:40:26',96,4,95,9715,'1996-11-28 00:05:59','2020-12-29 17:38:52'),(13,35,'Ut nihil et et culpa aut reiciendis. Ut numquam ex a et modi. Iste aspernatur voluptatem in qui et ipsa. Et aut tempora eius mollitia sunt.',0,1,'1972-01-16 16:22:12',41,1,13,6581,'2004-12-26 09:34:53','2020-12-29 17:38:52'),(14,28,'Labore qui placeat excepturi quo maiores aut quia. Suscipit sint architecto laudantium tenetur voluptas. Illum odit quisquam consequatur aut aut. Maiores vel natus atque laborum earum quos.',0,1,'2003-03-19 03:28:47',82,9,25,90,'1994-01-12 14:13:19','2020-12-29 17:38:52'),(15,35,'Aut est ut quia iste a et qui. Quidem aspernatur dignissimos rerum sint ipsam. Modi ut vel dolor nemo. Distinctio neque voluptas neque eaque vitae.',0,1,'1990-08-28 19:19:09',31,6,61,7737,'1994-10-23 04:21:27','2020-12-29 17:38:52'),(16,89,'Provident consequatur aut sapiente voluptatem quia ipsum. Sed dicta qui nostrum ut esse recusandae totam. Sit eos ab nulla sed dolorem maxime rem. Est aspernatur quisquam sed aut non.',1,0,NULL,77,3,5,6381,'2004-10-28 10:22:05','2020-12-29 17:38:52'),(17,38,'Est omnis quibusdam consequatur quas rem. Facere quia occaecati libero consequatur quia culpa. Voluptas perspiciatis non rerum porro et iusto velit. Enim corporis enim consequatur velit. Dolor nisi autem voluptatem quo.',0,0,NULL,100,8,44,1788,'2002-03-25 14:51:20','2020-12-29 17:38:52'),(18,26,'Commodi sunt consequuntur nulla sequi voluptatem qui nam. Nihil accusamus at dolor est. Et vel eum et fugit aliquid.',0,1,'1973-12-08 18:06:52',30,2,77,6242,'1976-05-19 07:24:29','2020-12-29 17:38:52'),(19,14,'Ut perspiciatis est dolores magni harum. Ut atque quia occaecati sit cum ipsum voluptatem assumenda. Nihil omnis ut ex et similique. Quaerat aut est sequi veritatis.',1,1,'1990-10-25 17:45:11',80,8,25,949,'2013-05-05 20:29:03','2020-12-29 17:38:52'),(20,92,'Voluptatibus consequatur nostrum voluptas ipsa. Impedit porro eos repudiandae repudiandae voluptas repellat. Consequatur dignissimos numquam vel iusto.',1,1,'1984-07-02 11:40:36',58,8,60,14903,'1986-04-18 16:52:32','2020-12-29 17:38:52'),(21,18,'Nostrum tenetur et qui accusantium et. Itaque cupiditate quas repellendus placeat. Quia asperiores eligendi dolorum et molestiae aut consequatur. Voluptatem eum porro voluptatum quod saepe modi doloribus ut.',1,0,NULL,19,11,9,9875,'1985-03-19 18:09:32','2020-12-29 17:38:52'),(22,11,'Iure sunt sunt dolore iste. Voluptas rem adipisci ullam eum perspiciatis pariatur. Officiis sed magni aut explicabo temporibus. Nemo dolores et ducimus sint rerum dolores in.',1,0,NULL,3,2,77,4867,'2010-06-30 05:14:57','2020-12-29 17:38:52'),(23,2,'Fugit ut alias autem. Est sunt qui a nostrum. Dolorum enim dolorem omnis.',0,0,NULL,32,7,17,14533,'1974-03-26 21:04:13','2020-12-29 17:38:52'),(24,78,'Officiis facere quo autem eius non ut. Iusto inventore vitae minima laudantium. Soluta ut perspiciatis dignissimos numquam eum pariatur. Vel dolor tempora harum facilis et est quam.',1,1,'2013-12-03 23:37:16',34,9,87,261,'2008-09-23 03:54:16','2020-12-29 17:38:52'),(25,82,'Nesciunt aut eveniet beatae aut sunt. Ullam molestiae inventore quibusdam et deserunt ut. Aut culpa est deleniti impedit nihil maiores accusantium dolor.',1,0,NULL,49,4,31,7106,'2014-07-15 13:01:21','2020-12-29 17:38:52'),(26,77,'Magni quo dolore velit repellat dignissimos sed. Expedita dolor voluptas veritatis nostrum ut. Laudantium ducimus provident corporis laborum maxime nulla maiores quia. Ipsum et eos et vero sunt amet repellendus. Ipsam repudiandae dolore accusantium neque quia et itaque.',0,0,NULL,46,10,94,1282,'1984-06-18 09:22:45','2020-12-29 17:38:52'),(27,39,'Et sunt modi reprehenderit vel quia molestiae. Sint est totam vero nihil sapiente recusandae. Minus blanditiis voluptatum enim quas mollitia est et laboriosam.',1,0,NULL,63,10,52,13853,'1977-12-17 16:19:12','2020-12-29 17:38:52'),(28,62,'Et deserunt et velit ipsam nostrum quis quisquam. Assumenda adipisci consequatur hic quisquam facilis rerum non.',1,1,'2005-10-27 18:35:43',9,8,96,12689,'2012-09-15 01:54:17','2020-12-29 17:38:52'),(29,91,'Quis voluptatem non architecto quaerat. Eos perspiciatis quae aut esse ea sequi. Consequatur eius fugiat reprehenderit illo corrupti non.',0,1,'1997-02-25 20:06:01',38,4,46,5136,'1986-10-13 06:45:01','2020-12-29 17:38:52'),(30,70,'Blanditiis et provident possimus autem aspernatur. Vero illum voluptates porro qui deserunt. Sed enim recusandae earum nisi qui nesciunt et.',0,1,'1989-08-12 02:07:07',35,8,40,13805,'1978-08-01 14:57:36','2020-12-29 17:38:52'),(31,78,'Sed voluptas ipsa unde consequatur. Magni magni deleniti quia sint. Eos et mollitia culpa eos corrupti fugit consectetur fugit. Dignissimos ipsam voluptatem iusto et.',1,1,'1980-10-28 16:13:34',42,4,38,13788,'1983-02-18 08:02:50','2020-12-29 17:38:52'),(32,79,'Totam aut qui ut harum eos. Suscipit eum sunt possimus delectus voluptates. Molestias soluta reprehenderit sit soluta est.',0,1,'2003-01-16 17:40:04',46,6,27,10905,'1990-05-13 10:03:40','2020-12-29 17:38:52'),(33,59,'Ab quaerat occaecati sunt rerum enim quia placeat. Ea aut impedit odio nisi tempora laboriosam. Nesciunt eos dicta velit ut dolor illum aliquid.',1,0,NULL,86,1,83,13613,'2006-07-16 22:00:45','2020-12-29 17:38:52'),(34,57,'Dolor praesentium nulla ut numquam soluta perspiciatis reprehenderit. Velit expedita reiciendis maiores natus et voluptatem facilis. Officia nesciunt optio voluptatem optio. Necessitatibus qui dolorum aperiam provident qui eos eveniet.',1,1,'1970-08-05 10:37:03',6,7,62,5781,'1970-09-05 18:25:18','2020-12-29 17:38:52'),(35,8,'Modi est sunt earum enim. Ut perferendis sint quas inventore aperiam iusto qui. Enim non corporis atque libero delectus non.',0,1,'1995-04-29 06:56:22',10,4,33,10154,'1992-01-24 17:44:12','2020-12-29 17:38:52'),(36,68,'Rerum rerum dolores atque est aliquid repudiandae animi explicabo. Ipsum reiciendis iure doloribus pariatur voluptates labore. Vitae voluptas voluptatum et possimus.',0,1,'1973-08-28 17:20:05',40,11,57,14386,'2015-11-02 05:50:04','2020-12-29 17:38:52'),(37,15,'Vero est et ut totam necessitatibus velit earum. Tempore provident tempora dolore veritatis harum odio. Tenetur dolor incidunt nisi amet. Expedita consequatur aut qui ab.',1,0,NULL,11,8,3,1711,'1979-05-07 16:39:43','2020-12-29 17:38:52'),(38,71,'Sunt aut sed quis repellat. Dicta dolore architecto officiis aperiam laboriosam adipisci natus. Quasi exercitationem a explicabo cumque dolore ab tempora. Sit voluptatem itaque at.',1,0,NULL,50,2,17,6591,'1991-05-24 16:09:20','2020-12-29 17:38:52'),(39,9,'Quia est fuga id sunt officia. Hic reprehenderit explicabo aspernatur repellat. At architecto ex incidunt.',0,0,NULL,70,2,81,6946,'1973-02-26 05:51:37','2020-12-29 17:38:52'),(40,33,'Est iusto repudiandae repellendus rerum. Dicta provident omnis in laboriosam.',0,0,NULL,92,2,16,3326,'2012-07-03 21:57:35','2020-12-29 17:38:52'),(41,38,'Magnam maxime dolorum dolorem pariatur dolor et explicabo. Officiis ad quod vitae odit maxime. Et nisi est magni nemo id.',1,1,'2013-04-20 04:04:35',66,7,7,7942,'1974-05-04 21:18:05','2020-12-29 17:38:52'),(42,90,'Est tempore ut minus error beatae quo neque vitae. Eos praesentium ullam tempora quod.',0,0,NULL,44,7,69,9461,'2017-07-25 03:22:54','2020-12-29 17:38:52'),(43,36,'Et aut ea eaque officia sit fugit. Debitis omnis id magnam quis sunt. Facere quia eius sed voluptatem suscipit.',1,0,NULL,10,7,65,6769,'2020-09-05 03:02:02','2020-12-29 17:38:52'),(44,9,'Repudiandae commodi velit id perferendis fugiat optio. Suscipit reprehenderit dolorem dolore aut. Consequatur dolorum rerum delectus quia quia accusantium enim suscipit.',0,0,NULL,34,4,53,10418,'1984-02-27 23:07:59','2020-12-29 17:38:52'),(45,35,'Accusantium nihil et nostrum beatae rem. Fugiat distinctio corporis placeat voluptate. Et et quia autem. Voluptate reiciendis velit iure ducimus expedita.',0,1,'2008-04-11 03:10:24',92,6,62,9771,'1977-12-10 20:30:08','2020-12-29 17:38:52'),(46,50,'Tempora velit id est dolorum. Sint quae possimus quo voluptatem in. Nihil ex a ut harum.',1,0,NULL,43,2,53,2538,'1982-01-09 23:03:21','2020-12-29 17:38:52'),(47,43,'Tempora iste vel consequuntur laborum et praesentium alias. Earum fugiat ullam quas a laudantium. Eveniet tenetur quod voluptatibus incidunt earum aspernatur molestias. Tempora et vero ut unde et nobis dolorum.',1,1,'1994-04-27 22:34:55',26,9,12,3914,'2018-05-08 10:20:46','2020-12-29 17:38:52'),(48,66,'Corporis consequatur est in ut cumque assumenda eveniet voluptatem. Sit placeat error odit. Numquam nihil minus aut eveniet consectetur vel delectus. Eum impedit ab quia dolores. Praesentium officiis perspiciatis reprehenderit magnam necessitatibus.',1,1,'1979-08-02 22:16:21',95,11,93,11797,'1989-02-18 16:38:05','2020-12-29 17:38:52'),(49,100,'Qui sunt porro aut cumque occaecati iure. Atque ut illo aspernatur voluptatem est fuga explicabo.',0,0,NULL,15,4,34,9083,'1983-04-16 15:30:35','2020-12-29 17:38:52'),(50,1,'At illo rerum doloremque iste. Explicabo sed enim ducimus voluptatem nesciunt. Aut sit omnis numquam itaque iure non asperiores.',1,0,NULL,4,4,61,14922,'1988-02-08 13:12:56','2020-12-29 17:38:52'),(51,6,'Natus dolor ipsam rerum ab omnis. Accusantium corrupti minus velit quia ipsum. Cum qui reiciendis delectus ut placeat.',0,0,NULL,17,10,74,2256,'1981-12-17 22:24:32','2020-12-29 17:38:52'),(52,25,'Facilis sunt impedit quod doloribus et nesciunt eos. Dolores expedita deleniti facilis adipisci. Eum occaecati rerum et. Quis deleniti unde labore fuga asperiores voluptas voluptas.',1,0,NULL,54,3,54,78,'2007-01-19 02:04:54','2020-12-29 17:38:52'),(53,8,'Veniam eum quaerat ullam dolorem ab et. Sed et consequatur omnis beatae nostrum eius. Excepturi sequi nihil dolor ut et voluptatem ut.',1,0,NULL,41,1,95,8975,'2000-03-22 17:25:13','2020-12-29 17:38:52'),(54,65,'Inventore architecto quia aut. Explicabo error velit voluptas nam recusandae. Eos dolores voluptatibus veritatis iure.',0,1,'1987-12-17 04:24:48',18,1,80,11990,'2015-02-09 12:18:31','2020-12-29 17:38:52'),(55,100,'Quo molestias culpa labore quia quis. Sapiente velit sit consequatur dolores voluptas quod libero optio. Ipsa laudantium pariatur sed temporibus occaecati ipsam. Et numquam vel recusandae doloremque qui quos.',1,1,'2007-12-21 10:33:42',61,7,32,10356,'1980-11-25 21:59:56','2020-12-29 17:38:52'),(56,4,'Ea id omnis reprehenderit qui autem. Totam eos numquam quaerat sint consequatur qui velit. Voluptatem temporibus voluptas dolores voluptas est.',1,0,NULL,52,6,91,847,'2011-01-30 07:52:21','2020-12-29 17:38:52'),(57,18,'Et velit totam commodi consectetur. Voluptates quasi sunt ad porro sit et. Voluptas ratione fuga commodi animi.',1,1,'1990-10-01 07:57:55',58,8,70,6446,'1993-05-22 19:46:21','2020-12-29 17:38:52'),(58,80,'Qui facilis dolores reiciendis nam aspernatur aut est. Corporis est et autem placeat. Nihil cupiditate dolorem voluptatum incidunt optio laborum. Et recusandae quia et cumque et minus maiores velit.',0,0,NULL,7,1,99,12300,'2016-02-11 13:29:15','2020-12-29 17:38:52'),(59,46,'Sequi accusantium cum enim omnis sint dolor. Officia rerum dolorem aut dolor quia odio beatae nulla. Minima id maxime saepe eos voluptatibus ut et enim. Et ut assumenda ut expedita blanditiis commodi est officiis.',0,0,NULL,15,3,85,6719,'1988-06-08 14:03:24','2020-12-29 17:38:52'),(60,89,'Sunt illo nulla cum sapiente. Voluptas voluptate consequatur eum distinctio ipsa hic dolorum. Nulla error similique in eius ratione. Sit ipsum pariatur nihil officia sint minima consectetur.',0,1,'1978-05-05 07:24:23',72,3,98,3158,'1993-06-30 13:19:27','2020-12-29 17:38:52'),(61,8,'Tempore optio non laboriosam ex et deserunt harum. Aliquid aliquam accusamus ut impedit a. Qui corrupti velit repudiandae. Iure facere nemo recusandae sit.',1,0,NULL,13,11,59,13978,'1991-07-09 00:43:04','2020-12-29 17:38:52'),(62,69,'Eos rem magnam vero qui qui aspernatur fugit. Non veritatis recusandae voluptas optio. Totam ut nemo voluptas rerum. Veniam illum vero eos rerum.',1,1,'1988-07-18 02:19:56',92,9,19,8359,'2003-08-13 11:06:19','2020-12-29 17:38:52'),(63,23,'Et cum ipsa necessitatibus molestiae. Aut consequatur aliquam at deleniti illum. Veritatis architecto fuga et odio laborum et.',0,0,NULL,24,6,84,9877,'1989-11-13 04:48:04','2020-12-29 17:38:52'),(64,8,'Cum et velit quasi vel. Ipsam sit expedita eos est. Nostrum sed fuga tempore distinctio quaerat temporibus ex.',1,1,'2013-06-01 23:33:01',79,11,30,10659,'1975-09-07 08:09:40','2020-12-29 17:38:52'),(65,70,'Molestiae similique vel suscipit rerum natus. Explicabo eligendi dolore sapiente. At ea reprehenderit quaerat.',0,0,NULL,66,2,77,5797,'1974-01-15 07:50:31','2020-12-29 17:38:52'),(66,26,'Velit labore eos velit enim. Vel dicta velit repellendus temporibus enim ea dolorem. Eius eius omnis reiciendis voluptatem totam pariatur aut totam. Officiis et iste similique molestiae nihil.',1,1,'2016-04-17 21:07:29',64,1,22,14724,'2016-05-01 11:30:38','2020-12-29 17:38:52'),(67,17,'Qui iure dicta neque adipisci officiis ea autem hic. Omnis quos saepe quam natus earum qui sed. Sint voluptatibus nihil rerum voluptatibus.',0,0,NULL,28,5,34,5700,'1990-02-21 00:13:56','2020-12-29 17:38:52'),(68,9,'Expedita sed et ratione atque asperiores. Occaecati laboriosam eum reprehenderit aut nobis sunt perferendis.',0,0,NULL,90,4,97,12445,'1995-11-21 22:58:55','2020-12-29 17:38:52'),(69,92,'Illum omnis explicabo dolore quis suscipit. Excepturi consequatur natus id nihil sit. Ea dolores ut eum repudiandae. Totam aut est cum voluptatem. Quae fuga rerum ducimus laborum dolor delectus.',1,0,NULL,26,9,24,11815,'1989-01-18 05:05:05','2020-12-29 17:38:52'),(70,35,'In enim velit repellat ut eaque laudantium. Dolores assumenda voluptatem et quod. Minima quasi modi provident sint. Nesciunt ab ullam voluptatem maxime autem accusantium.',0,0,NULL,23,9,4,14391,'2017-03-21 22:01:13','2020-12-29 17:38:52'),(71,96,'Aut autem sunt inventore impedit autem cum. Non voluptates et et libero laudantium. Molestiae quidem velit iure aliquid similique cumque. Et enim suscipit nihil cumque.',0,1,'1972-02-01 17:06:47',70,7,80,3954,'1995-06-12 02:51:12','2020-12-29 17:38:52'),(72,75,'Qui vitae tempore et sit ipsa eaque dolores ullam. Voluptatem blanditiis eum molestiae eum. Est quis dolorem nisi.',0,0,NULL,93,10,45,10318,'2018-08-18 13:42:18','2020-12-29 17:38:52'),(73,86,'Dolorem et qui libero et quia maxime voluptatem. Voluptas odio qui consequatur. Aliquam a occaecati omnis velit repellat dolorem. Quia ut sed tenetur non qui et. Neque magni ut atque ut.',0,1,'1987-01-30 04:13:53',11,6,100,8843,'1994-01-28 15:04:40','2020-12-29 17:38:52'),(74,3,'Sint aut enim sequi quo molestiae in repellendus quia. Reiciendis debitis vel in molestias rerum saepe eos. Impedit et eos nobis ipsa rem repudiandae perspiciatis. Ut aut consequatur expedita sequi ex quis.',0,1,'2017-08-15 21:55:30',97,1,33,7164,'2012-12-29 23:35:30','2020-12-29 17:38:52'),(75,59,'Magnam delectus modi error accusantium molestiae explicabo. Quae ut provident tenetur quia dolorem aut sed. Et consequatur et beatae. Et aut sint ipsa.',1,0,NULL,43,8,24,941,'2012-06-07 04:37:20','2020-12-29 17:38:52'),(76,87,'Voluptas tempora in magnam facilis necessitatibus. Necessitatibus totam ea assumenda qui non at voluptas. Nihil et tenetur vel eius laboriosam iusto quia. Neque vel adipisci ut consequuntur quis illo et voluptatum.',1,0,NULL,61,10,48,12164,'2005-06-06 22:59:33','2020-12-29 17:38:52'),(77,55,'Voluptates sint veniam sunt cumque accusamus. Repudiandae architecto ut libero ut laudantium ad voluptatem placeat. Quis labore asperiores iusto corporis rerum vel nobis.',0,1,'1974-08-04 10:43:36',62,8,41,880,'1972-03-29 12:11:23','2020-12-29 17:38:52'),(78,12,'Et rerum aut earum dolorem sit. Quae eveniet enim aperiam doloremque dolorum debitis facere consequatur.',1,0,NULL,9,3,5,6526,'2016-03-21 12:13:16','2020-12-29 17:38:52'),(79,96,'Reiciendis quia dicta natus iusto molestiae quas delectus sed. Dolorem dolorem inventore eligendi consequuntur fugit architecto ut. Magnam saepe nihil cupiditate.',0,1,'1982-09-30 19:16:14',5,11,45,7107,'1998-04-29 17:24:42','2020-12-29 17:38:52'),(80,44,'Omnis voluptas et enim eius ipsa harum. Sunt ex eum neque quos dolorem repellendus rem. Qui tempora alias repellat consequatur iure quia et magnam. Officiis nemo suscipit adipisci dolores.',1,0,NULL,4,9,72,4029,'2000-07-28 05:08:58','2020-12-29 17:38:52'),(81,31,'Quod itaque incidunt mollitia et aut modi qui. Qui laudantium sit qui eveniet et. Maxime aut rem ullam. Facilis repellat temporibus placeat voluptas qui alias voluptas omnis.',0,0,NULL,21,3,48,11031,'1982-10-24 03:46:06','2020-12-29 17:38:52'),(82,23,'Aliquam dolorem voluptatem ipsam. Velit fugiat quo quae labore qui quibusdam repellendus. Itaque et mollitia quia doloribus quibusdam.',1,0,NULL,25,1,30,7073,'1984-06-05 03:53:12','2020-12-29 17:38:52'),(83,22,'Ratione voluptatem asperiores similique non praesentium voluptatum sit. Nobis distinctio et eos nesciunt. Aut qui qui velit.',0,1,'1995-03-18 13:48:11',47,11,19,2520,'2007-05-07 04:27:52','2020-12-29 17:38:52'),(84,41,'Repellendus quaerat aut ut repellendus. Vel voluptatum voluptas et illum in. Qui tempora minus consequatur odit facilis quo officia dolorum. Quos itaque voluptatem eveniet consequatur qui rerum vel id.',0,0,NULL,29,11,86,6304,'2012-12-19 10:29:14','2020-12-29 17:38:52'),(85,39,'Adipisci qui non totam molestias necessitatibus voluptas. Temporibus omnis ea sint at ad amet mollitia temporibus. Placeat quibusdam rerum et explicabo modi dolores natus. Ut debitis nisi rerum.',1,0,NULL,56,6,81,8021,'2013-11-07 17:18:59','2020-12-29 17:38:52'),(86,71,'Et ut assumenda eos voluptatibus laborum nihil. Officia et voluptate autem vel voluptas quas. Veritatis qui dignissimos occaecati non nemo autem ut. Consequuntur velit suscipit iusto debitis sunt quis.',0,1,'2015-12-21 12:47:00',27,9,92,5305,'2000-12-06 17:59:22','2020-12-29 17:38:52'),(87,37,'Eos voluptatum quo architecto itaque. Natus labore adipisci debitis voluptatem saepe. Dolores eum optio qui ducimus quas officia voluptatem. Dolores voluptatibus natus voluptatem est.',0,0,NULL,2,1,1,14888,'1978-08-19 10:02:20','2020-12-29 17:38:52'),(88,73,'Animi ut quaerat numquam magni ea. Non amet cumque cum sint ut distinctio nobis. Quaerat minus quibusdam tempore ut laudantium sit commodi. Quisquam est repellat enim hic sapiente.',0,1,'1979-11-29 14:16:13',96,9,2,11646,'1972-05-10 10:11:20','2020-12-29 17:38:52'),(89,53,'Harum qui ut nam nam voluptatem. Et aut qui dignissimos laudantium placeat illo et. Temporibus alias impedit omnis dolor perspiciatis. Atque omnis voluptatem quisquam eos. Natus atque est quos voluptas molestiae.',1,0,NULL,83,9,45,13472,'1979-09-20 02:40:30','2020-12-29 17:38:52'),(90,43,'Dolorem non voluptatem vel et dolor. Aut sed aliquid labore voluptatibus ducimus est. Qui tenetur consequatur accusamus distinctio aut corporis.',0,0,NULL,15,1,64,2342,'2011-06-29 22:41:57','2020-12-29 17:38:52'),(91,59,'Minima ad in perferendis nemo consequatur ut. Pariatur aut sed animi voluptatem est alias dolorem et. Minima maxime et et qui quibusdam.',1,1,'2010-07-09 05:16:17',87,10,68,12020,'1972-09-19 10:56:51','2020-12-29 17:38:52'),(92,63,'Facere commodi odit porro et. Eos sunt magnam voluptate culpa eum. Ut non atque aut mollitia adipisci quasi.',0,0,NULL,100,7,78,3115,'2016-03-31 10:10:08','2020-12-29 17:38:52'),(93,40,'Quibusdam est animi id perspiciatis ea laborum. Asperiores dolorem dolores corporis cumque illo laborum. Aut qui velit repudiandae cum.',1,0,NULL,73,1,87,4632,'2017-07-17 15:57:27','2020-12-29 17:38:52'),(94,8,'Ad est sint qui odio. Assumenda excepturi soluta quia nihil nobis iusto similique. Neque dolorem ea iusto veniam sit laboriosam qui. Consequatur repellat facilis laudantium vel qui. Facere eum accusamus voluptas quibusdam fuga fugit sed et.',1,0,NULL,95,9,9,1330,'2016-12-13 16:07:09','2020-12-29 17:38:52'),(95,22,'Et delectus molestiae nisi soluta labore cum quia ullam. Vitae vel doloremque dignissimos. Vel voluptate officia mollitia temporibus.',0,1,'1978-08-25 03:48:00',19,8,67,5845,'2005-10-01 03:25:46','2020-12-29 17:38:52'),(96,83,'Est nesciunt illum modi. Esse minus velit quam nesciunt voluptas nam eligendi. Nulla sit non cupiditate est quis repellendus. Dolor aliquam qui fugit blanditiis ipsum.',0,1,'2017-10-18 09:12:30',96,7,28,7035,'2008-10-13 11:40:06','2020-12-29 17:38:52'),(97,51,'Praesentium quae qui autem. Sint nobis in assumenda eaque a voluptatem odit. Dolorem voluptas non quibusdam et placeat debitis et excepturi. Est omnis aliquam consectetur explicabo perferendis similique.',1,0,NULL,53,3,60,4293,'1988-07-11 06:31:45','2020-12-29 17:38:52'),(98,5,'Repudiandae est doloribus sit nesciunt accusamus voluptas deleniti. Dolore et facere dolor eum dolor minus. Illo in aspernatur adipisci ipsum eveniet repudiandae. Laboriosam impedit sed quia et unde expedita aut.',0,1,'1988-11-24 09:02:36',64,4,62,2399,'1995-05-01 11:57:45','2020-12-29 17:38:52'),(99,73,'Fugit id illo quia aliquid dicta possimus. Est et aliquid quidem. Dolor aut ut ab sunt.',0,1,'2007-08-21 18:02:50',97,4,73,10170,'2017-11-22 13:09:00','2020-12-29 17:38:52'),(100,47,'Est aut iure nobis fugit eum labore praesentium sunt. Neque est libero voluptatem tempore. Deserunt enim et quam eum et optio debitis. Assumenda eligendi quod tenetur porro. Voluptatem neque veniam natus impedit eum.',0,1,'1977-10-22 17:46:09',21,11,31,8811,'1986-09-12 05:29:25','2020-12-29 17:38:52');
/*!40000 ALTER TABLE `posts` ENABLE KEYS */;
UNLOCK TABLES;

--
-- Table structure for table `profiles`
--

DROP TABLE IF EXISTS `profiles`;
/*!40101 SET @saved_cs_client     = @@character_set_client */;
/*!50503 SET character_set_client = utf8mb4 */;
CREATE TABLE `profiles` (
  `user_id` int unsigned NOT NULL COMMENT 'Ссылка на пользователя',
  `gender` char(1) CHARACTER SET utf8 COLLATE utf8_unicode_ci NOT NULL COMMENT 'Пол',
  `birthday` date DEFAULT NULL COMMENT 'Дата рождения',
  `photo_id` int unsigned DEFAULT NULL COMMENT 'Ссылка на основную фотографию пользователя',
  `status` varchar(30) CHARACTER SET utf8 COLLATE utf8_unicode_ci DEFAULT NULL COMMENT 'Текущий статус',
  `city` varchar(30) CHARACTER SET utf8 COLLATE utf8_unicode_ci DEFAULT NULL COMMENT 'Город проживания',
  `country` varchar(30) CHARACTER SET utf8 COLLATE utf8_unicode_ci DEFAULT NULL COMMENT 'Страна проживания',
  `nickname` varchar(30) CHARACTER SET utf8 COLLATE utf8_unicode_ci DEFAULT NULL COMMENT 'Никнейм профиля',
  `created_at` datetime DEFAULT CURRENT_TIMESTAMP COMMENT 'Время создания строки',
  `updated_at` datetime DEFAULT CURRENT_TIMESTAMP ON UPDATE CURRENT_TIMESTAMP COMMENT 'Время обновления строки',
  PRIMARY KEY (`user_id`)
) ENGINE=InnoDB DEFAULT CHARSET=utf8 COLLATE=utf8_unicode_ci COMMENT='Профили';
/*!40101 SET character_set_client = @saved_cs_client */;

--
-- Dumping data for table `profiles`
--

LOCK TABLES `profiles` WRITE;
/*!40000 ALTER TABLE `profiles` DISABLE KEYS */;
INSERT INTO `profiles` VALUES (0,'5','1994-09-15',539,'Incidunt explicabo illo conseq','Kirlinfort','Saint Vincent and the Grenadin','facilis','1973-02-12 08:11:58','1972-01-15 03:14:29'),(2,'8','2009-02-24',21445,'Excepturi consequatur debitis ','New Weldon','Zimbabwe','quidem','1973-09-11 10:53:12','1989-05-23 16:38:31'),(3,'','2009-10-10',27,'Rerum aut dolorem voluptas tot','Haleystad','Burundi','in','1992-10-27 18:06:24','1971-01-10 17:44:18'),(5,'','1981-04-26',1216,'Ad quia omnis eius dolores off','North Kenyattaville','France','consequuntur','2013-02-26 21:46:07','1974-11-15 15:20:04'),(6,'9','1996-09-04',43709807,'Aspernatur repellendus dolor a','Halvorsonhaven','Cook Islands','qui','2019-11-04 06:12:24','1991-08-02 01:12:02'),(7,'4','1985-08-20',1620033,'Aperiam velit porro quod quia ','North Raven','Kiribati','itaque','1995-05-22 04:35:12','2015-12-31 21:06:27'),(8,'1','2006-08-25',49,'Laboriosam distinctio quod tem','Mackfurt','El Salvador','natus','1972-03-09 15:56:58','1998-08-28 23:34:43'),(9,'','2002-04-10',72207292,'Reprehenderit enim perspiciati','Schulistmouth','Guernsey','hic','1992-11-08 13:10:40','1990-03-29 16:07:50'),(13,'7','2010-04-18',94181001,'Quia veniam omnis vel ut conse','West Kathleen','Guam','maxime','1975-04-01 12:30:29','2006-07-06 14:43:56'),(40,'3','1986-01-30',90573636,'Voluptas expedita quia quas su','Ziemetown','Hong Kong','aut','2007-08-26 23:16:03','1993-04-29 07:41:22'),(52,'7','2008-08-16',9,'Praesentium illo sint beatae e','Aylaside','Lebanon','earum','2013-10-17 04:57:51','2016-11-10 17:45:30'),(57,'5','1973-03-11',3,'Numquam sed quia laudantium re','New Manuelborough','Georgia','veniam','1983-02-02 10:44:42','1994-03-30 22:58:27'),(59,'7','1999-01-07',768,'Labore mollitia et corporis pa','Funkland','Sierra Leone','enim','2005-03-02 12:44:50','2006-02-22 07:33:04'),(63,'3','1992-11-13',87382,'Repudiandae animi consectetur ','Boehmstad','Niue','et','2012-02-09 04:21:44','2005-03-01 09:24:23'),(75,'8','1975-08-23',626806835,'Recusandae qui aspernatur maio','New Nellaview','Uganda','ut','2010-08-09 09:31:16','1975-10-02 15:19:23'),(76,'4','1999-08-12',0,'Magnam ipsa est sed. Illo prae','Sigridhaven','Andorra','odio','1981-11-27 03:13:54','2017-11-09 08:14:24'),(77,'6','2015-12-19',78757947,'Quisquam molestias quisquam oc','Mitchellburgh','Cayman Islands','ut','2005-06-28 15:39:59','1990-06-19 17:32:11'),(78,'6','1991-06-22',4817,'Laborum sunt architecto enim e','Masonchester','Bermuda','et','1999-01-18 20:33:59','2006-04-04 19:36:21'),(82,'7','1977-11-10',91978686,'Consequatur suscipit velit min','O\'Connellmouth','Burkina Faso','velit','1998-12-11 14:39:48','1999-09-22 13:38:24'),(94,'6','1992-09-05',2,'Quae sapiente aut consequatur ','Lockmanbury','Switzerland','non','2013-05-21 20:19:59','2014-12-25 04:04:27'),(265,'','1984-09-15',302981,'Laudantium at est dolor volupt','Port Vivianbury','Myanmar','rerum','1973-07-04 07:15:34','2006-12-01 20:28:27'),(283,'1','2002-11-30',6277668,'Esse autem tempora repellat se','North Isabelleburgh','Gambia','nulla','1990-05-30 21:15:19','2015-12-05 11:10:42'),(347,'8','2000-06-03',831494479,'Quas nam similique eius occaec','North Pete','Rwanda','nobis','1979-03-23 00:46:44','1979-10-06 15:12:43'),(364,'9','2016-05-03',0,'Dignissimos omnis quidem fugit','Schinnerbury','Martinique','est','1978-09-12 22:39:45','1980-03-02 12:20:12'),(379,'1','2001-07-06',9229,'Qui assumenda et inventore omn','Jarretton','Costa Rica','dolores','1978-03-27 00:24:57','2000-01-09 14:15:40'),(413,'2','1971-07-01',29725,'Magni dolor numquam magni assu','South Wilhelmine','American Samoa','totam','2001-05-12 02:07:15','1998-10-15 03:25:47'),(598,'3','1995-06-25',610,'Doloribus et delectus rerum re','Gislasonport','Belgium','est','2007-08-06 08:26:01','2003-08-25 12:07:01'),(616,'6','1985-02-08',143468,'Exercitationem expedita quibus','Ryanport','Singapore','eaque','1982-05-26 04:27:51','1977-12-27 00:11:16'),(674,'5','1996-02-11',4928,'Dolores recusandae ullam qui q','West Ralph','Pakistan','eligendi','2000-11-06 15:17:01','2018-02-01 08:24:02'),(937,'','2000-07-11',31,'Nemo vitae velit necessitatibu','Barrowston','Mongolia','id','1978-03-27 16:44:00','1974-04-26 15:04:34'),(1408,'9','1976-05-22',61232,'Quae voluptas tenetur providen','East Raphael','Venezuela','quos','1988-06-11 17:55:31','2014-12-06 12:19:11'),(1539,'6','1979-06-19',361969163,'Officiis voluptatem ullam perf','Colefort','Gambia','illum','1974-09-28 16:50:25','2008-12-20 05:45:46'),(2561,'5','1991-07-07',8,'Omnis iusto ea omnis quidem au','New Nikita','Haiti','molestiae','1972-08-10 22:23:18','1971-06-16 09:13:45'),(2564,'9','2009-02-13',366,'Laboriosam labore unde commodi','North Yolandachester','Mali','eum','1990-01-03 04:09:21','2020-11-22 17:23:03'),(3451,'9','1977-09-27',79020661,'Ad dolor vel laudantium facere','West Gregory','Guinea-Bissau','ea','1975-02-06 01:55:40','1973-03-23 11:23:18'),(4220,'2','1999-09-28',0,'Est exercitationem commodi quo','West Sarinaborough','Austria','velit','2008-09-01 06:35:55','1978-01-22 20:49:27'),(4535,'4','1989-01-02',62634,'Fuga voluptatibus id qui vel. ','Montanaside','Costa Rica','est','1983-10-28 18:05:16','2011-12-12 07:19:55'),(5285,'8','1980-09-26',327138587,'Delectus repellendus dolorem u','North Cyrilbury','Latvia','nam','2004-12-09 14:12:32','1979-01-27 11:36:16'),(5331,'1','2003-09-17',80518746,'Est doloremque labore aspernat','North Rowan','Korea','ullam','1977-11-26 22:01:21','1971-03-13 04:21:12'),(6193,'8','1981-12-19',0,'Quos quisquam cupiditate tempo','Konopelskishire','Russian Federation','excepturi','2015-08-11 03:11:18','1984-08-18 19:10:03'),(6410,'1','2019-07-11',23876,'Velit asperiores quia voluptat','West Keshaun','Niger','architecto','1989-03-10 16:15:54','2002-12-18 23:37:17'),(6445,'6','2008-10-30',292,'Ea suscipit cum id sapiente ex','Schmelerfort','Turkmenistan','aliquid','1976-01-05 15:25:43','1999-12-25 19:10:37'),(6564,'','2016-03-14',724110268,'Consequuntur iure velit et et ','Dareberg','Cameroon','mollitia','2009-10-11 15:35:25','2007-03-22 17:44:34'),(7708,'5','2012-03-09',78,'Rem molestiae ut voluptatem de','South Monicashire','Eritrea','natus','1992-09-10 22:49:13','2018-12-24 10:06:02'),(7832,'8','1977-01-19',294129,'Ullam aliquid nam placeat volu','Elianview','Gabon','eaque','2015-08-15 10:54:20','1993-12-25 08:42:54'),(8558,'8','2007-01-27',2700,'Doloremque autem omnis reicien','Rubieview','Dominica','nam','1987-08-22 08:55:30','2015-05-16 16:31:07'),(9616,'4','2009-02-28',772,'Id nisi quasi perspiciatis tem','South Abbigail','Trinidad and Tobago','est','1975-07-11 03:35:04','1975-09-09 21:39:53'),(9828,'6','1977-06-25',9362754,'Fuga quam fugit odio cumque at','North Malindafurt','Vietnam','eaque','1984-10-29 07:49:51','1994-06-21 07:15:54'),(10823,'8','2001-01-20',98121279,'Doloremque voluptates deserunt','Muellermouth','Azerbaijan','aut','2002-08-06 17:40:41','1982-09-12 01:06:23'),(13898,'4','2004-12-11',5,'Dolorum non voluptatem quod qu','Julienfort','Gambia','voluptatem','2018-08-29 14:29:19','1982-01-03 16:40:55'),(15940,'6','1992-11-02',58,'Quae ut quia modi quis exceptu','Lake Emilio','Barbados','reprehenderit','2003-10-18 21:14:11','2010-07-27 06:42:25'),(28423,'3','2013-07-03',28047,'Ea nobis deleniti nostrum impe','Elvaburgh','Jamaica','a','2000-04-01 12:06:46','2018-06-02 09:47:58'),(28584,'8','1982-11-12',2312520,'Vel culpa doloribus similique ','North Emiliechester','Pakistan','ea','1971-02-17 15:54:48','1991-06-13 07:50:09'),(56770,'1','1994-11-01',7677,'Aliquid vel delectus repellend','Jesseberg','Netherlands','amet','1995-11-21 07:39:57','1996-11-29 02:37:55'),(63214,'2','2001-05-19',9460,'Saepe facilis dolor ut nulla. ','Cruickshankburgh','Pakistan','fuga','2007-05-10 23:48:40','1971-04-24 20:56:36'),(65887,'','1986-06-29',30,'Deleniti qui tenetur voluptatu','Joelleview','Greenland','eaque','1976-11-28 08:34:05','1971-04-23 20:42:36'),(84867,'2','2020-09-26',191,'Iure mollitia molestiae eum an','Durganville','Cuba','consequatur','1989-10-26 12:40:33','2012-03-03 12:29:41'),(85408,'4','1988-03-20',0,'Sit doloribus ipsum dolorem ne','Quigleyview','United States of America','maiores','1978-07-14 21:02:43','1976-12-22 03:14:02'),(85535,'6','2006-10-05',128396,'Enim voluptas fuga est velit. ','Gailshire','Western Sahara','dolorem','2017-03-13 23:15:12','1999-10-01 06:34:34'),(95449,'6','1981-08-19',769505213,'Soluta amet qui provident dolo','Stantonfort','Reunion','dolorem','1995-12-06 05:51:51','2016-05-22 03:58:24'),(219342,'6','2001-07-04',20182140,'Rerum sunt accusamus aut accus','Aryannahaven','Saint Martin','tempora','1989-04-28 19:52:23','1975-04-23 22:06:17'),(432344,'8','2003-02-21',1,'Natus aliquid consectetur rem ','Hettingerhaven','Lithuania','molestiae','2010-11-07 07:45:34','2019-06-26 02:00:17'),(637527,'4','1997-10-13',2441812,'Quia temporibus animi et omnis','Port Janelleborough','Western Sahara','et','1978-08-07 19:27:53','1977-08-30 20:34:11'),(695610,'8','1988-02-03',98,'Dolores quod veritatis ducimus','North Jaida','Christmas Island','saepe','1984-09-10 02:16:19','1972-12-30 11:51:08'),(879869,'2','2006-07-19',637,'Esse labore molestiae hic impe','South Maiyaberg','Nauru','molestias','1993-06-03 16:07:12','2009-06-08 08:17:35'),(951718,'9','1982-12-01',13,'Ut ut aut necessitatibus at of','Lake Keira','Turkmenistan','molestias','2004-12-07 02:49:22','2008-01-12 03:09:52'),(965917,'6','2017-02-20',637501409,'Sit sint sit voluptate incidun','East Darwinstad','Mongolia','voluptates','1991-06-01 19:50:21','1987-07-15 00:07:59'),(2053121,'8','1976-02-16',74571956,'Tenetur quo laboriosam expedit','Shieldsville','Myanmar','quae','2017-03-07 18:05:13','1974-06-19 23:53:48'),(3516518,'5','2006-10-31',263717,'Et id in sed vitae. Et ullam d','Rafaelaberg','Montserrat','omnis','1974-09-26 00:04:17','2002-12-19 22:16:16'),(4674598,'','2016-12-21',8245,'Vel enim numquam veritatis vol','Port Alexandria','Oman','sed','1989-11-17 05:58:36','1979-08-20 02:07:24'),(5117533,'3','2016-03-04',9551391,'Praesentium dicta dolores elig','West Bernardoton','Burundi','at','1997-08-12 02:49:09','2007-06-25 07:28:32'),(5824419,'3','1970-12-14',19317765,'Quasi impedit unde exercitatio','Rennershire','Vanuatu','numquam','1972-11-29 04:27:47','1985-07-30 02:11:19'),(5890713,'9','2016-09-25',1,'Est nemo ad eum voluptatem et ','Lillastad','Taiwan','recusandae','2003-09-11 12:18:44','1979-05-31 14:27:16'),(7012554,'7','2020-03-19',737838181,'Asperiores et et velit ullam a','Demetrisberg','Gambia','inventore','1995-05-09 01:57:51','1980-07-23 07:37:15'),(7047090,'','2007-08-01',367,'Enim aut optio eius. Reprehend','Port Rosiebury','Moldova','eos','2008-11-11 11:43:44','2019-07-17 21:53:00'),(8375641,'6','2000-06-12',4570875,'Fugit sint sit non sunt. Quae ','Isabellfurt','Syrian Arab Republic','molestiae','2000-03-12 19:21:41','2007-10-20 08:07:48'),(8412414,'3','2007-08-19',22022841,'Vel quia vel et repellat dolor','Ollieborough','Israel','in','1990-10-10 03:04:11','1974-11-25 19:03:29'),(20030184,'2','1993-06-29',96503,'Dolore numquam illum quia labo','Faheychester','Comoros','at','1994-01-02 07:09:08','1976-01-19 03:23:02'),(43945797,'9','1999-07-22',950953122,'Voluptatem incidunt repudianda','Blickton','Burundi','et','1999-05-15 16:06:57','2013-04-18 01:05:55'),(46687877,'5','1977-05-28',3189,'Expedita dolorem molestiae qua','Nikoborough','Reunion','et','1980-01-14 03:05:11','1997-09-21 05:03:54'),(53601839,'6','1999-01-09',794,'Dolores error magnam et volupt','North Graysonstad','Eritrea','et','1989-02-19 00:33:32','2005-08-02 02:41:57'),(54863369,'5','2004-02-20',948,'Nihil molestias quia est volup','New Rafaela','Cameroon','necessitatibus','2004-03-26 19:28:51','2005-07-02 10:53:41'),(60637912,'3','2000-01-18',9,'Tempora et laudantium asperior','Port Mathiasstad','Kyrgyz Republic','architecto','1972-06-11 19:52:56','2005-03-06 23:53:37'),(69698570,'9','1992-05-29',0,'Eveniet non magni inventore se','Lake Adalbertoborough','Lithuania','at','2009-12-03 11:30:54','2002-03-04 21:18:46'),(76294543,'9','2016-03-12',34,'Magnam impedit quidem quo est ','Lake Christinafort','Guinea','tenetur','2013-04-18 07:19:00','1992-08-09 15:42:10'),(78094708,'6','2001-12-03',200925,'Soluta quia et minima. Molesti','Aufderharfurt','Australia','sint','2001-04-09 19:40:40','1999-08-25 08:58:43'),(83462073,'3','2008-10-04',0,'Et quis voluptas quibusdam per','Carrollchester','Greenland','vero','1981-01-19 22:03:14','2001-04-16 07:53:55'),(84954383,'4','2011-09-24',64,'Veniam et sunt quo nulla expli','Port Dejahport','Guyana','qui','2013-10-25 22:05:40','1984-01-15 00:52:29'),(85895241,'','1989-07-07',6330514,'Consequatur ex illo quaerat. C','Schaeferfurt','French Polynesia','vel','1982-05-30 12:24:50','2018-06-02 09:41:17'),(102860410,'4','1992-02-22',0,'Nesciunt eveniet nostrum commo','Lake Maureenmouth','Marshall Islands','et','1995-04-27 04:06:46','2007-07-15 15:53:11'),(159272823,'2','2019-05-19',87,'Saepe ut ut repudiandae corrup','North Ezra','Grenada','provident','1991-10-18 15:36:32','1976-05-09 19:15:11'),(200526279,'9','1987-07-09',1,'Explicabo sequi aspernatur est','Santinomouth','Western Sahara','sed','1997-08-30 15:55:48','1976-10-31 05:21:59'),(216673969,'6','1977-09-17',603,'Fuga repellendus quod voluptat','Sydneyport','Jamaica','libero','2016-06-18 05:09:46','1998-01-14 08:30:32'),(256050403,'8','1978-11-12',83447,'Eius et aut qui quos aut illo ','West Sophie','Uruguay','atque','1998-07-16 20:02:35','2010-01-08 04:32:15'),(306930646,'2','1980-12-06',6175880,'Vitae earum praesentium sed te','Adrielfort','Argentina','nulla','2017-12-01 18:02:53','1988-12-12 12:56:08'),(310535775,'','2019-10-07',68428,'Vel non incidunt perferendis v','Mitchellland','Turkey','placeat','1986-02-12 19:49:37','2020-12-21 01:39:50'),(364910289,'7','2010-06-08',736034131,'Est animi et dignissimos accus','Port Ernestine','United Arab Emirates','alias','2002-04-08 08:14:25','1977-01-15 16:35:47'),(660925309,'2','2014-03-28',785877,'Maiores eveniet exercitationem','Lake Francesco','San Marino','totam','2002-05-20 18:16:57','2004-12-12 23:01:06'),(887096910,'9','2019-08-20',5563929,'Blanditiis possimus quis autem','Abrahamport','Aruba','eos','1991-01-22 12:20:36','1981-01-28 23:08:30'),(902762812,'4','1984-06-17',252,'Inventore commodi nesciunt dol','Corkerychester','Ethiopia','blanditiis','1985-08-07 20:35:04','1982-02-05 04:21:29');
/*!40000 ALTER TABLE `profiles` ENABLE KEYS */;
UNLOCK TABLES;

--
-- Table structure for table `users`
--

DROP TABLE IF EXISTS `users`;
/*!40101 SET @saved_cs_client     = @@character_set_client */;
/*!50503 SET character_set_client = utf8mb4 */;
CREATE TABLE `users` (
  `id` int unsigned NOT NULL AUTO_INCREMENT COMMENT 'Идентификатор строки',
  `first_name` varchar(50) CHARACTER SET utf8 COLLATE utf8_unicode_ci NOT NULL COMMENT 'Имя пользователя',
  `last_name` varchar(50) CHARACTER SET utf8 COLLATE utf8_unicode_ci NOT NULL COMMENT 'Фамилия пользователя',
  `email` varchar(50) CHARACTER SET utf8 COLLATE utf8_unicode_ci NOT NULL COMMENT 'Почта',
  `phone` varchar(10) CHARACTER SET utf8 COLLATE utf8_unicode_ci NOT NULL COMMENT 'Телефон',
  `created_at` datetime DEFAULT CURRENT_TIMESTAMP COMMENT 'Время создания строки',
  `updated_at` datetime DEFAULT CURRENT_TIMESTAMP ON UPDATE CURRENT_TIMESTAMP COMMENT 'Время обновления строки',
  PRIMARY KEY (`id`),
  UNIQUE KEY `email` (`email`),
  UNIQUE KEY `phone` (`phone`)
) ENGINE=InnoDB AUTO_INCREMENT=101 DEFAULT CHARSET=utf8 COLLATE=utf8_unicode_ci COMMENT='Пользователи';
/*!40101 SET character_set_client = @saved_cs_client */;

--
-- Dumping data for table `users`
--

LOCK TABLES `users` WRITE;
/*!40000 ALTER TABLE `users` DISABLE KEYS */;
INSERT INTO `users` VALUES (1,'Wendell','Crooks','daniel.jacynthe@example.org','(450)249-5','1999-11-21 16:28:45','2020-04-16 08:21:18'),(2,'Shayne','Hahn','ndare@example.com','601-046-60','2012-02-20 10:27:20','1987-07-12 22:46:55'),(3,'Zackery','Luettgen','malachi.casper@example.net','394-040-65','1989-07-13 00:49:37','1992-06-25 14:28:40'),(4,'Wyman','Fahey','smith.abel@example.net','478.838.46','1975-12-31 07:05:24','1988-05-19 22:39:05'),(5,'Celia','Kuhn','klakin@example.com','1-395-987-','1994-02-16 06:39:29','1999-02-12 13:17:13'),(6,'Maude','Runte','marilou71@example.com','1-864-805-','2017-10-12 18:36:12','1999-06-14 14:36:16'),(7,'Francisco','Farrell','powlowski.muhammad@example.org','(465)625-2','1986-10-08 00:32:12','1972-09-10 11:51:52'),(8,'Edgar','Gutkowski','juana38@example.org','(324)703-1','2006-09-23 06:23:21','2016-06-09 01:30:57'),(9,'Danielle','Spencer','hayes.madisen@example.org','1-483-529-','1983-01-07 13:16:48','2011-07-24 00:56:48'),(10,'Joan','Okuneva','bechtelar.yesenia@example.net','(987)399-7','1976-02-29 01:21:09','1999-06-29 21:46:03'),(11,'Cortney','Feil','genevieve.nienow@example.org','157-637-68','2014-08-19 21:40:59','2015-11-15 02:33:54'),(12,'Angus','Hartmann','brooks79@example.net','1-986-557-','2006-07-08 18:10:35','1993-10-24 04:58:42'),(13,'Ramiro','Hauck','geovanni01@example.com','1-081-063-','1982-12-10 16:07:55','1975-02-18 09:43:48'),(14,'Dee','Pagac','idach@example.net','(999)630-7','1973-10-27 04:58:48','1990-12-10 16:01:25'),(15,'Reba','Dooley','nwisozk@example.org','825-589-77','2010-01-14 16:41:39','2014-05-12 21:24:35'),(16,'Fernando','Daniel','osinski.krystina@example.net','122.247.42','1993-04-05 22:35:19','1981-02-28 06:24:49'),(17,'Trevor','Hilll','bartoletti.raymond@example.net','334-385-83','2013-08-21 01:10:41','2011-06-03 13:05:05'),(18,'Winona','Luettgen','haley.cyril@example.net','(488)488-3','2018-08-09 02:06:04','1983-02-04 08:23:58'),(19,'Leonie','Champlin','van.hoeger@example.com','(543)116-4','2015-08-23 20:45:04','2012-02-13 21:08:34'),(20,'Avis','Senger','xmccullough@example.org','1-658-534-','2013-02-26 20:30:24','1987-08-14 12:56:08'),(21,'Emie','Corkery','devante04@example.net','339.784.55','1992-07-14 11:10:35','1972-09-14 00:27:56'),(22,'Margret','O\'Hara','curtis62@example.org','150.046.09','1986-10-08 04:27:31','1975-03-01 06:09:30'),(23,'Candice','Robel','williamson.bud@example.com','0660878997','1999-03-18 23:59:03','1972-11-03 11:50:17'),(24,'Rosemary','Pacocha','reta07@example.net','1-194-109-','2020-11-03 15:51:11','1976-09-29 14:38:20'),(25,'Sarai','Sipes','mariane.crist@example.com','(818)152-0','1997-08-06 07:44:28','1991-11-19 05:14:12'),(26,'Maria','Rohan','nfriesen@example.net','623-434-64','2017-04-30 07:31:38','1994-11-02 15:34:10'),(27,'Serenity','Ebert','georgette.heathcote@example.com','426-030-29','1976-06-03 02:42:40','1976-06-21 12:25:58'),(28,'Jared','Metz','marlene51@example.com','+04(2)3799','2012-11-12 20:02:20','1981-02-06 14:59:11'),(29,'Olen','Schinner','sanford.rozella@example.com','504.511.08','1996-11-16 23:12:18','2011-04-02 09:33:27'),(30,'Jordy','Rempel','eda88@example.com','+25(6)9845','2003-08-29 20:12:22','2006-03-26 00:47:52'),(31,'Jammie','Bins','marlin.zieme@example.org','263-907-16','2000-05-18 12:33:57','2002-04-04 17:50:36'),(32,'Tony','Koepp','kylie93@example.com','387.041.65','1990-09-11 15:14:11','2006-07-11 10:16:44'),(33,'Yasmine','Barrows','wolff.silas@example.org','+76(0)7295','1982-03-20 20:18:08','2007-07-18 12:02:54'),(34,'Melyna','Orn','lockman.jailyn@example.org','233-631-38','2018-10-16 05:58:54','2012-01-28 15:42:32'),(35,'Emelia','Roberts','brandi.deckow@example.net','1-159-030-','1982-08-13 11:48:34','2014-01-03 12:05:39'),(36,'Nyah','Kozey','pete.jast@example.com','521-641-37','1973-12-26 15:28:57','1985-09-24 18:15:56'),(37,'Andres','Nienow','breanna.dach@example.net','(510)478-1','1999-10-31 19:05:54','1993-09-03 06:18:45'),(38,'Myrtice','Lakin','gerda.gutmann@example.org','(443)794-4','1980-10-11 10:14:13','1978-01-31 06:16:42'),(39,'Anabel','Mertz','norbert.greenholt@example.org','122-806-23','1988-02-16 08:25:53','1970-01-04 08:00:53'),(40,'David','Boyer','quitzon.madisyn@example.com','+16(0)6629','1976-07-18 11:12:47','1993-12-16 02:50:09'),(41,'Keeley','Stoltenberg','kmiller@example.net','259-517-57','1991-07-08 04:24:58','1985-05-22 23:06:24'),(42,'Kaycee','Cummings','vickie.christiansen@example.net','(940)946-8','1985-04-20 00:47:57','2018-03-04 22:00:14'),(43,'Raheem','Corwin','everardo.lebsack@example.com','209.503.50','1999-11-24 11:23:50','1987-08-16 12:55:00'),(44,'Trystan','Kshlerin','samanta72@example.com','546-933-74','1976-07-17 11:30:23','2006-03-18 07:22:23'),(45,'Erling','Gutkowski','xbeatty@example.com','+31(2)4450','1994-01-26 06:03:04','1983-12-29 16:30:37'),(46,'Colleen','Abernathy','mayert.gerry@example.com','0301008305','2010-12-30 17:56:58','2007-02-28 12:02:04'),(47,'Herminio','Trantow','bode.rudy@example.com','0740769897','2018-09-23 20:56:41','1978-09-14 19:04:32'),(48,'Marlin','Tromp','sylvester53@example.com','064.596.46','2017-03-05 02:35:04','2017-08-07 15:35:33'),(49,'Euna','Klein','camille68@example.com','0442447305','1991-03-31 03:40:57','1993-04-25 13:36:04'),(50,'Julia','Lindgren','dallin46@example.net','1-680-073-','2004-05-22 17:08:21','2012-04-26 07:24:57'),(51,'Emery','West','jerome.gerlach@example.net','(473)025-0','2015-12-09 12:56:30','2006-09-12 12:21:20'),(52,'Pamela','Bechtelar','dolores56@example.net','(040)807-7','1979-12-08 19:44:16','2011-03-02 12:25:31'),(53,'Josiane','Maggio','owhite@example.net','600-756-40','1981-08-28 22:46:26','1970-02-22 09:23:20'),(54,'Geovany','Skiles','febert@example.net','(588)346-2','1982-04-27 21:38:28','1995-02-20 00:23:12'),(55,'Lenore','Dietrich','wyman.schroeder@example.net','0953888864','2003-03-28 10:49:02','1985-03-28 05:24:39'),(56,'Raphael','Wiza','xwalter@example.com','755-191-33','1988-09-29 11:20:48','1990-11-01 21:39:26'),(57,'Andres','Jones','devante34@example.net','1-682-814-','2012-06-22 22:38:49','1998-12-21 12:30:39'),(58,'Deshawn','Toy','lucy.zemlak@example.net','788-861-14','1975-03-19 05:57:55','2011-04-18 18:25:40'),(59,'Perry','Turcotte','xebert@example.org','112-906-09','1981-11-18 18:41:05','1970-09-12 19:10:35'),(60,'Mona','Bashirian','waelchi.regan@example.net','068.666.68','2017-11-08 16:23:45','2019-01-10 00:52:40'),(61,'Lydia','Jaskolski','leola26@example.org','212.023.37','2016-07-01 21:04:45','2015-11-28 20:44:35'),(62,'Iliana','Shanahan','bertha.dibbert@example.net','769.074.32','1985-11-27 01:24:14','2018-03-18 20:09:41'),(63,'Brandyn','Homenick','uernser@example.com','511.390.64','1989-10-11 07:41:26','2019-12-22 07:26:15'),(64,'Alycia','Wisozk','maryam.rempel@example.net','+01(2)8107','2008-06-02 02:51:36','1985-12-28 10:43:48'),(65,'Velma','Treutel','abode@example.com','481-634-12','1980-03-21 13:26:56','2014-06-04 17:14:09'),(66,'Ephraim','DuBuque','jgleichner@example.net','+39(4)5636','1989-12-30 06:55:45','2005-10-06 01:14:23'),(67,'Abbigail','Langworth','laurine.bernhard@example.org','882.444.33','2007-04-02 01:13:08','2005-04-27 12:50:53'),(68,'Valerie','Willms','gwendolyn.kertzmann@example.com','892-868-65','1971-12-02 22:32:11','2016-03-13 08:57:40'),(69,'Danial','Wunsch','eric.mayert@example.com','131-394-22','2001-09-27 04:54:36','1979-04-19 08:53:52'),(70,'Marjory','Streich','kaden.breitenberg@example.com','964.337.16','2012-08-19 00:08:40','2005-05-26 09:05:53'),(71,'Madge','West','zolson@example.net','(427)886-3','1993-10-05 21:44:44','1984-04-22 02:34:23'),(72,'Rogelio','Braun','daniel.idell@example.com','740-227-97','1981-03-23 22:14:08','1970-02-06 11:25:20'),(73,'Bridgette','Kuhic','henry59@example.org','(192)052-0','1999-12-12 15:17:06','1993-08-29 19:54:37'),(74,'Stacy','Hirthe','zhartmann@example.net','880-314-11','2015-10-31 12:55:37','2000-12-06 19:17:22'),(75,'Twila','Abernathy','anabelle.boyer@example.org','(401)191-8','2012-11-30 20:00:46','2018-08-07 00:39:02'),(76,'Presley','Franecki','deangelo.sipes@example.com','(551)957-9','2018-12-31 17:48:06','2006-04-04 02:17:23'),(77,'Gussie','Green','roger40@example.org','1-689-053-','1975-05-13 06:41:01','2018-11-29 11:11:47'),(78,'Dorothea','Beatty','onikolaus@example.net','119.092.02','2017-07-25 21:56:07','1993-07-06 22:22:55'),(79,'Barney','Lesch','emerald39@example.net','476.060.82','1976-04-03 07:23:46','1979-07-01 03:53:37'),(80,'Gardner','O\'Keefe','urban.ryan@example.net','550.437.94','1988-02-17 10:06:18','1999-07-25 15:54:47'),(81,'Ethan','Willms','marjolaine.blanda@example.org','(570)146-0','1979-09-20 07:33:24','2017-07-28 08:33:18'),(82,'Lilian','Morissette','pfeffer.trever@example.com','1-309-029-','1998-08-11 20:45:28','1987-04-23 00:04:36'),(83,'Stanford','Luettgen','ray.block@example.com','1-597-237-','1975-01-25 10:26:35','1975-12-21 05:10:00'),(84,'Koby','Dare','jarvis.mills@example.com','947-571-81','2014-06-14 22:48:32','1988-07-09 08:54:20'),(85,'Albertha','Beatty','stark.bradly@example.net','1-563-388-','1984-11-15 10:14:41','1994-11-15 02:33:21'),(86,'Anissa','Senger','hermiston.marjolaine@example.net','(104)224-1','1993-07-04 01:22:48','1992-11-27 00:39:50'),(87,'Jarret','Crist','purdy.mohammad@example.net','371-765-73','1982-10-25 07:59:34','1985-11-18 06:01:16'),(88,'Jovany','Wyman','elinore.pagac@example.com','1-330-817-','1991-03-05 07:24:21','1988-05-19 15:16:03'),(89,'Dayana','Orn','rutherford.maiya@example.net','483.327.61','2012-03-28 14:39:06','1994-03-24 03:21:10'),(90,'Stewart','Reinger','branson.weber@example.com','1-965-021-','1971-08-03 03:01:27','1970-10-04 21:49:14'),(91,'Cecelia','Gorczany','mcarroll@example.net','1-160-294-','1989-08-22 22:46:01','2010-04-05 03:00:34'),(92,'Russel','Grady','ozboncak@example.net','1-925-952-','1973-06-13 03:48:11','1978-06-24 15:58:18'),(93,'Tomasa','Murazik','gertrude.mohr@example.org','870-853-95','1973-06-15 04:35:54','1979-03-10 00:37:37'),(94,'Raina','Satterfield','wrice@example.net','1-467-218-','2018-01-19 02:19:56','1973-10-24 18:23:11'),(95,'Susana','Schmeler','wreilly@example.org','(741)099-6','2002-06-30 03:49:44','2011-08-12 09:42:02'),(96,'Hans','Muller','shaylee.veum@example.com','374-122-04','1970-07-12 17:13:28','1989-08-06 10:59:04'),(97,'Keyshawn','Armstrong','roob.kristin@example.com','556.540.00','1997-11-26 00:41:02','1975-02-16 20:53:07'),(98,'Kyleigh','Pagac','rice.jaquelin@example.org','1-677-033-','2012-03-08 10:46:28','2019-12-02 04:14:17'),(99,'Annabell','Wilkinson','katelynn.durgan@example.net','0541689948','1972-07-07 12:06:54','2010-08-17 01:39:02'),(100,'Brett','Volkman','dalton67@example.org','137-159-17','1981-03-29 07:39:47','1984-12-05 21:05:23');
/*!40000 ALTER TABLE `users` ENABLE KEYS */;
UNLOCK TABLES;
/*!40103 SET TIME_ZONE=@OLD_TIME_ZONE */;

/*!40101 SET SQL_MODE=@OLD_SQL_MODE */;
/*!40014 SET FOREIGN_KEY_CHECKS=@OLD_FOREIGN_KEY_CHECKS */;
/*!40014 SET UNIQUE_CHECKS=@OLD_UNIQUE_CHECKS */;
/*!40101 SET CHARACTER_SET_CLIENT=@OLD_CHARACTER_SET_CLIENT */;
/*!40101 SET CHARACTER_SET_RESULTS=@OLD_CHARACTER_SET_RESULTS */;
/*!40101 SET COLLATION_CONNECTION=@OLD_COLLATION_CONNECTION */;
/*!40111 SET SQL_NOTES=@OLD_SQL_NOTES */;

-- Dump completed on 2020-12-29 20:46:10
